,loss,accuracy,f1,f1_scores,precision,precision_scores,recall,recall_scores,valid_loss,valid_accuracy,valid_f1,valid_f1_scores,valid_precision,valid_precision_scores,valid_recall,valid_recall_scores,hidden_dim,dropout_rate,learning_rate,seed,loss_function,gamma,k_fold,n_splits,batch_size,model_id,input_dim
0,,0.6911523938179016,0.6233328583975962,[0.78439628 0.5783278  0.50727449],0.6104164603618626,[0.82089165 0.58237082 0.42798691],0.6493224668884426,[0.75100783 0.57434053 0.62261905],,0.6899774670600891,0.6222099275856887,[0.78026402 0.58523369 0.50113208],0.6083429706658106,[0.81914684 0.58642534 0.41945673],0.6504192177038658,[0.74490526 0.58404687 0.62230553],"(128, 128)",0.5,0.001,0,focal,2,True,5,64,0.0,768
0,,0.6978438496589661,0.6217611401324116,[0.7946988  0.56460853 0.5059761 ],0.6148116072939757,[0.80773941 0.60176391 0.43493151],0.6395363495104522,[0.78207256 0.53177458 0.6047619 ],,0.6986486315727234,0.6241581425771244,[0.79068498 0.57538168 0.50640777],0.616192175188291,[0.80496388 0.6112519  0.43236074],0.6438169757532423,[0.77690383 0.54348806 0.61105904],"(128, 128)",0.5,0.001,1,focal,2,True,5,64,0.0,768
0,,0.6996282339096069,0.6260918471677548,[0.79145031 0.5781729  0.50865233],0.6174957850918515,[0.80634843 0.59159348 0.45454545],0.6399404647155272,[0.77709272 0.56534772 0.57738095],,0.6995495557785034,0.6255974065962048,[0.78913796 0.58339116 0.50426309],0.616336573797298,[0.80483271 0.5993346  0.44484241],0.6414410795670443,[0.77404362 0.568274   0.58200562],"(128, 128)",0.5,0.001,12,focal,2,True,5,64,0.0,768
0,,0.7000743746757507,0.6218614679144635,[0.7954681  0.56548191 0.5046344 ],0.6172209680573492,[0.80014395 0.60687285 0.4446461 ],0.6345188018425668,[0.79084657 0.5293765  0.58333333],,0.6997748017311096,0.6226089195659464,[0.79180949 0.5736211  0.50239617],0.6166329498803941,[0.79916242 0.61301896 0.43771747],0.6376918120848205,[0.78459063 0.53898152 0.58950328],"(128, 128)",0.5,0.001,123,focal,2,True,5,64,0.0,768
0,,0.6997769474983215,0.6251081113422366,[0.79431599 0.56935687 0.51165147],0.6175580256919904,[0.80694886 0.60039894 0.44532628],0.6415433153663389,[0.78207256 0.54136691 0.60119048],,0.6968468427658081,0.621456575937556,[0.78915279 0.57541371 0.49980323],0.6132264118058934,[0.80370714 0.60517156 0.43080054],0.639562654830636,[0.7751162  0.54844525 0.59512652],"(128, 128)",0.5,0.001,1234,focal,2,True,5,64,0.0,768
0,,0.6907063126564026,0.6162371219805187,[0.78593161 0.56849108 0.49428868],0.6063587161053975,[0.80725    0.57352044 0.43830571],0.6319753492913518,[0.76571022 0.56354916 0.56666667],,0.6989864706993103,0.6265641822039814,[0.78777309 0.58866213 0.50325733],0.6156568661489848,[0.80962264 0.59242355 0.44492441],0.6437380131459994,[0.76707186 0.58494817 0.579194  ],"(128, 128)",0.5,0.0001,0,focal,2,True,5,64,0.1,768
0,,0.6962081789970398,0.619780694649991,[0.79132007 0.56802201 0.5       ],0.611831356146325,[0.80480628 0.57953837 0.45114943],0.631982373043264,[0.7782784  0.55695444 0.56071429],,0.7018017768859863,0.6268192981838451,[0.79095121 0.58555658 0.5039501 ],0.6183410780542747,[0.80417513 0.5979333  0.4529148 ],0.6399281737722479,[0.77815517 0.57368184 0.56794752],"(128, 128)",0.5,0.0001,1,focal,2,True,5,64,0.1,768
0,,0.6929367780685425,0.6177403044625561,[0.78703592 0.56959707 0.49658793],0.6091385177242595,[0.80306022 0.58022388 0.44413146],0.6313621205748907,[0.77163861 0.55935252 0.56309524],,0.7029279470443726,0.6308792421067538,[0.79067642 0.59027619 0.51168512],0.6206279789074197,[0.80901609 0.59805735 0.4548105 ],0.646887318529282,[0.7731498  0.58269491 0.58481724],"(128, 128)",0.5,0.0001,12,focal,2,True,5,64,0.1,768
0,,0.6945725083351135,0.6191530416984238,[0.7902191  0.56671756 0.50052247],0.6101971635103373,[0.80712166 0.57747355 0.44599628],0.6335343236640743,[0.77400996 0.55635492 0.5702381 ],,0.698085606098175,0.6245464560612363,[0.7874246  0.58375171 0.50246305],0.6146282611983305,[0.80553478 0.59130837 0.44704164],0.6400224505080746,[0.77011083 0.57638576 0.57357076],"(128, 128)",0.5,0.0001,123,focal,2,True,5,64,0.1,768
0,,0.6956133842468262,0.618252987592658,[0.79195762 0.56464054 0.4981608 ],0.6106506623014829,[0.80435314 0.58169104 0.44590781],0.6309284033865763,[0.77993834 0.54856115 0.56428571],,0.7021396160125732,0.6274721594620207,[0.79150018 0.58433735 0.50657895],0.6189910476565831,[0.80435585 0.60133524 0.45128205],0.6415475219920238,[0.77904898 0.568274   0.57731959],"(128, 128)",0.5,0.0001,1234,focal,2,True,5,64,0.1,768
0,,0.6855018734931946,0.6196461607948934,[0.77694983 0.5749327  0.50705596],0.606061099741099,[0.81564537 0.57373134 0.42880658],0.6460455762223786,[0.74175954 0.57613909 0.6202381 ],,0.691216230392456,0.6254807942130441,[0.77915261 0.58916123 0.50812854],0.610968146254142,[0.81907765 0.58797127 0.42585551],0.6543660219317712,[0.74293886 0.59035602 0.62980319],"(128, 128)",0.5,0.0005,0,focal,2,True,5,64,0.2,768
0,,0.6963568925857544,0.6186464438334053,[0.79246641 0.56450598 0.49896694],0.6122089430889442,[0.80189366 0.59403974 0.44069343],0.632009341542654,[0.78325824 0.53776978 0.575     ],,0.701238751411438,0.6243858332755082,[0.79304726 0.57787174 0.5022385 ],0.6169308919149581,[0.80337491 0.60353288 0.44388489],0.6385141004511007,[0.78298177 0.55430374 0.57825679],"(128, 128)",0.5,0.0005,1,focal,2,True,5,64,0.2,768
0,,0.6981412768363953,0.6267800355602952,[0.78993435 0.58006788 0.51033787],0.6169018124664448,[0.81042654 0.59758423 0.44269466],0.6454610138915529,[0.77045293 0.56354916 0.60238095],,0.6985360383987427,0.6284421967975913,[0.78704215 0.58621479 0.51206965],0.6167104135506335,[0.81107739 0.59590317 0.44315068],0.6491999465129163,[0.76439042 0.57683641 0.60637301],"(128, 128)",0.5,0.0005,12,focal,2,True,5,64,0.2,768
0,,0.6960594654083252,0.6197478237003325,[0.79143098 0.5662613  0.50155119],0.6122799344486328,[0.80351906 0.5899935  0.44332724],0.6338155567215998,[0.77970121 0.54436451 0.57738095],,0.7005630731582642,0.6254710916385131,[0.79079043 0.57954012 0.50608273],0.6175563998025003,[0.80213314 0.60450318 0.44603288],0.6403794283881842,[0.77976403 0.55655701 0.58481724],"(128, 128)",0.5,0.0005,123,focal,2,True,5,64,0.2,768
0,,0.6963568925857544,0.6226541716371199,[0.78969646 0.57125307 0.50701299],0.6137289428654321,[0.80577493 0.58564232 0.44976959],0.6375844776260702,[0.7742471  0.55755396 0.58095238],,0.7004504799842834,0.6276945710682801,[0.78921389 0.58761225 0.50625757],0.6176512625284513,[0.80751964 0.6007533  0.44468085],0.6447941215553902,[0.7717197  0.5750338  0.58762887],"(128, 128)",0.5,0.0005,1234,focal,2,True,5,64,0.2,768
0,,0.6837174892425537,0.6208417568034919,[0.77278433 0.5794446  0.51029633],0.605631609836206,[0.82101894 0.55452055 0.44135534],0.6471264358478325,[0.72990277 0.60671463 0.6047619 ],,0.6849098801612854,0.620144386092934,[0.77191651 0.59009394 0.49842271],0.6044521814101965,[0.82248281 0.56064909 0.43022464],0.6474418961988603,[0.72720772 0.62280306 0.5923149 ],"(128, 128)",0.2,0.001,0,focal,2,True,5,64,0.3,768
0,,0.6850557327270508,0.6130057574138472,[0.77839165 0.56667623 0.49394939],0.6030940870221313,[0.80702648 0.54315558 0.4591002 ],0.6261897267646095,[0.75171923 0.59232614 0.53452381],,0.6930180191993713,0.6220249063033443,[0.78028404 0.58944659 0.49634409],0.6108781425419489,[0.81154663 0.56242325 0.45866455],0.6371023563021622,[0.75134072 0.61919784 0.54076851],"(128, 128)",0.2,0.001,1,focal,2,True,5,64,0.3,768
0,,0.6841635704040527,0.6145865924693895,[0.77833971 0.56516588 0.50025419],0.6020530751772681,[0.81105398 0.55854801 0.43655723],0.6352729774580012,[0.7481622  0.57194245 0.58571429],,0.6920045018196106,0.6233694144419935,[0.78192973 0.57928875 0.50888977],0.6098066702619234,[0.8144849  0.5750444  0.43989071],0.646344870886962,[0.75187701 0.58359621 0.60356139],"(128, 128)",0.2,0.001,12,focal,2,True,5,64,0.3,768
0,,0.6968029737472534,0.618905105524842,[0.79178606 0.56441327 0.500516  ],0.6139600947974536,[0.79730704 0.60286104 0.4417122 ],0.631432497553568,[0.786341   0.53057554 0.57738095],,0.7028152942657471,0.6237707782595417,[0.79437737 0.58402861 0.49290636],0.6183656928546769,[0.80087209 0.61993927 0.43428571],0.6366198442998834,[0.78798713 0.55205047 0.56982193],"(128, 128)",0.2,0.001,123,focal,2,True,5,64,0.3,768
0,,0.6927881240844727,0.6224578610572326,[0.78500794 0.57211975 0.5102459 ],0.6113438300946236,[0.80900856 0.57718121 0.44784173],0.6407979169020893,[0.76239032 0.56714628 0.59285714],,0.694369375705719,0.6236914329298077,[0.78453447 0.58       0.50653983],0.6115739002186177,[0.81079535 0.58505273 0.43887363],0.644610164919565,[0.75992134 0.5750338  0.59887535],"(128, 128)",0.2,0.001,1234,focal,2,True,5,64,0.3,768
0,,0.6904089450836182,0.6156918734980273,[0.78498294 0.57092094 0.49117175],0.6059204925097808,[0.80762478 0.56407256 0.44606414],0.6293140744019169,[0.763576   0.57793765 0.54642857],,0.6967342495918274,0.6236992496901502,[0.78524906 0.58688819 0.4989605 ],0.6132333234028421,[0.806482   0.58478747 0.44843049],0.638811266564031,[0.76510547 0.58900406 0.56232427],"(128, 128)",0.2,0.0001,0,focal,2,True,5,64,0.4,768
0,,0.6918959021568298,0.6175707517069381,[0.78691316 0.5681613  0.4976378 ],0.6077344987913939,[0.80774032 0.57039275 0.44507042],0.6324553298179235,[0.76713303 0.56594724 0.56428571],,0.6979729533195496,0.624701618230048,[0.78731206 0.58576271 0.50103008],0.6142005624208886,[0.8080542  0.58748867 0.44705882],0.6404923167320677,[0.76760815 0.58404687 0.56982193],"(128, 128)",0.2,0.0001,1,focal,2,True,5,64,0.4,768
0,,0.6960594654083252,0.6176356593758431,[0.79166167 0.56419753 0.49704777],0.6113384522397082,[0.8        0.58142494 0.45259042],0.6275491609151785,[0.78349538 0.54796163 0.55119048],,0.7045044898986816,0.6295322848242747,[0.79232996 0.58831711 0.50794979],0.6221459108643245,[0.80190406 0.60572792 0.45880574],0.6412485715260057,[0.78298177 0.57187922 0.56888472],"(128, 128)",0.2,0.0001,12,focal,2,True,5,64,0.4,768
0,,0.6913011074066162,0.6152626245087202,[0.78706395 0.56654457 0.49217935],0.6064564419078061,[0.80440703 0.57711443 0.43784787],0.6295708688647171,[0.77045293 0.55635492 0.56190476],,0.6963964104652405,0.6213909304792867,[0.78703196 0.58241252 0.4947283 ],0.611946049183331,[0.8045183  0.59529412 0.43602573],0.6373541839913353,[0.7702896  0.57007661 0.57169634],"(128, 128)",0.2,0.0001,123,focal,2,True,5,64,0.4,768
0,,0.6908550262451172,0.6121215847481714,[0.78901072 0.55670732 0.49064671],0.6045446073646744,[0.80205781 0.56637717 0.44519884],0.6233906651568205,[0.77638131 0.54736211 0.54642857],,0.700337827205658,0.6237851501699684,[0.79051599 0.58480606 0.4960334 ],0.6156101151480168,[0.80365719 0.595884   0.44728916],0.6362103877901079,[0.77779764 0.57413249 0.55670103],"(128, 128)",0.2,0.0001,1234,focal,2,True,5,64,0.4,768
0,,0.6869888305664062,0.6183981659953185,[0.78031242 0.57488208 0.5       ],0.6051506250707036,[0.81761496 0.56554524 0.43229167],0.6412182114466293,[0.74626512 0.58453237 0.59285714],,0.6938062906265259,0.6261214594001228,[0.78133458 0.59231282 0.50471698],0.6120733521110595,[0.81741847 0.58413672 0.43466486],0.6502365900713342,[0.74830175 0.60072105 0.60168697],"(128, 128)",0.2,0.0005,0,focal,2,True,5,64,0.5,768
0,,0.6911523938179016,0.6205070005036221,[0.78564453 0.56675063 0.50912584],0.611035934486662,[0.80955975 0.59681698 0.42673108],0.6445408191215245,[0.76310173 0.53956835 0.63095238],,0.6932432651519775,0.6215627139520002,[0.78598363 0.57271649 0.50598802],0.6117756081033772,[0.8094336  0.60470942 0.4211838 ],0.6471149518502791,[0.76385413 0.54393871 0.63355201],"(128, 128)",0.2,0.0005,1,focal,2,True,5,64,0.5,768
0,,0.6902602314949036,0.6164301085699492,[0.78386587 0.56834532 0.49707913],0.6069126918890904,[0.8036871  0.56834532 0.44870566],0.6301623317356143,[0.76499881 0.56834532 0.55714286],,0.6977477669715881,0.6261243692618731,[0.78535377 0.58720539 0.50581395],0.6153378741845573,[0.80690175 0.58497317 0.4541387 ],0.6417135180947482,[0.76492671 0.58945471 0.57075914],"(128, 128)",0.2,0.0005,12,focal,2,True,5,64,0.5,768
0,,0.6866914629936218,0.618530332605319,[0.77818991 0.57375145 0.50364964],0.6057754932076813,[0.81296823 0.55630631 0.44805195],0.637863752156918,[0.74626512 0.59232614 0.575     ],,0.6909909844398499,0.6215321809217168,[0.77831595 0.58997821 0.49630238],0.6084782742452158,[0.81252431 0.57106706 0.44184345],0.641043172754515,[0.74687165 0.61018477 0.5660731 ],"(128, 128)",0.2,0.0005,123,focal,2,True,5,64,0.5,768
0,,0.6923419833183289,0.6183317212412112,[0.78677364 0.57004539 0.49817613],0.6085431666811671,[0.80718384 0.57544288 0.44300278],0.6337219962842017,[0.76737017 0.5647482  0.56904762],,0.6983107924461365,0.6257532670283953,[0.78728472 0.58592322 0.50405186],0.6152386073401305,[0.80740323 0.594344   0.44396859],0.6429416635103334,[0.76814444 0.57773772 0.58294283],"(128, 128)",0.2,0.0005,1234,focal,2,True,5,64,0.5,768
0,,0.6822304725646973,0.6216572920279347,[0.77055184 0.57968526 0.51473477],0.6055790212322156,[0.82414911 0.55446086 0.43812709],0.6515412636860937,[0.72350012 0.60731415 0.62380952],,0.6838964223861694,0.6201359527013312,[0.77043098 0.59209961 0.49787727],0.6040311985649695,[0.8234696  0.56539565 0.42322835],0.64992030820139,[0.72381123 0.6214511  0.60449859],"(128, 128)",0.1,0.001,0,focal,2,True,5,64,0.6,768
0,,0.6988847851753235,0.6238948389609842,[0.79269757 0.57042702 0.50855992],0.617540608948819,[0.80311511 0.60884354 0.44066318],0.6401026846127015,[0.78254683 0.53657074 0.60119048],,0.6970720887184143,0.6227568062896495,[0.78808789 0.57652446 0.50365807],0.6159593689810717,[0.80073801 0.61968912 0.42745098],0.6425820764227995,[0.77583125 0.53898152 0.61293346],"(128, 128)",0.1,0.001,1,focal,2,True,5,64,0.6,768
0,,0.680594801902771,0.6100573331939253,[0.77620047 0.56220096 0.49177057],0.5978366408298375,[0.80947477 0.56085919 0.42317597],0.6320025445817675,[0.74555371 0.56354916 0.58690476],,0.6898648738861084,0.6201423020948504,[0.78081428 0.57804768 0.50156495],0.6069408990229982,[0.81332301 0.57700943 0.43049026],0.6435479596852292,[0.75080443 0.57908968 0.60074977],"(128, 128)",0.1,0.001,12,focal,2,True,5,64,0.6,768
0,,0.6892193555831909,0.6145065779757526,[0.7842615  0.56553018 0.49372805],0.606362264606986,[0.80113777 0.5912361  0.42671292],0.6319207623839612,[0.76808157 0.54196643 0.58571429],,0.6918919086456299,0.6162705489909536,[0.78490981 0.57895976 0.48494208],0.6076119423671974,[0.80458044 0.60591133 0.41234406],0.6363492871447477,[0.76617805 0.55430374 0.58856607],"(128, 128)",0.1,0.001,123,focal,2,True,5,64,0.6,768
0,,0.6890706419944763,0.6142809111426512,[0.78415168 0.56820262 0.49048843],0.6048608922020206,[0.80428821 0.57862026 0.43167421],0.6303364781327823,[0.76499881 0.55815348 0.56785714],,0.6948198080062866,0.6223015864294229,[0.78490081 0.58017691 0.50182704],0.6112839444174986,[0.80714016 0.58401826 0.44269341],0.6398112968832855,[0.76385413 0.57638576 0.579194  ],"(128, 128)",0.1,0.001,1234,focal,2,True,5,64,0.6,768
0,,0.6898141503334045,0.613981963676126,[0.78491756 0.56585659 0.49117175],0.6051523501966244,[0.80302654 0.56636637 0.44606414],0.6264611990071888,[0.7676073  0.56534772 0.54642857],,0.6985360383987427,0.6245758481637612,[0.7876681  0.58564033 0.50041911],0.6147435240448941,[0.80663294 0.58498201 0.45261562],0.6384624438822143,[0.76957454 0.58630014 0.55951265],"(128, 128)",0.1,0.0001,0,focal,2,True,5,64,0.7,768
0,,0.6910037398338318,0.6155171338652119,[0.78618182 0.56467066 0.49569892],0.6066906807576277,[0.80411604 0.56399522 0.45196078],0.6277291206094714,[0.76903012 0.56534772 0.54880952],,0.7007882595062256,0.6280294248401584,[0.78875561 0.58923767 0.506095  ],0.6179031551842384,[0.80852262 0.58634538 0.45884146],0.6420964626662095,[0.76993207 0.59215863 0.56419869],"(128, 128)",0.1,0.0001,1,focal,2,True,5,64,0.7,768
0,,0.6956133842468262,0.6183222246543518,[0.79029546 0.56602623 0.49864499],0.6114775335562986,[0.80068143 0.57603973 0.45771144],0.6280498146284625,[0.78017548 0.55635492 0.54761905],,0.7027027010917664,0.6257767434212466,[0.79182862 0.58507463 0.50042699],0.6189758216220883,[0.80087767 0.59644195 0.45960784],0.6354392107457515,[0.78298177 0.57413249 0.54920337],"(128, 128)",0.1,0.0001,12,focal,2,True,5,64,0.7,768
0,,0.6927881240844727,0.6174148685180015,[0.7877907  0.56812652 0.49632739],0.6084692737306715,[0.80514979 0.57654321 0.44371482],0.6314038704332445,[0.77116433 0.55995204 0.56309524],,0.697184681892395,0.621639528881239,[0.78786222 0.58135788 0.49569848],0.6126417362146354,[0.8035316  0.59407338 0.44032023],0.6363259636365141,[0.77279228 0.5691753  0.56701031],"(128, 128)",0.1,0.0001,123,focal,2,True,5,64,0.7,768
0,,0.6877323389053345,0.6096976291032208,[0.78605885 0.55178735 0.49124668],0.6018112082046126,[0.7997546  0.56261682 0.4430622 ],0.6217938884435661,[0.77282428 0.54136691 0.55119048],,0.6997748017311096,0.6244645060887191,[0.78987157 0.58434703 0.49917492],0.6154841031080779,[0.80519963 0.59541628 0.4458364 ],0.6386027812895403,[0.7751162  0.57368184 0.56701031],"(128, 128)",0.1,0.0001,1234,focal,2,True,5,64,0.7,768
0,,0.680594801902771,0.6168746280198791,[0.77164761 0.57240398 0.5065723 ],0.6019228960932689,[0.82085561 0.54466703 0.44024605],0.642517256224493,[0.72800569 0.60311751 0.59642857],,0.6876125931739807,0.622847130959495,[0.77376677 0.59200344 0.50277118],0.6073224659231952,[0.82076985 0.56596794 0.43522961],0.649177293231863,[0.73185556 0.6205498  0.59512652],"(128, 128)",0.1,0.0005,0,focal,2,True,5,64,0.8,768
0,,0.6886245608329773,0.6178497187576631,[0.78208736 0.56738016 0.50408163],0.6065356869922143,[0.80788675 0.57064888 0.44107143],0.6367095571146323,[0.75788475 0.56414868 0.58809524],,0.6948198080062866,0.6232539021034599,[0.78464936 0.5810995  0.50401284],0.611734754244213,[0.80861153 0.58589098 0.44070175],0.6423394440914839,[0.7620665  0.57638576 0.58856607],"(128, 128)",0.1,0.0005,1,focal,2,True,5,64,0.8,768
0,,0.6910037398338318,0.6165279090354773,[0.78600923 0.56516517 0.49840933],0.6070308011845488,[0.8055763  0.56618532 0.44933078],0.6303475529817008,[0.76737017 0.56414868 0.55952381],,0.6957207322120667,0.6220899623132788,[0.78502791 0.58248473 0.49875725],0.6120522814320289,[0.80423776 0.585      0.44691908],0.6369680038768318,[0.76671434 0.57999099 0.56419869],"(128, 128)",0.1,0.0005,12,focal,2,True,5,64,0.8,768
0,,0.6956133842468262,0.6207157361289863,[0.78965809 0.56848485 0.50400427],0.6122008659813581,[0.80492611 0.5747549  0.45692159],0.6330711277043611,[0.7749585  0.56235012 0.56190476],,0.6968468427658081,0.6222452824875161,[0.7864122  0.58303085 0.49729279],0.6127867925727598,[0.8038081  0.58702604 0.44752624],0.6361185464823252,[0.76975331 0.57908968 0.55951265],"(128, 128)",0.1,0.0005,123,focal,2,True,5,64,0.8,768
0,,0.6886245608329773,0.618480891013461,[0.78123846 0.57394366 0.50026055],0.6064217679157975,[0.81233999 0.56206897 0.44485635],0.6367300481915359,[0.75243064 0.58633094 0.57142857],,0.6922297477722168,0.6243447065616995,[0.77921594 0.58748906 0.50632911],0.6108675423788358,[0.81321672 0.57076073 0.44862518],0.6447467406891105,[0.74794423 0.60522758 0.58106842],"(128, 128)",0.1,0.0005,1234,focal,2,True,5,64,0.8,768
0,,0.6985873579978943,0.6203825181319638,[0.7938366  0.56679389 0.50051706],0.61527700846805,[0.79975933 0.60365854 0.44241316],0.6327880288675324,[0.78800095 0.53417266 0.57619048],,0.7039414644241333,0.6274486530430404,[0.79488334 0.57737383 0.51008878],0.6214200081761669,[0.80116216 0.61518858 0.44790928],0.641651931210836,[0.78870218 0.54393871 0.5923149 ],"(256, 256)",0.5,0.001,0,focal,2,True,5,64,0.9,768
0,,0.6950185894966125,0.6228508339653454,[0.78768707 0.57436518 0.50650026],0.6125968978441212,[0.80884558 0.57926829 0.44967682],0.6389711910135837,[0.7676073  0.56954436 0.5797619 ],,0.6997748017311096,0.627348702816149,[0.78820081 0.58939186 0.50445344],0.616845015791749,[0.80834273 0.59814385 0.44404847],0.6446035288626134,[0.76903826 0.58089229 0.58388004],"(256, 256)",0.5,0.001,1,focal,2,True,5,64,0.9,768
0,,0.701263964176178,0.6290115518248033,[0.7939577  0.57410882 0.51896813],0.6202331366686996,[0.80951207 0.6        0.45118734],0.646687933707372,[0.7789898  0.55035971 0.61071429],,0.7016891837120056,0.6272876914682372,[0.7920467  0.58702753 0.50278884],0.618153686520926,[0.80856611 0.60861151 0.43728344],0.6448295017033843,[0.77618877 0.56692204 0.59137769],"(256, 256)",0.5,0.001,12,focal,2,True,5,64,0.9,768
0,,0.6981412768363953,0.6178600919262076,[0.796221   0.56080025 0.49655903],0.612040117319485,[0.80313631 0.58589157 0.44709247],0.6285089594911691,[0.78942376 0.53776978 0.55833333],,0.7025901079177856,0.6256492369175434,[0.79364219 0.57790236 0.50540316],0.6186481236844861,[0.80197116 0.59990301 0.4540702 ],0.637588230941744,[0.78548445 0.55745831 0.56982193],"(256, 256)",0.5,0.001,123,focal,2,True,5,64,0.9,768
0,,0.690111517906189,0.6185085573995824,[0.78310894 0.57521857 0.49719817],0.6074471821207945,[0.80925879 0.57853244 0.43455031],0.6371636618006655,[0.75859616 0.57194245 0.58095238],,0.6992117166519165,0.6278020716030914,[0.78731034 0.59210226 0.50399361],0.6165528907777378,[0.81064192 0.59990749 0.43910926],0.647053149661139,[0.76528423 0.58449752 0.59137769],"(256, 256)",0.5,0.001,1234,focal,2,True,5,64,0.9,768
0,,0.6978438496589661,0.620906200920983,[0.79224045 0.56540608 0.50507208],0.6144830042177092,[0.80019352 0.58536585 0.45788964],0.631433915166725,[0.78444392 0.54676259 0.56309524],,0.705292820930481,0.6306508693549814,[0.79376868 0.58763366 0.51055027],0.6227778859293592,[0.80447953 0.60681709 0.45703704],0.6437406814962977,[0.78333929 0.56962596 0.57825679],"(256, 256)",0.5,0.0001,0,focal,2,True,5,64,0.1,768
0,,0.6936802864074707,0.618003746552367,[0.7878568  0.5716895  0.49446494],0.609470877045815,[0.80399901 0.58070501 0.44370861],0.6312109951592911,[0.77235001 0.56294964 0.55833333],,0.7048423290252686,0.6319294080679999,[0.79237017 0.594372   0.50904605],0.6221798021699348,[0.80943502 0.60362454 0.45347985],0.6471800160080009,[0.77601001 0.58539883 0.58013121],"(256, 256)",0.5,0.0001,1,focal,2,True,5,64,0.1,768
0,,0.6936802864074707,0.6192259530861283,[0.78781997 0.57142857 0.49842932],0.6098787965486178,[0.8065077  0.57826888 0.44485981],0.6337978419730425,[0.76997866 0.5647482  0.56666667],,0.700337827205658,0.6275443786298918,[0.78818905 0.58992478 0.50451931],0.6175234620900937,[0.80654818 0.59686347 0.44915874],0.6430792854543995,[0.77064712 0.58314556 0.57544517],"(256, 256)",0.5,0.0001,12,focal,2,True,5,64,0.1,768
0,,0.695315957069397,0.6197005599552953,[0.78912387 0.57238038 0.49759744],0.611344058116238,[0.80458354 0.57833537 0.45111326],0.6318519208143767,[0.7742471  0.56654676 0.5547619 ],,0.7054054141044617,0.6323261634673957,[0.7924425  0.59618875 0.50834725],0.6226997835987418,[0.80958598 0.6002741  0.45823928],0.6463092595029147,[0.77601001 0.59215863 0.57075914],"(256, 256)",0.5,0.0001,123,focal,2,True,5,64,0.1,768
0,,0.696951687335968,0.6224592545127748,[0.79018019 0.5756367  0.50156087],0.6137687230758927,[0.80626851 0.58956631 0.44547135],0.6369603365378431,[0.77472137 0.56235012 0.57380952],,0.7023648619651794,0.6288318338047452,[0.79058738 0.59121233 0.50469579],0.6193692454820375,[0.80707635 0.60385338 0.447178  ],0.6443474506380139,[0.77475867 0.57908968 0.579194  ],"(256, 256)",0.5,0.0001,1234,focal,2,True,5,64,0.1,768
0,,0.7058736085891724,0.6260600920203606,[0.7989124  0.57160923 0.50765864],0.6236253763430509,[0.79655823 0.60468227 0.46963563],0.6318759701409238,[0.80128053 0.54196643 0.55238095],,0.7092342376708984,0.6309133278040878,[0.79771061 0.58784425 0.50718512],0.6270689142740102,[0.79813887 0.62117411 0.46189376],0.6391720148904342,[0.7972828  0.55790897 0.56232427],"(256, 256)",0.5,0.0005,0,focal,2,True,5,64,0.11,768
0,,0.7002230286598206,0.6215100490392292,[0.79571938 0.56371912 0.50509165],0.6183482817821391,[0.79799666 0.61576705 0.44128114],0.6345718086596478,[0.79345506 0.51978417 0.59047619],,0.7037162184715271,0.6261590870801567,[0.79486258 0.57846004 0.50515464],0.6220817907302524,[0.79873646 0.62970822 0.43780069],0.6409842262601638,[0.7910261  0.53492564 0.59700094],"(256, 256)",0.5,0.0005,1,focal,2,True,5,64,0.11,768
0,,0.692193329334259,0.6209138106884536,[0.78634361 0.56945695 0.50694087],0.6095043988849299,[0.81238938 0.56996997 0.44615385],0.6392552200321115,[0.76191605 0.56894484 0.58690476],,0.6949324607849121,0.6225914050737004,[0.78493138 0.58444797 0.49839486],0.6111504024561126,[0.80961429 0.58804745 0.43578947],0.6415356303231308,[0.76170897 0.58089229 0.58200562],"(256, 256)",0.5,0.0005,12,focal,2,True,5,64,0.11,768
0,,0.6984386444091797,0.6229486171478259,[0.79121939 0.57600484 0.50162162],0.6150849790280134,[0.80510555 0.58074345 0.45940594],0.6338426680654866,[0.77780413 0.57134293 0.55238095],,0.7039414644241333,0.6288653159659515,[0.79218537 0.58927359 0.50513699],0.6207774744588118,[0.80558122 0.59181818 0.46493302],0.6396435783639042,[0.77922774 0.58675079 0.5529522 ],"(256, 256)",0.5,0.0005,123,focal,2,True,5,64,0.11,768
0,,0.6972490549087524,0.6230272548289723,[0.79065262 0.57688752 0.50154162],0.614176703572418,[0.80776843 0.59353202 0.44122966],0.6387835183934563,[0.7742471  0.56115108 0.58095238],,0.7007882595062256,0.6265616893499031,[0.79109652 0.58538855 0.5032    ],0.6172625069089744,[0.80774963 0.60509861 0.43893929],0.6438471710342389,[0.7751162  0.56692204 0.58950328],"(256, 256)",0.5,0.0005,1234,focal,2,True,5,64,0.11,768
0,,0.6981412768363953,0.6223266749952198,[0.7942273  0.56397199 0.50878073],0.6155222838686432,[0.80575891 0.60108548 0.43972246],0.639255864524817,[0.78302111 0.53117506 0.60357143],,0.6990991234779358,0.6249298133822808,[0.79029905 0.58236273 0.50212766],0.6167363461181465,[0.80647562 0.61619718 0.42753623],0.6450188552900359,[0.77475867 0.55205047 0.60824742],"(256, 256)",0.2,0.001,0,focal,2,True,5,64,0.12,768
0,,0.6776208281517029,0.6136993822031159,[0.77022082 0.56988329 0.50099404],0.5985555921035204,[0.82308522 0.54254743 0.43003413],0.6412857193495856,[0.72373725 0.6001199  0.6       ],,0.68659907579422,0.6247001293228981,[0.77202319 0.59043124 0.51164596],0.6080959568179886,[0.82410225 0.56347256 0.43671306],0.6546179274882005,[0.72613514 0.62009914 0.61761949],"(256, 256)",0.2,0.001,1,focal,2,True,5,64,0.12,768
0,,0.6767286062240601,0.6134455305739369,[0.76852792 0.57718502 0.49462366],0.5980554118018734,[0.82664483 0.54795259 0.41956882],0.6433797289550723,[0.718046   0.60971223 0.60238095],,0.6851351261138916,0.6211473137172129,[0.77274893 0.59222676 0.49846626],0.604937917947623,[0.82738217 0.56562756 0.42180402],0.6518398459933095,[0.7248838  0.6214511  0.60918463],"(256, 256)",0.2,0.001,12,focal,2,True,5,64,0.12,768
0,,0.6856505870819092,0.6162939126851854,[0.77934971 0.57085828 0.49867374],0.6038579244461596,[0.81749544 0.54431756 0.44976077],0.6347496277174541,[0.74460517 0.6001199  0.55952381],,0.6864864826202393,0.6185515510288842,[0.77405426 0.5869239  0.49467649],0.6046484047225861,[0.8149832  0.55968929 0.43927273],0.640019119052908,[0.73703969 0.61694457 0.5660731 ],"(256, 256)",0.2,0.001,123,focal,2,True,5,64,0.12,768
0,,0.6817843914031982,0.6179996741039934,[0.77287027 0.57743235 0.5036964 ],0.6028227669350751,[0.8233244  0.55537099 0.42977292],0.6459650349438258,[0.72824283 0.60131894 0.60833333],,0.6863738894462585,0.6221485347180081,[0.7739609  0.59076122 0.50172348],0.6061529929802544,[0.82483819 0.56939799 0.4242228 ],0.6522186710245182,[0.72899535 0.61379    0.61387067],"(256, 256)",0.2,0.001,1234,focal,2,True,5,64,0.12,768
0,,0.6959107518196106,0.6168369134150459,[0.79213146 0.56511057 0.49326871],0.6103818494333382,[0.80145631 0.57934509 0.45034415],0.6266059844288937,[0.78302111 0.55155875 0.5452381 ],,0.7070946097373962,0.6324517105004375,[0.79497605 0.58763603 0.51474305],0.6251774771065017,[0.80376393 0.60428571 0.46748279],0.6436303464383638,[0.78637826 0.57187922 0.57263355],"(256, 256)",0.2,0.0001,0,focal,2,True,5,64,0.13,768
0,,0.6962081789970398,0.6219881467838159,[0.78864048 0.57384988 0.50347408],0.6134636030315094,[0.80409069 0.5794621  0.45683802],0.6342774779126528,[0.77377282 0.56834532 0.56071429],,0.7019144296646118,0.6295538742891078,[0.78899753 0.59200363 0.50766046],0.6195665121805153,[0.80706674 0.59688502 0.45474777],0.6444763693432675,[0.7717197  0.58720144 0.57450797],"(256, 256)",0.2,0.0001,1,focal,2,True,5,64,0.13,768
0,,0.6933829188346863,0.6174294305383902,[0.78775411 0.57168839 0.49284579],0.6088661518856627,[0.80429948 0.5781729  0.44412607],0.6302649638140364,[0.77187574 0.56534772 0.55357143],,0.699999988079071,0.6274482409202372,[0.78830516 0.58624629 0.50779327],0.6174105602506342,[0.80620445 0.59453197 0.45149526],0.6431676643118419,[0.77118341 0.57818837 0.58013121],"(256, 256)",0.2,0.0001,12,focal,2,True,5,64,0.13,768
0,,0.6950185894966125,0.6224605339904038,[0.78674141 0.58037578 0.50026441],0.6122403382409239,[0.80922537 0.57744807 0.45004757],0.6373005521867272,[0.76547309 0.58333333 0.56309524],,0.7007882595062256,0.6297948921811148,[0.78770024 0.59420935 0.50747508],0.6183698161985054,[0.81207289 0.58740643 0.45563013],0.6461843984014829,[0.76474794 0.6011717  0.57263355],"(256, 256)",0.2,0.0001,123,focal,2,True,5,64,0.13,768
0,,0.6914498209953308,0.6180862918796235,[0.78525368 0.57005122 0.49895397],0.6080985274009773,[0.80634683 0.57298607 0.44496269],0.6334131251860194,[0.76523595 0.56714628 0.56785714],,0.6972972750663757,0.6254943839920705,[0.78570116 0.58646278 0.50431921],0.6143753189458306,[0.80843419 0.58527828 0.44941349],0.6421239057146956,[0.76421166 0.5876521  0.57450797],"(256, 256)",0.2,0.0001,1234,focal,2,True,5,64,0.13,768
0,,0.6984386444091797,0.6206106266596539,[0.79357853 0.56980775 0.4984456 ],0.6146286338339366,[0.80193705 0.60066445 0.4412844 ],0.6333259778572345,[0.78539246 0.54196643 0.57261905],,0.7024774551391602,0.627446703943443,[0.79279442 0.57945691 0.51008878],0.6198614774773502,[0.8030442  0.60863095 0.44790928],0.6426898949640344,[0.782803   0.55295178 0.5923149 ],"(256, 256)",0.2,0.0005,0,focal,2,True,5,64,0.14,768
0,,0.6960594654083252,0.6240174316296734,[0.7887187  0.57219892 0.51113468],0.6139462310563379,[0.80917935 0.57185629 0.46080306],0.6385395806123487,[0.76926725 0.57254197 0.57380952],,0.6992117166519165,0.6249818994142725,[0.78950256 0.58295558 0.50248756],0.6150310758476996,[0.8081243  0.58641131 0.45055762],0.6397358498543008,[0.7717197  0.57954033 0.56794752],"(256, 256)",0.2,0.0005,1,focal,2,True,5,64,0.14,768
0,,0.6978438496589661,0.6242552708181627,[0.79145942 0.5756187  0.50568769],0.614710972277671,[0.81023348 0.58691589 0.44698355],0.6401422491533518,[0.77353569 0.5647482  0.58214286],,0.7001126408576965,0.6266031886185695,[0.7896753  0.58321807 0.50691619],0.6170013941286537,[0.80614525 0.59697971 0.44787922],0.6426071679254539,[0.77386486 0.57007661 0.58388004],"(256, 256)",0.2,0.0005,12,focal,2,True,5,64,0.14,768
0,,0.694869875907898,0.6191021353729372,[0.78956229 0.56672992 0.5010142 ],0.61235169249318,[0.80092706 0.59973226 0.43639576],0.6345936780843965,[0.77851553 0.53717026 0.58809524],,0.6959459185600281,0.6210410241735406,[0.78741157 0.57115704 0.50455446],0.613357709916503,[0.79915317 0.6040201  0.43689986],0.6382321306088488,[0.77601001 0.54168544 0.59700094],"(256, 256)",0.2,0.0005,123,focal,2,True,5,64,0.14,768
0,,0.6965055465698242,0.6232197518734658,[0.78850352 0.57853244 0.50262329],0.6138397961289398,[0.80689998 0.58527607 0.44934334],0.6377025802373786,[0.7709272  0.57194245 0.5702381 ],,0.6977477669715881,0.6229618871840233,[0.78855994 0.58195971 0.49836601],0.6132296135823412,[0.80654206 0.59143788 0.44170891],0.6386130168069623,[0.77136217 0.57278053 0.57169634],"(256, 256)",0.2,0.0005,1234,focal,2,True,5,64,0.14,768
0,,0.697397768497467,0.6226803560136894,[0.79268879 0.56152623 0.51382604],0.6155555195277936,[0.80409856 0.59783345 0.44473455],0.6397693749197938,[0.78159829 0.5293765  0.60833333],,0.6969594359397888,0.6233807399817334,[0.78804397 0.57238574 0.50971251],0.6155750976291917,[0.80121929 0.61020408 0.43530192],0.643028118211001,[0.77529496 0.53898152 0.61480787],"(256, 256)",0.1,0.001,0,focal,2,True,5,64,0.15,768
0,,0.6850557327270508,0.6125749489654915,[0.77979848 0.57091669 0.48700968],0.6011956775260402,[0.80923234 0.5687091  0.42564559],0.631539914584136,[0.75243064 0.57314149 0.56904762],,0.691216230392456,0.6203803003578628,[0.78194098 0.57760757 0.50159236],0.6079394608574145,[0.81035475 0.57747748 0.43598616],0.6412101591102852,[0.75545227 0.57773772 0.59044049],"(256, 256)",0.1,0.001,1,focal,2,True,5,64,0.15,768
0,,0.6838661432266235,0.6119208904625114,[0.77853993 0.56756757 0.48965517],0.6015598403546953,[0.80516848 0.58186398 0.41764706],0.6330799387049525,[0.75361631 0.55395683 0.59166667],,0.6887387633323669,0.6163872599575281,[0.78045182 0.57733395 0.49137601],0.6057424626371414,[0.80594173 0.59559176 0.4156939 ],0.6391456163302676,[0.75652485 0.56016224 0.60074977],"(256, 256)",0.1,0.001,12,focal,2,True,5,64,0.15,768
0,,0.6800000071525574,0.6136191328026631,[0.77309237 0.57281553 0.49494949],0.5992769900544755,[0.82111437 0.54689204 0.42982456],0.6383431078234402,[0.73037705 0.60131894 0.58333333],,0.6814188957214355,0.6135836145130494,[0.7719132  0.58394161 0.48489604],0.5986481904001878,[0.82133495 0.55760558 0.41700405],0.6400614092781135,[0.72810154 0.61288869 0.579194  ],"(256, 256)",0.1,0.001,123,focal,2,True,5,64,0.15,768
0,,0.6808921694755554,0.612830218844829,[0.77498131 0.56950935 0.494     ],0.5991961719730572,[0.81648727 0.55523918 0.42586207],0.6367062398727653,[0.73749111 0.58453237 0.58809524],,0.68659907579422,0.6183428938764138,[0.77706767 0.58434399 0.49361702],0.603886572882935,[0.81926278 0.57210708 0.42028986],0.6446866800688515,[0.73900608 0.59711582 0.59793814],"(256, 256)",0.1,0.001,1234,focal,2,True,5,64,0.15,768
0,,0.6960594654083252,0.6194915711503501,[0.79050145 0.57038614 0.49758713],0.6117371921256703,[0.8038735  0.57865515 0.45268293],0.6307660210122494,[0.77756699 0.56235012 0.55238095],,0.7054054141044617,0.6308880237737006,[0.79324741 0.5910133  0.50840336],0.6226495155921904,[0.80567847 0.60149323 0.46077685],0.6430322465597667,[0.78119414 0.58089229 0.56701031],"(256, 256)",0.1,0.0001,0,focal,2,True,5,64,0.16,768
0,,0.6981412768363953,0.6223236900242965,[0.79119028 0.57307809 0.5027027 ],0.6148978397332906,[0.80327468 0.5810228  0.46039604],0.6327944081267389,[0.77946407 0.56534772 0.55357143],,0.7019144296646118,0.6279213886464915,[0.78938761 0.58804745 0.50632911],0.6195058804183703,[0.80266075 0.59538106 0.46047583],0.639920955699083,[0.7765463  0.58089229 0.56232427],"(256, 256)",0.1,0.0001,1,focal,2,True,5,64,0.16,768
0,,0.6938289999961853,0.616398541220958,[0.7884407  0.56933862 0.49141631],0.6090638361692183,[0.80088063 0.57904526 0.44726562],0.6271904824458465,[0.77638131 0.55995204 0.5452381 ],,0.7021396160125732,0.6269316623790895,[0.79125068 0.58515284 0.50439147],0.6187268138003064,[0.80365044 0.59709193 0.45543807],0.639348492570103,[0.77922774 0.57368184 0.5651359 ],"(256, 256)",0.1,0.0001,12,focal,2,True,5,64,0.16,768
0,,0.6944237947463989,0.6215642184040984,[0.78674596 0.57288542 0.50506127],0.6120450152817524,[0.805818   0.57322929 0.45708775],0.6351278420334298,[0.76855585 0.57254197 0.56428571],,0.7022522687911987,0.6301852161828588,[0.78989289 0.59116648 0.50949628],0.6197151979810346,[0.80953275 0.5942623  0.45535055],0.6458476515116509,[0.77118341 0.58810275 0.57825679],"(256, 256)",0.1,0.0001,123,focal,2,True,5,64,0.16,768
0,,0.6918959021568298,0.6197694261299983,[0.78443333 0.57355569 0.50131926],0.6092827989184544,[0.80778894 0.56982249 0.45023697],0.6350682149493657,[0.76239032 0.57733813 0.56547619],,0.698423445224762,0.6276161034867007,[0.78551686 0.59153675 0.5057947 ],0.6160495965364293,[0.81045627 0.58476442 0.45292809],0.6443892767049121,[0.7620665  0.59846778 0.57263355],"(256, 256)",0.1,0.0001,1234,focal,2,True,5,64,0.16,768
0,,0.6984386444091797,0.6247605875708967,[0.79154079 0.57452742 0.50821355],0.6161368800177599,[0.80704781 0.59461193 0.4467509 ],0.6405531863678745,[0.77661845 0.5557554  0.58928571],,0.7001126408576965,0.6267830687587659,[0.79037989 0.57936508 0.51060424],0.6174565272625782,[0.80587033 0.60096852 0.44553073],0.6442242648402775,[0.77547372 0.55926093 0.59793814],"(256, 256)",0.1,0.0005,0,focal,2,True,5,64,0.17,768
0,,0.6892193555831909,0.6172792808874447,[0.78183805 0.56533658 0.50466321],0.6074656729324285,[0.80099502 0.574613   0.44678899],0.6332309409087115,[0.763576   0.55635492 0.5797619 ],,0.6942567825317383,0.6200023286749531,[0.78509976 0.58031805 0.49458918],0.6101097836030805,[0.8043886  0.59386792 0.43207283],0.6374479406473796,[0.76671434 0.56737269 0.57825679],"(256, 256)",0.1,0.0005,1,focal,2,True,5,64,0.17,768
0,,0.6941263675689697,0.61971143438756,[0.78741682 0.57327189 0.4984456 ],0.6110132866445626,[0.80385375 0.5879017  0.4412844 ],0.6345367237494939,[0.77163861 0.55935252 0.57261905],,0.6998873949050903,0.6251610523200019,[0.79044754 0.58321743 0.50181818],0.6159753609410107,[0.80639762 0.60047733 0.44105114],0.6413479520401747,[0.7751162  0.56692204 0.58200562],"(256, 256)",0.1,0.0005,12,focal,2,True,5,64,0.17,768
0,,0.6908550262451172,0.6175809478364466,[0.78535692 0.57099789 0.49638803],0.6071019614697353,[0.80894922 0.57428745 0.43806922],0.6344888606882712,[0.76310173 0.5677458  0.57261905],,0.6954954862594604,0.6248903252138757,[0.78414421 0.58116956 0.5093572 ],0.6133093977421304,[0.80753931 0.58235294 0.45003595],0.6429163818696314,[0.7620665  0.57999099 0.58669166],"(256, 256)",0.1,0.0005,123,focal,2,True,5,64,0.17,768
0,,0.6913011074066162,0.6157708867547687,[0.7860878  0.57306073 0.48816412],0.6063006658312006,[0.80678982 0.5747889  0.43732328],0.6300485015964329,[0.76642163 0.57134293 0.55238095],,0.6979729533195496,0.6244443154105214,[0.78788991 0.58544304 0.5       ],0.6138081215454103,[0.80927252 0.58730159 0.44485026],0.6406545012904928,[0.76760815 0.58359621 0.57075914],"(256, 256)",0.1,0.0005,1234,focal,2,True,5,64,0.17,768
0,,0.6945725083351135,0.6187648849764923,[0.78901524 0.57352941 0.49375   ],0.610246366581914,[0.80538405 0.58646617 0.43888889],0.6329117822988128,[0.77329855 0.56115108 0.56428571],,0.6954954862594604,0.6211734167782342,[0.78589052 0.58027523 0.4973545 ],0.61143410732467,[0.80388858 0.5908454  0.43956835],0.6371302974846493,[0.76868073 0.57007661 0.57263355],"(512, 512)",0.5,0.001,0,focal,2,True,5,64,0.18,768
0,,0.6963568925857544,0.6249000760364235,[0.78949927 0.57493703 0.51026393],0.6160155368624217,[0.80977312 0.60543767 0.43283582],0.6463354916527498,[0.77021579 0.54736211 0.62142857],,0.6985360383987427,0.6252122894829211,[0.78931914 0.58939465 0.49692308],0.6156918582013627,[0.81089744 0.61478218 0.42139596],0.6467720078946225,[0.76885949 0.56602073 0.6054358 ],"(512, 512)",0.5,0.001,1,focal,2,True,5,64,0.18,768
0,,0.706022322177887,0.6216584278279487,[0.80328061 0.56040268 0.50129199],0.6244137865396147,[0.79388606 0.63643293 0.44292237],0.6302935462531428,[0.81290017 0.50059952 0.57738095],,0.7120495438575745,0.6311431622115983,[0.80314961 0.57739743 0.51288245],0.6328451935842166,[0.79506043 0.65393387 0.44954128],0.6417685061188012,[0.81140508 0.5168995  0.59700094],"(512, 512)",0.5,0.001,12,focal,2,True,5,64,0.18,768
0,,0.7003717422485352,0.6284335175247123,[0.79335435 0.57459926 0.51734694],0.6186377053016584,[0.81186399 0.59137056 0.45267857],0.6459981112301798,[0.77566991 0.558753   0.60357143],,0.7007882595062256,0.6289840046429535,[0.7905269  0.58842668 0.50799844],0.6183662875342306,[0.81245283 0.6074856  0.43516043],0.6501341361914335,[0.76975331 0.57052726 0.61012184],"(512, 512)",0.5,0.001,123,focal,2,True,5,64,0.18,768
0,,0.6963568925857544,0.6199699305127397,[0.79084262 0.56831302 0.50075415],0.6146728634723301,[0.79956374 0.61103448 0.43342037],0.6354473005490725,[0.7823097  0.53117506 0.59285714],,0.6968468427658081,0.6195863648299744,[0.78840946 0.57569194 0.4946577 ],0.6140557813598735,[0.79631656 0.6177686  0.42808219],0.6351312742121479,[0.78065785 0.53898152 0.58575445],"(512, 512)",0.5,0.001,1234,focal,2,True,5,64,0.18,768
0,,0.7011152505874634,0.6249756397736772,[0.79308689 0.57859327 0.50324675],0.6182458481243756,[0.80291616 0.59051186 0.46130952],0.6347376958015551,[0.78349538 0.56714628 0.55357143],,0.7057432532310486,0.6310590081516723,[0.79318779 0.59112848 0.50886076],0.6233360338726941,[0.8040404  0.60318949 0.4627782 ],0.6424334895912573,[0.78262424 0.57954033 0.5651359 ],"(512, 512)",0.5,0.0001,0,focal,2,True,5,64,0.19,768
0,,0.701710045337677,0.6251431110377931,[0.7948133  0.57823129 0.50238474],0.618248577450871,[0.80496109 0.59706258 0.45272206],0.636585153774741,[0.78491819 0.56055156 0.56428571],,0.7057432532310486,0.6301259786007182,[0.79448826 0.59281716 0.50307251],0.6223786827075489,[0.80595917 0.61430643 0.44687045],0.6438549990843543,[0.78333929 0.57278053 0.57544517],"(512, 512)",0.5,0.0001,1,focal,2,True,5,64,0.19,768
0,,0.6988847851753235,0.6224280737992489,[0.79179735 0.57980653 0.49568035],0.6147025548876486,[0.80579425 0.5847561  0.45355731],0.6332156721182897,[0.7782784  0.57494005 0.54642857],,0.7063062787055969,0.6332469297456688,[0.79289617 0.59568672 0.51115789],0.6241522406999352,[0.80820646 0.60018298 0.46406728],0.6460990709639912,[0.77815517 0.59125732 0.56888472],"(512, 512)",0.5,0.0001,12,focal,2,True,5,64,0.19,768
0,,0.6990334391593933,0.6229610017231617,[0.79234841 0.57547751 0.50105708],0.6155367375899695,[0.8041514  0.59188847 0.45057034],0.6350415463557201,[0.78088689 0.55995204 0.56428571],,0.7054054141044617,0.6318041754240303,[0.79280589 0.59228459 0.51032205],0.6231936699642954,[0.80590951 0.60758294 0.45608856],0.6456844267936613,[0.78012156 0.57773772 0.579194  ],"(512, 512)",0.5,0.0001,123,focal,2,True,5,64,0.19,768
0,,0.6987360715866089,0.6238018721885882,[0.79217958 0.57449418 0.50473186],0.6154643820304885,[0.80658638 0.58782936 0.4519774 ],0.6371525226378739,[0.7782784  0.5617506  0.57142857],,0.7055180072784424,0.6337010653271665,[0.7919133  0.59284732 0.51634257],0.6242367566675052,[0.80712827 0.60335978 0.46222222],0.6482578345583607,[0.77726135 0.58269491 0.58481724],"(512, 512)",0.5,0.0001,1234,focal,2,True,5,64,0.19,768
0,,0.6971004009246826,0.6196632906269953,[0.79159664 0.57259074 0.49480249],0.6131803495993877,[0.80160467 0.59882199 0.43911439],0.6323544152584027,[0.78183543 0.54856115 0.56666667],,0.7050675749778748,0.6278017409913358,[0.79537447 0.58679821 0.50123254],0.6210355439837967,[0.80401826 0.61285574 0.44623263],0.6404923507077612,[0.78691455 0.56286616 0.57169634],"(512, 512)",0.5,0.0005,0,focal,2,True,5,64,0.2,768
0,,0.6917471885681152,0.6187751976930844,[0.78628738 0.56929306 0.50074516],0.6095683459907809,[0.80668496 0.59235256 0.42966752],0.638285842750983,[0.7668959  0.54796163 0.6       ],,0.6988738775253296,0.6271325347521967,[0.78868583 0.5882904  0.50442138],0.6169926964051682,[0.81095373 0.6123842  0.42764016],0.6494789180631355,[0.76760815 0.56602073 0.61480787],"(512, 512)",0.5,0.0005,1,focal,2,True,5,64,0.2,768
0,,0.7000743746757507,0.6263498145559192,[0.79242552 0.57413057 0.51249335],0.6179404075187489,[0.80633284 0.58447205 0.46301633],0.6389826693474314,[0.7789898  0.56414868 0.57380952],,0.7030405402183533,0.6301739207087146,[0.79014149 0.59353664 0.50684363],0.6204884645890208,[0.80731207 0.59954023 0.4546131 ],0.6446572465984045,[0.77368609 0.5876521  0.57263355],"(512, 512)",0.5,0.0005,12,focal,2,True,5,64,0.2,768
0,,0.701710045337677,0.6263297076731149,[0.7931159  0.58035446 0.50551876],0.6193334983974053,[0.80522972 0.58157736 0.47119342],0.6352453143687834,[0.78136116 0.57913669 0.5452381 ],,0.7091216444969177,0.634880307705389,[0.7962627  0.59396962 0.5144086 ],0.6270909135652617,[0.80828729 0.59762774 0.47535771],0.6451321694877784,[0.78459063 0.59035602 0.56044986],"(512, 512)",0.5,0.0005,123,focal,2,True,5,64,0.2,768
0,,0.6990334391593933,0.6272850558936615,[0.79115001 0.5776435  0.51306165],0.6170200009436093,[0.81167373 0.58221681 0.45716946],0.6431013006593945,[0.77163861 0.57314149 0.58452381],,0.6997748017311096,0.6277503557685163,[0.78756762 0.59142727 0.50425618],0.617067840813151,[0.8083945  0.5985233  0.44428571],0.6450757554409514,[0.76778691 0.58449752 0.58294283],"(512, 512)",0.5,0.0005,1234,focal,2,True,5,64,0.2,768
0,,0.6866914629936218,0.6208830292171256,[0.77604167 0.57670127 0.50990615],0.607511475627633,[0.81336106 0.55555556 0.45361781],0.6412199736467475,[0.74199668 0.59952038 0.58214286],,0.6914414167404175,0.6237280967634949,[0.77877429 0.58813301 0.50427699],0.6098770235778662,[0.81565558 0.56801008 0.44596542],0.6449831140181707,[0.74508402 0.60973411 0.58013121],"(512, 512)",0.2,0.001,0,focal,2,True,5,64,0.21,768
0,,0.6971004009246826,0.6148747289942124,[0.79501484 0.55876686 0.49084249],0.6118110889269258,[0.79586502 0.60165975 0.4379085 ],0.6246941787333709,[0.79416647 0.52158273 0.55833333],,0.7027027010917664,0.6219191357329447,[0.79535092 0.57308249 0.497324  ],0.6185107089757479,[0.7955643  0.61650234 0.44346549],0.6321956817545601,[0.79513765 0.5353763  0.5660731 ],"(512, 512)",0.2,0.001,1,focal,2,True,5,64,0.21,768
0,,0.6868401765823364,0.622335993996982,[0.77791625 0.57706093 0.5120308 ],0.60817699490452,[0.81980562 0.575      0.42972536],0.6508565402835426,[0.7400996  0.57913669 0.63333333],,0.6882882714271545,0.6210064903057345,[0.77756904 0.58905028 0.49640015],0.6067220060308957,[0.81927949 0.58421986 0.41666667],0.6492439339875987,[0.73989989 0.59396124 0.61387067],"(512, 512)",0.2,0.001,12,focal,2,True,5,64,0.21,768
0,,0.7024535536766052,0.6221761977085135,[0.79734848 0.56546855 0.50371156],0.6195218735061757,[0.79602931 0.60842541 0.4541109 ],0.6307752300818649,[0.79867204 0.52817746 0.56547619],,0.7083333134651184,0.6284055695587561,[0.79939183 0.58397683 0.50184805],0.6250338211038804,[0.79989261 0.62857143 0.44663743],0.6389386310448938,[0.79889167 0.54529067 0.57263355],"(512, 512)",0.2,0.001,123,focal,2,True,5,64,0.21,768
0,,0.6956133842468262,0.6181278030616905,[0.79146298 0.55498392 0.50793651],0.6133466701634113,[0.79592326 0.59847434 0.44564241],0.6316382295092143,[0.78705241 0.51738609 0.59047619],,0.7047297358512878,0.6261636956397506,[0.79605911 0.57719426 0.50523771],0.6225092910296434,[0.79770239 0.62671595 0.44310954],0.6389923679329094,[0.7944226  0.53492564 0.58762887],"(512, 512)",0.2,0.001,1234,focal,2,True,5,64,0.21,768
0,,0.6942750811576843,0.6199870503490011,[0.78729081 0.57374101 0.49892934],0.6109024575466976,[0.80565897 0.57374101 0.45330739],0.6327481447884817,[0.76974152 0.57374101 0.5547619 ],,0.703153133392334,0.6305296943259971,[0.78994516 0.59384131 0.50780261],0.6207669957185202,[0.80826786 0.59237668 0.46165644],0.6439822145251751,[0.77243475 0.5953132  0.56419869],"(512, 512)",0.2,0.0001,0,focal,2,True,5,64,0.22,768
0,,0.6938289999961853,0.6184116147603124,[0.78903977 0.56884058 0.4973545 ],0.609285202811107,[0.80724386 0.5729927  0.44761905],0.6319702055354937,[0.77163861 0.5647482  0.55952381],,0.7018017768859863,0.6271365907351708,[0.79135115 0.5877793  0.50227932],0.6177136337491224,[0.80808645 0.59483156 0.45022288],0.6413782563705639,[0.77529496 0.58089229 0.56794752],"(512, 512)",0.2,0.0001,1,focal,2,True,5,64,0.22,768
0,,0.701263964176178,0.6194879675732439,[0.79612797 0.5653009  0.49703504],0.6177696541498156,[0.79266573 0.60645604 0.45418719],0.6259355353211926,[0.79962058 0.5293765  0.54880952],,0.7084459662437439,0.6298213088389684,[0.79743224 0.58189655 0.51013514],0.6268509867689036,[0.79544646 0.62084824 0.46425826],0.6376816664645669,[0.79942796 0.54754394 0.5660731 ],"(512, 512)",0.2,0.0001,12,focal,2,True,5,64,0.22,768
0,,0.6950185894966125,0.6214422750534316,[0.78721085 0.57418577 0.50293021],0.6124281537608779,[0.80445545 0.5776699  0.45515911],0.6344460770690336,[0.77069006 0.57074341 0.56190476],,0.7034909725189209,0.6320019441340331,[0.79031521 0.59092971 0.51476091],0.6218655147980187,[0.80826014 0.59470561 0.46263079],0.6468274848163214,[0.7731498  0.58720144 0.58013121],"(512, 512)",0.2,0.0001,123,focal,2,True,5,64,0.22,768
0,,0.6972490549087524,0.6249938820682043,[0.78972986 0.57683073 0.50842105],0.6147438846701605,[0.81104724 0.57752404 0.45566038],0.6402144919113322,[0.76950439 0.57613909 0.575     ],,0.7005630731582642,0.628255463434429,[0.78844037 0.59135914 0.50496689],0.61752884071006,[0.80983792 0.5905618  0.45218681],0.6439998051258917,[0.76814444 0.59215863 0.57169634],"(512, 512)",0.2,0.0001,1234,focal,2,True,5,64,0.22,768
0,,0.6890706419944763,0.6173083951128644,[0.78303386 0.5706422  0.49824912],0.6066999876062464,[0.8080222  0.582397   0.42968076],0.637251453622156,[0.7595447  0.55935252 0.59285714],,0.6950450539588928,0.6248245245358176,[0.78432457 0.58392816 0.50622084],0.6131619734955533,[0.80994096 0.59698682 0.43255814],0.6472764261908742,[0.76027887 0.57142857 0.61012184],"(512, 512)",0.2,0.0005,0,focal,2,True,5,64,0.23,768
0,,0.6972490549087524,0.625781175856309,[0.78942882 0.57756275 0.51035197],0.6152015878207514,[0.8114672  0.58267236 0.4514652 ],0.6426675245731123,[0.76855585 0.57254197 0.58690476],,0.7002252340316772,0.6287073195727731,[0.78865222 0.58920027 0.50826946],0.6175704828880572,[0.81068328 0.59585253 0.44617564],0.646974103171684,[0.76778691 0.58269491 0.59044049],"(512, 512)",0.2,0.0005,1,focal,2,True,5,64,0.23,768
0,,0.6939777135848999,0.6210855529295255,[0.78864048 0.56292027 0.51169591],0.6137942377461415,[0.80409069 0.60412371 0.43316832],0.6419170805162842,[0.77377282 0.52697842 0.625     ],,0.698423445224762,0.622778254239171,[0.79163256 0.57632023 0.50038197],0.6159660580969892,[0.80577671 0.61981328 0.42230819],0.6434593128224831,[0.7779764  0.53853087 0.61387067],"(512, 512)",0.2,0.0005,12,focal,2,True,5,64,0.23,768
0,,0.6988847851753235,0.6254508069242103,[0.79043363 0.57742622 0.50849257],0.6168303614503221,[0.80551452 0.5861643  0.45881226],0.6383633274281012,[0.77590704 0.56894484 0.5702381 ],,0.6985360383987427,0.6257674151157878,[0.78689125 0.58753979 0.50287121],0.6154768053494667,[0.80637899 0.59293254 0.44711889],0.6416918079537789,[0.7683232  0.58224425 0.57450797],"(512, 512)",0.2,0.0005,123,focal,2,True,5,64,0.23,768
0,,0.7006691694259644,0.623006914166968,[0.79542203 0.56498252 0.50861619],0.6179710891072203,[0.7998082  0.60108181 0.45302326],0.6346064115542487,[0.79108371 0.53297362 0.5797619 ],,0.6989864706993103,0.6217619193739216,[0.79012346 0.57393781 0.50122449],0.615645908900733,[0.79665637 0.60631896 0.4439624 ],0.6346606698095872,[0.78369682 0.54484002 0.57544517],"(512, 512)",0.2,0.0005,1234,focal,2,True,5,64,0.23,768
0,,0.6951673030853271,0.6233705296290838,[0.78739966 0.5757853  0.50692663],0.6132191649141634,[0.8082397  0.58597145 0.44544635],0.6405499280239754,[0.7676073  0.56594724 0.58809524],,0.6989864706993103,0.6269982773119863,[0.78817915 0.58595531 0.50686037],0.6159810576039751,[0.80988306 0.59298569 0.44507442],0.645087968243066,[0.76760815 0.57908968 0.58856607],"(512, 512)",0.1,0.001,0,focal,2,True,5,64,0.24,768
0,,0.7000743746757507,0.6192550546078632,[0.79661017 0.56840137 0.49275362],0.6141581744235277,[0.80197068 0.59182349 0.44868035],0.628170668519556,[0.79132084 0.54676259 0.54642857],,0.7021396160125732,0.6207127160052305,[0.79474726 0.58010276 0.48728814],0.6155069596832355,[0.79978277 0.60203587 0.44470224],0.6294601453529102,[0.78977476 0.55971158 0.5388941 ],"(512, 512)",0.1,0.001,1,focal,2,True,5,64,0.24,768
0,,0.6920446157455444,0.6245622851862814,[0.78246953 0.57912055 0.51209677],0.6118621545005754,[0.81362007 0.57791045 0.44405594],0.6462379836975299,[0.75361631 0.58033573 0.6047619 ],,0.6950450539588928,0.6255411262619233,[0.78343239 0.5912147  0.50197628],0.6124404523838868,[0.81523    0.58805172 0.43403964],0.6478535289398891,[0.75402217 0.5944119  0.59512652],"(512, 512)",0.1,0.001,12,focal,2,True,5,64,0.24,768
0,,0.7063196897506714,0.6233817308086081,[0.80089856 0.57213014 0.49711649],0.6222996094364396,[0.7986324  0.58616352 0.48210291],0.6250086167049963,[0.80317761 0.558753   0.51309524],,0.7064189314842224,0.624808935617836,[0.79592384 0.58375171 0.49475126],0.623169922481175,[0.79599499 0.59130837 0.48220641],0.6267349064051134,[0.7958527  0.57638576 0.50796626],"(512, 512)",0.1,0.001,123,focal,2,True,5,64,0.24,768
0,,0.7020074129104614,0.6236340663608204,[0.79643705 0.56321113 0.51125402],0.6194213394187207,[0.7977635  0.59558824 0.46491228],0.6323816051329133,[0.79511501 0.53417266 0.56785714],,0.7063062787055969,0.6259585750838784,[0.79725025 0.57957814 0.50104734],0.6228013143743482,[0.79632602 0.61904762 0.4530303 ],0.6344888317499534,[0.79817662 0.54484002 0.56044986],"(512, 512)",0.1,0.001,1234,focal,2,True,5,64,0.24,768
0,,0.6932342052459717,0.6210720419622344,[0.78483781 0.5747057  0.50367261],0.6112294791735638,[0.80468361 0.5787234  0.45028143],0.6360397775481975,[0.76594736 0.57074341 0.57142857],,0.7020270228385925,0.6308428358341568,[0.7888176  0.59324722 0.51046368],0.6200283179680955,[0.80944319 0.59662716 0.4540146 ],0.6473550704584526,[0.76921702 0.58990536 0.58294283],"(512, 512)",0.1,0.0001,0,focal,2,True,5,64,0.25,768
0,,0.6926394104957581,0.6190047001034308,[0.7869613  0.57398568 0.49606712],0.6085265056999678,[0.81102164 0.57125891 0.44329897],0.6347070851059929,[0.76428741 0.57673861 0.56309524],,0.6974099278450012,0.6258171218326516,[0.78599007 0.58527828 0.50618302],0.6145908438830824,[0.80904618 0.58292356 0.4518028 ],0.6424363080889537,[0.76421166 0.5876521  0.57544517],"(512, 512)",0.1,0.0001,1,focal,2,True,5,64,0.25,768
0,,0.7037917971611023,0.6237650020433042,[0.7971564  0.57332911 0.5008095 ],0.6208086582986124,[0.7965901  0.60779046 0.45804541],0.6308901332472422,[0.7977235  0.54256595 0.55238095],,0.7091216444969177,0.6321885517630007,[0.79699248 0.58623137 0.5133418 ],0.6278275687833007,[0.79813553 0.61703187 0.4683153 ],0.6407199457243098,[0.7958527  0.55835962 0.56794752],"(512, 512)",0.1,0.0001,12,focal,2,True,5,64,0.25,768
0,,0.701710045337677,0.6265513065069125,[0.79334057 0.58416742 0.50214592],0.6185523632849953,[0.80746562 0.59116022 0.45703125],0.6380607320099406,[0.77970121 0.57733813 0.55714286],,0.7024774551391602,0.629699902076244,[0.79004013 0.58879565 0.51026393],0.6201917970552699,[0.80651769 0.59269406 0.46136364],0.6433098979152053,[0.77422238 0.58494817 0.57075914],"(512, 512)",0.1,0.0001,123,focal,2,True,5,64,0.25,768
0,,0.6950185894966125,0.6233306047553345,[0.78747258 0.57494743 0.5075718 ],0.6127431338691799,[0.80997744 0.57615894 0.45209302],0.6394989757034103,[0.76618449 0.57374101 0.57857143],,0.6990991234779358,0.6275355793174571,[0.7868039  0.590245   0.50555784],0.6163885695320531,[0.80956884 0.58878924 0.45080764],0.6441457943520795,[0.76528423 0.59170798 0.57544517],"(512, 512)",0.1,0.0001,1234,focal,2,True,5,64,0.25,768
0,,0.6846096515655518,0.6174425687379766,[0.77674013 0.57806527 0.4975223 ],0.6037156963035337,[0.81777661 0.56722447 0.42614601],0.6421909702834975,[0.73962533 0.58932854 0.59761905],,0.6856982111930847,0.6180353725961387,[0.77453184 0.58401959 0.4955547 ],0.6039600571022433,[0.81321274 0.5769569  0.42171053],0.6437902308926737,[0.7393636  0.59125732 0.60074977],"(512, 512)",0.1,0.0005,0,focal,2,True,5,64,0.26,768
0,,0.6971004009246826,0.6221794477121847,[0.79088374 0.5769697  0.4986849 ],0.6130364872412469,[0.80902778 0.58333333 0.44674835],0.6361882694799478,[0.77353569 0.57074341 0.56428571],,0.7006756663322449,0.6267252456052947,[0.78889701 0.59023837 0.50104037],0.6171877677176186,[0.806271  0.5946935 0.4505988],0.6407680527392446,[0.77225599 0.58584948 0.56419869],"(512, 512)",0.1,0.0005,1,focal,2,True,5,64,0.26,768
0,,0.6939777135848999,0.6219533349767126,[0.78690909 0.56938395 0.50956697],0.6127485392361982,[0.80485991 0.59184994 0.44153578],0.6402278752897949,[0.76974152 0.54856115 0.60238095],,0.7007882595062256,0.6277852835010752,[0.79109245 0.58262911 0.50963429],0.6183964817260851,[0.80812978 0.60803528 0.43902439],0.6471099379691051,[0.77475867 0.55926093 0.60731022],"(512, 512)",0.1,0.0005,12,focal,2,True,5,64,0.26,768
0,,0.68743497133255,0.6219418577443875,[0.77776399 0.57257602 0.51548556],0.6085695793320879,[0.81572098 0.5489549  0.46103286],0.6420091698584627,[0.74318236 0.59832134 0.58452381],,0.6885135173797607,0.6223673552135544,[0.77547188 0.58656331 0.50506688],0.6078215063850905,[0.81681503 0.56164948 0.445     ],0.6452607653736094,[0.73811226 0.61379    0.58388004],"(512, 512)",0.1,0.0005,123,focal,2,True,5,64,0.26,768
0,,0.7008178234100342,0.6229491083503641,[0.7956785  0.55976676 0.51340206],0.6194419127411862,[0.79671897 0.60887949 0.45272727],0.6351611647434652,[0.79464074 0.51798561 0.59285714],,0.7011260986328125,0.6219901446788801,[0.79323611 0.56990032 0.50283401],0.6184789008760276,[0.79401755 0.6187962  0.44262295],0.6342092222620463,[0.7924562  0.52816584 0.58200562],"(512, 512)",0.1,0.0005,1234,focal,2,True,5,64,0.26,768
