,loss,accuracy,f1,f1_scores,valid_loss,valid_accuracy,valid_f1,valid_f1_scores,hidden_dim,dropout_rate,learning_rate,seed,gamma,k_fold,model_id
0,focal,0.6840148568153381,0.5922735607097156,[0.78781513 0.52471984 0.46428571],,0.6840148568153381,0.5922735607097156,[0.78781513 0.52471984 0.46428571],32,0.5,0.001,0,2,True,0
0,focal,0.6872862577438354,0.5955351853966401,[0.79050736 0.53165375 0.46444444],,0.6872862577438354,0.5955351853966401,[0.79050736 0.53165375 0.46444444],32,0.5,0.001,1,2,True,0
0,focal,0.68743497133255,0.5941196327184267,[0.79120112 0.52919828 0.4619595 ],,0.68743497133255,0.5941196327184267,[0.79120112 0.52919828 0.4619595 ],32,0.5,0.001,12,2,True,0
0,focal,0.68104088306427,0.5892367514984561,[0.78633482 0.52370203 0.4576734 ],,0.68104088306427,0.5892367514984561,[0.78633482 0.52370203 0.4576734 ],32,0.5,0.001,123,2,True,0
0,focal,0.6773234009742737,0.5886647044823708,[0.78183962 0.51868413 0.46547036],,0.6773234009742737,0.5886647044823708,[0.78183962 0.51868413 0.46547036],32,0.5,0.001,1234,2,True,0
0,focal,0.6792564988136292,0.5857823932927532,[0.7869774  0.5118545  0.45851528],,0.6792564988136292,0.5857823932927532,[0.7869774  0.5118545  0.45851528],32,0.5,0.0001,0,2,True,1
0,focal,0.6835687756538391,0.5897327723585922,[0.79038123 0.52345994 0.45535714],,0.6835687756538391,0.5897327723585922,[0.79038123 0.52345994 0.45535714],32,0.5,0.0001,1,2,True,1
0,focal,0.6832713484764099,0.5917297228037287,[0.78838951 0.51976669 0.46703297],,0.6832713484764099,0.5917297228037287,[0.78838951 0.51976669 0.46703297],32,0.5,0.0001,12,2,True,1
0,focal,0.6832713484764099,0.5920324803093583,[0.7886064  0.52671756 0.46077348],,0.6832713484764099,0.5920324803093583,[0.7886064  0.52671756 0.46077348],32,0.5,0.0001,123,2,True,1
0,focal,0.6817843914031982,0.5883007175667274,[0.78804157 0.5160871  0.46077348],,0.6817843914031982,0.5883007175667274,[0.78804157 0.5160871  0.46077348],32,0.5,0.0001,1234,2,True,1
0,focal,0.6789591312408447,0.5886254991444332,[0.78425382 0.51818182 0.46344086],,0.6789591312408447,0.5886254991444332,[0.78425382 0.51818182 0.46344086],32,0.5,0.0005,0,2,True,2
0,focal,0.68104088306427,0.5907352622577899,[0.78491719 0.52403693 0.46325167],,0.68104088306427,0.5907352622577899,[0.78491719 0.52403693 0.46325167],32,0.5,0.0005,1,2,True,2
0,focal,0.6819331049919128,0.5889599901616497,[0.78709225 0.52431012 0.4554776 ],,0.6819331049919128,0.5889599901616497,[0.78709225 0.52431012 0.4554776 ],32,0.5,0.0005,12,2,True,2
0,focal,0.6850557327270508,0.593951327710495,[0.78807018 0.52793834 0.46584546],,0.6850557327270508,0.593951327710495,[0.78807018 0.52793834 0.46584546],32,0.5,0.0005,123,2,True,2
0,focal,0.6847583651542664,0.5934947017616437,[0.78810583 0.52878739 0.46359088],,0.6847583651542664,0.5934947017616437,[0.78810583 0.52878739 0.46359088],32,0.5,0.0005,1234,2,True,2
0,focal,0.6785129904747009,0.5914715580443098,[0.78271166 0.52355014 0.46815287],,0.6785129904747009,0.5914715580443098,[0.78271166 0.52355014 0.46815287],32,0.2,0.001,0,2,True,3
0,focal,0.6789591312408447,0.5910090331456626,[0.78362018 0.52861208 0.46079484],,0.6789591312408447,0.5910090331456626,[0.78362018 0.52861208 0.46079484],32,0.2,0.001,1,2,True,3
0,focal,0.6780669093132019,0.5911566650256598,[0.78224754 0.52608142 0.46514103],,0.6780669093132019,0.5911566650256598,[0.78224754 0.52608142 0.46514103],32,0.2,0.001,12,2,True,3
0,focal,0.6767286062240601,0.5905050273900556,[0.78145853 0.52614997 0.46390658],,0.6767286062240601,0.5905050273900556,[0.78145853 0.52614997 0.46390658],32,0.2,0.001,123,2,True,3
0,focal,0.6767286062240601,0.5886006399131801,[0.78108332 0.52502361 0.45969499],,0.6767286062240601,0.5886006399131801,[0.78108332 0.52502361 0.45969499],32,0.2,0.001,1234,2,True,3
0,focal,0.6782156229019165,0.5883368761916479,[0.78499586 0.51988546 0.46012931],,0.6782156229019165,0.5883368761916479,[0.78499586 0.51988546 0.46012931],32,0.2,0.0001,0,2,True,4
0,focal,0.6788104176521301,0.5866152847339671,[0.7860262  0.52113565 0.45268401],,0.6788104176521301,0.5866152847339671,[0.7860262  0.52113565 0.45268401],32,0.2,0.0001,1,2,True,4
0,focal,0.680148720741272,0.5877618097244807,[0.7859913  0.52259707 0.45469705],,0.680148720741272,0.5877618097244807,[0.7859913  0.52259707 0.45469705],32,0.2,0.0001,12,2,True,4
0,focal,0.676282525062561,0.5866521651844339,[0.78263963 0.52132999 0.45598688],,0.676282525062561,0.5866521651844339,[0.78263963 0.52132999 0.45598688],32,0.2,0.0001,123,2,True,4
0,focal,0.6798512935638428,0.58791539174049,[0.78600047 0.52355359 0.45419212],,0.6798512935638428,0.58791539174049,[0.78600047 0.52355359 0.45419212],32,0.2,0.0001,1234,2,True,4
0,focal,0.6774721145629883,0.5892531509804879,[0.78283485 0.51847093 0.46645367],,0.6774721145629883,0.5892531509804879,[0.78283485 0.51847093 0.46645367],32,0.2,0.0005,0,2,True,5
0,focal,0.6829739809036255,0.5928007937876233,[0.78838664 0.52755655 0.46245919],,0.6829739809036255,0.5928007937876233,[0.78838664 0.52755655 0.46245919],32,0.2,0.0005,1,2,True,5
0,focal,0.6817843914031982,0.5903311390977298,[0.78680441 0.52282158 0.46136743],,0.6817843914031982,0.5903311390977298,[0.78680441 0.52282158 0.46136743],32,0.2,0.0005,12,2,True,5
0,focal,0.676282525062561,0.590416296806704,[0.78108205 0.52605459 0.46411225],,0.676282525062561,0.590416296806704,[0.78108205 0.52605459 0.46411225],32,0.2,0.0005,123,2,True,5
0,focal,0.6774721145629883,0.58798570940494,[0.78289707 0.52416824 0.45689182],,0.6774721145629883,0.58798570940494,[0.78289707 0.52416824 0.45689182],32,0.2,0.0005,1234,2,True,5
0,focal,0.6755390167236328,0.5887273998213344,[0.78197813 0.51547049 0.46873358],,0.6755390167236328,0.5887273998213344,[0.78197813 0.51547049 0.46873358],32,0.1,0.001,0,2,True,6
0,focal,0.6750929355621338,0.5880161203363855,[0.7802958  0.52657911 0.45717345],,0.6750929355621338,0.5880161203363855,[0.7802958  0.52657911 0.45717345],32,0.1,0.001,1,2,True,6
0,focal,0.6825278997421265,0.5925072999584879,[0.78766478 0.52444157 0.46541555],,0.6825278997421265,0.5925072999584879,[0.78766478 0.52444157 0.46541555],32,0.1,0.001,12,2,True,6
0,focal,0.675836443901062,0.5908275591506124,[0.77993295 0.52926679 0.46328294],,0.675836443901062,0.5908275591506124,[0.77993295 0.52926679 0.46328294],32,0.1,0.001,123,2,True,6
0,focal,0.6767286062240601,0.5888962202793198,[0.78016372 0.52887918 0.45764576],,0.6767286062240601,0.5888962202793198,[0.78016372 0.52887918 0.45764576],32,0.1,0.001,1234,2,True,6
0,focal,0.675836443901062,0.5853282104805516,[0.78386372 0.51372049 0.45840043],,0.675836443901062,0.5853282104805516,[0.78386372 0.51372049 0.45840043],32,0.1,0.0001,0,2,True,7
0,focal,0.6777695417404175,0.5860857912368131,[0.78507322 0.51893939 0.45424476],,0.6777695417404175,0.5860857912368131,[0.78507322 0.51893939 0.45424476],32,0.1,0.0001,1,2,True,7
0,focal,0.6802973747253418,0.588278889232088,[0.78601695 0.52477764 0.45404208],,0.6802973747253418,0.588278889232088,[0.78601695 0.52477764 0.45404208],32,0.1,0.0001,12,2,True,7
0,focal,0.6797025799751282,0.5917032390459807,[0.78428113 0.52878598 0.4620426 ],,0.6797025799751282,0.5917032390459807,[0.78428113 0.52878598 0.4620426 ],32,0.1,0.0001,123,2,True,7
0,focal,0.6825278997421265,0.591505204230205,[0.78740715 0.52926369 0.45784478],,0.6825278997421265,0.591505204230205,[0.78740715 0.52926369 0.45784478],32,0.1,0.0001,1234,2,True,7
0,focal,0.6774721145629883,0.5901772680496016,[0.78244365 0.52262588 0.46546227],,0.6774721145629883,0.5901772680496016,[0.78244365 0.52262588 0.46546227],32,0.1,0.0005,0,2,True,8
0,focal,0.681486964225769,0.5914625478587817,[0.78673433 0.52628226 0.46137106],,0.681486964225769,0.5914625478587817,[0.78673433 0.52628226 0.46137106],32,0.1,0.0005,1,2,True,8
0,focal,0.6838661432266235,0.5928235288769681,[0.78775797 0.52668584 0.46402677],,0.6838661432266235,0.5928235288769681,[0.78775797 0.52668584 0.46402677],32,0.1,0.0005,12,2,True,8
0,focal,0.6755390167236328,0.5888970735651394,[0.78086604 0.52412076 0.46170442],,0.6755390167236328,0.5888970735651394,[0.78086604 0.52412076 0.46170442],32,0.1,0.0005,123,2,True,8
0,focal,0.6788104176521301,0.5887970906281917,[0.78401702 0.52385407 0.45852018],,0.6788104176521301,0.5887970906281917,[0.78401702 0.52385407 0.45852018],32,0.1,0.0005,1234,2,True,8
0,focal,0.6779181957244873,0.5903928995714157,[0.78239262 0.52285898 0.4659271 ],,0.6779181957244873,0.5903928995714157,[0.78239262 0.52285898 0.4659271 ],64,0.5,0.001,0,2,True,9
0,focal,0.6822304725646973,0.5943116183928621,[0.78460085 0.53291139 0.46542261],,0.6822304725646973,0.5943116183928621,[0.78460085 0.53291139 0.46542261],64,0.5,0.001,1,2,True,9
0,focal,0.68104088306427,0.5925383156989179,[0.78324312 0.53041519 0.46395664],,0.68104088306427,0.5925383156989179,[0.78324312 0.53041519 0.46395664],64,0.5,0.001,12,2,True,9
0,focal,0.6822304725646973,0.5927707885319173,[0.78549564 0.5298436  0.46297312],,0.6822304725646973,0.5927707885319173,[0.78549564 0.5298436  0.46297312],64,0.5,0.001,123,2,True,9
0,focal,0.6829739809036255,0.593268621629118,[0.78620202 0.53273427 0.46086957],,0.6829739809036255,0.593268621629118,[0.78620202 0.53273427 0.46086957],64,0.5,0.001,1234,2,True,9
0,focal,0.6813383102416992,0.5921255546027232,[0.78546998 0.52614897 0.46475771],,0.6813383102416992,0.5921255546027232,[0.78546998 0.52614897 0.46475771],64,0.5,0.0001,0,2,True,10
0,focal,0.6795539259910583,0.5887413453957875,[0.78580721 0.52631579 0.45410103],,0.6795539259910583,0.5887413453957875,[0.78580721 0.52631579 0.45410103],64,0.5,0.0001,1,2,True,10
0,focal,0.6841635704040527,0.5924615747413345,[0.7891651  0.52550032 0.4627193 ],,0.6841635704040527,0.5924615747413345,[0.7891651  0.52550032 0.4627193 ],64,0.5,0.0001,12,2,True,10
0,focal,0.6807435154914856,0.5901275403238521,[0.78590786 0.5252074  0.45926736],,0.6807435154914856,0.5901275403238521,[0.78590786 0.5252074  0.45926736],64,0.5,0.0001,123,2,True,10
0,focal,0.6834200620651245,0.5909669817128419,[0.78873239 0.52705732 0.45711123],,0.6834200620651245,0.5909669817128419,[0.78873239 0.52705732 0.45711123],64,0.5,0.0001,1234,2,True,10
0,focal,0.6776208281517029,0.5897306242249595,[0.78141624 0.52250551 0.46527012],,0.6776208281517029,0.5897306242249595,[0.78141624 0.52250551 0.46527012],64,0.5,0.0005,0,2,True,11
0,focal,0.6816356778144836,0.5898954208784145,[0.78522701 0.5347355  0.44972376],,0.6816356778144836,0.5898954208784145,[0.78522701 0.5347355  0.44972376],64,0.5,0.0005,1,2,True,11
0,focal,0.6837174892425537,0.5950176907577117,[0.78563886 0.53073171 0.46868251],,0.6837174892425537,0.5950176907577117,[0.78563886 0.53073171 0.46868251],64,0.5,0.0005,12,2,True,11
0,focal,0.6837174892425537,0.5949910243456954,[0.7872215  0.53186671 0.46588486],,0.6837174892425537,0.5949910243456954,[0.7872215  0.53186671 0.46588486],64,0.5,0.0005,123,2,True,11
0,focal,0.6817843914031982,0.5926414671033395,[0.78644788 0.52608142 0.4653951 ],,0.6817843914031982,0.5926414671033395,[0.78644788 0.52608142 0.4653951 ],64,0.5,0.0005,1234,2,True,11
0,focal,0.6785129904747009,0.5931673314045388,[0.78217469 0.52531041 0.4720169 ],,0.6785129904747009,0.5931673314045388,[0.78217469 0.52531041 0.4720169 ],64,0.2,0.001,0,2,True,12
0,focal,0.6764312386512756,0.5908029045398384,[0.77931693 0.53643216 0.45665962],,0.6764312386512756,0.5908029045398384,[0.77931693 0.53643216 0.45665962],64,0.2,0.001,1,2,True,12
0,focal,0.6789591312408447,0.5918972155194194,[0.78221695 0.52978454 0.46369016],,0.6789591312408447,0.5918972155194194,[0.78221695 0.52978454 0.46369016],64,0.2,0.001,12,2,True,12
0,focal,0.6788104176521301,0.5927906231630898,[0.78246366 0.5319082  0.464     ],,0.6788104176521301,0.5927906231630898,[0.78246366 0.5319082  0.464     ],64,0.2,0.001,123,2,True,12
0,focal,0.6822304725646973,0.5933584361175855,[0.78564684 0.53188776 0.46254072],,0.6822304725646973,0.5933584361175855,[0.78564684 0.53188776 0.46254072],64,0.2,0.001,1234,2,True,12
0,focal,0.6792564988136292,0.5905809359565622,[0.78412322 0.52565707 0.46196251],,0.6792564988136292,0.5905809359565622,[0.78412322 0.52565707 0.46196251],64,0.2,0.0001,0,2,True,13
0,focal,0.6797025799751282,0.5903920685925724,[0.78476507 0.53107345 0.45533769],,0.6797025799751282,0.5903920685925724,[0.78476507 0.53107345 0.45533769],64,0.2,0.0001,1,2,True,13
0,focal,0.6828252673149109,0.5921469919581505,[0.78782875 0.52952381 0.45908841],,0.6828252673149109,0.5921469919581505,[0.78782875 0.52952381 0.45908841],64,0.2,0.0001,12,2,True,13
0,focal,0.6786617040634155,0.588324959372447,[0.78430446 0.52468354 0.45598688],,0.6786617040634155,0.588324959372447,[0.78430446 0.52468354 0.45598688],64,0.2,0.0001,123,2,True,13
0,focal,0.681486964225769,0.5898810721543789,[0.78760019 0.52524611 0.45679692],,0.681486964225769,0.5898810721543789,[0.78760019 0.52524611 0.45679692],64,0.2,0.0001,1234,2,True,13
0,focal,0.6777695417404175,0.5918288999236032,[0.78221481 0.52667707 0.46659483],,0.6777695417404175,0.5918288999236032,[0.78221481 0.52667707 0.46659483],64,0.2,0.0005,0,2,True,14
0,focal,0.681486964225769,0.5932501942329192,[0.78553646 0.53149483 0.4627193 ],,0.681486964225769,0.5932501942329192,[0.78553646 0.53149483 0.4627193 ],64,0.2,0.0005,1,2,True,14
0,focal,0.6816356778144836,0.5917611031793202,[0.78613535 0.52701844 0.46212953],,0.6816356778144836,0.5917611031793202,[0.78613535 0.52701844 0.46212953],64,0.2,0.0005,12,2,True,14
0,focal,0.6795539259910583,0.5902763884463043,[0.78431837 0.52836102 0.45814978],,0.6795539259910583,0.5902763884463043,[0.78431837 0.52836102 0.45814978],64,0.2,0.0005,123,2,True,14
0,focal,0.6838661432266235,0.5942278478918849,[0.78768577 0.53236041 0.46263736],,0.6838661432266235,0.5942278478918849,[0.78768577 0.53236041 0.46263736],64,0.2,0.0005,1234,2,True,14
0,focal,0.6783643364906311,0.5928412271818977,[0.78301213 0.52425313 0.47125842],,0.6783643364906311,0.5928412271818977,[0.78301213 0.52425313 0.47125842],64,0.1,0.001,0,2,True,15
0,focal,0.6743494272232056,0.589759893676225,[0.77817746 0.5296467  0.46145553],,0.6743494272232056,0.589759893676225,[0.77817746 0.5296467  0.46145553],64,0.1,0.001,1,2,True,15
0,focal,0.6789591312408447,0.5935271272763265,[0.78161467 0.53287414 0.46609257],,0.6789591312408447,0.5935271272763265,[0.78161467 0.53287414 0.46609257],64,0.1,0.001,12,2,True,15
0,focal,0.6794052124023438,0.5936120427932536,[0.78324009 0.52852665 0.46906939],,0.6794052124023438,0.5936120427932536,[0.78324009 0.52852665 0.46906939],64,0.1,0.001,123,2,True,15
0,focal,0.6780669093132019,0.5894441593870384,[0.78296964 0.52747947 0.45788337],,0.6780669093132019,0.5894441593870384,[0.78296964 0.52747947 0.45788337],64,0.1,0.001,1234,2,True,15
0,focal,0.6788104176521301,0.5888190133360391,[0.78453169 0.52327044 0.45865491],,0.6788104176521301,0.5888190133360391,[0.78453169 0.52327044 0.45865491],64,0.1,0.0001,0,2,True,16
0,focal,0.6773234009742737,0.5862777486727411,[0.78434164 0.5255566  0.44893501],,0.6773234009742737,0.5862777486727411,[0.78434164 0.5255566  0.44893501],64,0.1,0.0001,1,2,True,16
0,focal,0.6822304725646973,0.5924951308862875,[0.78687751 0.52771619 0.4628917 ],,0.6822304725646973,0.5924951308862875,[0.78687751 0.52771619 0.4628917 ],64,0.1,0.0001,12,2,True,16
0,focal,0.6779181957244873,0.5860710071706169,[0.78489676 0.5199241  0.45339217],,0.6779181957244873,0.5860710071706169,[0.78489676 0.5199241  0.45339217],64,0.1,0.0001,123,2,True,16
0,focal,0.6802973747253418,0.5890076491631503,[0.78626224 0.52581565 0.45494505],,0.6802973747253418,0.5890076491631503,[0.78626224 0.52581565 0.45494505],64,0.1,0.0001,1234,2,True,16
0,focal,0.6771747469902039,0.5921911240799982,[0.78135432 0.5246933  0.47052576],,0.6771747469902039,0.5921911240799982,[0.78135432 0.5246933  0.47052576],64,0.1,0.0005,0,2,True,17
0,focal,0.6797025799751282,0.5910049478965401,[0.78385417 0.52863436 0.46052632],,0.6797025799751282,0.5910049478965401,[0.78385417 0.52863436 0.46052632],64,0.1,0.0005,1,2,True,17
0,focal,0.6800000071525574,0.591439034485513,[0.7836783  0.52893082 0.46170799],,0.6800000071525574,0.591439034485513,[0.7836783  0.52893082 0.46170799],64,0.1,0.0005,12,2,True,17
0,focal,0.6734572649002075,0.5854113842683604,[0.77995487 0.51498896 0.46129032],,0.6734572649002075,0.5854113842683604,[0.77995487 0.51498896 0.46129032],64,0.1,0.0005,123,2,True,17
0,focal,0.681486964225769,0.5918433919323066,[0.78699419 0.53195489 0.4565811 ],,0.681486964225769,0.5918433919323066,[0.78699419 0.53195489 0.4565811 ],64,0.1,0.0005,1234,2,True,17
0,focal,0.6838661432266235,0.5940475320594436,[0.78794301 0.53100775 0.46319183],,0.6838661432266235,0.5940475320594436,[0.78794301 0.53100775 0.46319183],128,0.5,0.001,0,2,True,18
0,focal,0.6844609379768372,0.5967270649985583,[0.78764297 0.52922286 0.47331536],,0.6844609379768372,0.5967270649985583,[0.78764297 0.52922286 0.47331536],128,0.5,0.001,1,2,True,18
0,focal,0.6866914629936218,0.5973766000705226,[0.78910926 0.53307519 0.46994536],,0.6866914629936218,0.5973766000705226,[0.78910926 0.53307519 0.46994536],128,0.5,0.001,12,2,True,18
0,focal,0.6832713484764099,0.5969770792553409,[0.78604376 0.53016688 0.4747206 ],,0.6832713484764099,0.5969770792553409,[0.78604376 0.53016688 0.4747206 ],128,0.5,0.001,123,2,True,18
0,focal,0.6770260334014893,0.592001586724103,[0.77985921 0.53085271 0.46529284],,0.6770260334014893,0.592001586724103,[0.77985921 0.53085271 0.46529284],128,0.5,0.001,1234,2,True,18
0,focal,0.681486964225769,0.5941680640697656,[0.78544334 0.52883706 0.46822379],,0.681486964225769,0.5941680640697656,[0.78544334 0.52883706 0.46822379],128,0.5,0.0001,0,2,True,19
0,focal,0.6822304725646973,0.592269117530872,[0.78630266 0.5264163  0.4640884 ],,0.6822304725646973,0.592269117530872,[0.78630266 0.5264163  0.4640884 ],128,0.5,0.0001,1,2,True,19
0,focal,0.6837174892425537,0.5946951565114976,[0.78707852 0.53150859 0.46549836],,0.6837174892425537,0.5946951565114976,[0.78707852 0.53150859 0.46549836],128,0.5,0.0001,12,2,True,19
0,focal,0.6826765537261963,0.5932721496546915,[0.78622804 0.53017378 0.46341463],,0.6826765537261963,0.5932721496546915,[0.78622804 0.53017378 0.46341463],128,0.5,0.0001,123,2,True,19
0,focal,0.6820817589759827,0.5920305719462521,[0.78697806 0.52698413 0.46212953],,0.6820817589759827,0.5920305719462521,[0.78697806 0.52698413 0.46212953],128,0.5,0.0001,1234,2,True,19
0,focal,0.6789591312408447,0.5926425429435884,[0.78269139 0.53036566 0.46487058],,0.6789591312408447,0.5926425429435884,[0.78269139 0.53036566 0.46487058],128,0.5,0.0005,0,2,True,20
0,focal,0.6811895966529846,0.5913382091474473,[0.78529342 0.52768937 0.46103183],,0.6811895966529846,0.5913382091474473,[0.78529342 0.52768937 0.46103183],128,0.5,0.0005,1,2,True,20
0,focal,0.6813383102416992,0.5938056578492165,[0.78461538 0.53121019 0.4655914 ],,0.6813383102416992,0.5938056578492165,[0.78461538 0.53121019 0.4655914 ],128,0.5,0.0005,12,2,True,20
0,focal,0.6811895966529846,0.5922585849878179,[0.78617915 0.52839821 0.46219839],,0.6811895966529846,0.5922585849878179,[0.78617915 0.52839821 0.46219839],128,0.5,0.0005,123,2,True,20
0,focal,0.6866914629936218,0.5977395940397742,[0.78874897 0.5370665  0.46740331],,0.6866914629936218,0.5977395940397742,[0.78874897 0.5370665  0.46740331],128,0.5,0.0005,1234,2,True,20
0,focal,0.6816356778144836,0.5944832066591924,[0.78436019 0.53379659 0.46529284],,0.6816356778144836,0.5944832066591924,[0.78436019 0.53379659 0.46529284],128,0.2,0.001,0,2,True,21
0,focal,0.6819331049919128,0.5912148225981576,[0.78763662 0.52151239 0.46449546],,0.6819331049919128,0.5912148225981576,[0.78763662 0.52151239 0.46449546],128,0.2,0.001,1,2,True,21
0,focal,0.6791077852249146,0.5955916575505734,[0.78121639 0.53181678 0.47374179],,0.6791077852249146,0.5955916575505734,[0.78121639 0.53181678 0.47374179],128,0.2,0.001,12,2,True,21
0,focal,0.6816356778144836,0.5925135638948804,[0.78558771 0.5308328  0.46112017],,0.6816356778144836,0.5925135638948804,[0.78558771 0.5308328  0.46112017],128,0.2,0.001,123,2,True,21
0,focal,0.6773234009742737,0.593383383275084,[0.78067448 0.53085642 0.46861925],,0.6773234009742737,0.593383383275084,[0.78067448 0.53085642 0.46861925],128,0.2,0.001,1234,2,True,21
0,focal,0.6822304725646973,0.59557323605479,[0.78589241 0.530625   0.4702023 ],,0.6822304725646973,0.59557323605479,[0.78589241 0.530625   0.4702023 ],128,0.2,0.0001,0,2,True,22
0,focal,0.6783643364906311,0.5887260171815106,[0.78391484 0.52267003 0.45959318],,0.6783643364906311,0.5887260171815106,[0.78391484 0.52267003 0.45959318],128,0.2,0.0001,1,2,True,22
0,focal,0.6804460883140564,0.5917682604381965,[0.78522377 0.52694611 0.4631349 ],,0.6804460883140564,0.5917682604381965,[0.78522377 0.52694611 0.4631349 ],128,0.2,0.0001,12,2,True,22
0,focal,0.6792564988136292,0.591137226207456,[0.78341232 0.52787402 0.46212534],,0.6792564988136292,0.591137226207456,[0.78341232 0.52787402 0.46212534],128,0.2,0.0001,123,2,True,22
0,focal,0.68104088306427,0.5921187388829886,[0.78589182 0.52741021 0.46305419],,0.68104088306427,0.5921187388829886,[0.78589182 0.52741021 0.46305419],128,0.2,0.0001,1234,2,True,22
0,focal,0.680594801902771,0.5944795919019863,[0.7836396  0.52774275 0.47205643],,0.680594801902771,0.5944795919019863,[0.7836396  0.52774275 0.47205643],128,0.2,0.0005,0,2,True,23
0,focal,0.6795539259910583,0.5924078317003723,[0.78249526 0.5303833  0.46434494],,0.6795539259910583,0.5924078317003723,[0.78249526 0.5303833  0.46434494],128,0.2,0.0005,1,2,True,23
0,focal,0.6838661432266235,0.5962206954744294,[0.78611078 0.53333333 0.46921797],,0.6838661432266235,0.5962206954744294,[0.78611078 0.53333333 0.46921797],128,0.2,0.0005,12,2,True,23
0,focal,0.6808921694755554,0.5937458649558404,[0.7842299  0.53320802 0.46379967],,0.6808921694755554,0.5937458649558404,[0.7842299  0.53320802 0.46379967],128,0.2,0.0005,123,2,True,23
0,focal,0.6804460883140564,0.5919144135780939,[0.78524125 0.52531041 0.46519158],,0.6804460883140564,0.5919144135780939,[0.78524125 0.52531041 0.46519158],128,0.2,0.0005,1234,2,True,23
0,focal,0.6798512935638428,0.5960150203584758,[0.7817271  0.53370787 0.4726101 ],,0.6798512935638428,0.5960150203584758,[0.7817271  0.53370787 0.4726101 ],128,0.1,0.001,0,2,True,24
0,focal,0.6804460883140564,0.592352392819003,[0.78550278 0.52743706 0.46411734],,0.6804460883140564,0.592352392819003,[0.78550278 0.52743706 0.46411734],128,0.1,0.001,1,2,True,24
0,focal,0.6838661432266235,0.5965907973508758,[0.78670295 0.53324889 0.46982055],,0.6838661432266235,0.5965907973508758,[0.78670295 0.53324889 0.46982055],128,0.1,0.001,12,2,True,24
0,focal,0.6794052124023438,0.5928122359415708,[0.78252589 0.53445588 0.46145494],,0.6794052124023438,0.5928122359415708,[0.78252589 0.53445588 0.46145494],128,0.1,0.001,123,2,True,24
0,focal,0.6795539259910583,0.5925888879211713,[0.78307255 0.52913085 0.46556327],,0.6795539259910583,0.5925888879211713,[0.78307255 0.52913085 0.46556327],128,0.1,0.001,1234,2,True,24
0,focal,0.6808921694755554,0.5931772538932246,[0.78496027 0.53018868 0.46438282],,0.6808921694755554,0.5931772538932246,[0.78496027 0.53018868 0.46438282],128,0.1,0.0001,0,2,True,25
0,focal,0.680148720741272,0.5911321517858347,[0.78519044 0.52472441 0.4634816 ],,0.680148720741272,0.5911321517858347,[0.78519044 0.52472441 0.4634816 ],128,0.1,0.0001,1,2,True,25
0,focal,0.6816356778144836,0.5926223459087806,[0.78551993 0.53174104 0.46060606],,0.6816356778144836,0.5926223459087806,[0.78551993 0.53174104 0.46060606],128,0.1,0.0001,12,2,True,25
0,focal,0.6808921694755554,0.5911227069053984,[0.7859085  0.52777778 0.45968184],,0.6808921694755554,0.5911227069053984,[0.7859085  0.52777778 0.45968184],128,0.1,0.0001,123,2,True,25
0,focal,0.6808921694755554,0.592170116552384,[0.78527462 0.52859837 0.46263736],,0.6808921694755554,0.592170116552384,[0.78527462 0.52859837 0.46263736],128,0.1,0.0001,1234,2,True,25
0,focal,0.6786617040634155,0.592709628843458,[0.78335315 0.52305749 0.47171825],,0.6786617040634155,0.592709628843458,[0.78335315 0.52305749 0.47171825],128,0.1,0.0005,0,2,True,26
0,focal,0.6797025799751282,0.5913283525264678,[0.78317382 0.5260856  0.46472564],,0.6797025799751282,0.5913283525264678,[0.78317382 0.5260856  0.46472564],128,0.1,0.0005,1,2,True,26
0,focal,0.6819331049919128,0.5930974324686867,[0.78536873 0.5300286  0.46389497],,0.6819331049919128,0.5930974324686867,[0.78536873 0.5300286  0.46389497],128,0.1,0.0005,12,2,True,26
0,focal,0.6791077852249146,0.5893322025761808,[0.78462448 0.52557992 0.45779221],,0.6791077852249146,0.5893322025761808,[0.78462448 0.52557992 0.45779221],128,0.1,0.0005,123,2,True,26
0,focal,0.6783643364906311,0.5912096498642373,[0.78266033 0.52727846 0.46369016],,0.6783643364906311,0.5912096498642373,[0.78266033 0.52727846 0.46369016],128,0.1,0.0005,1234,2,True,26
0,focal,0.680148720741272,0.5943717848723901,[0.78301213 0.53632    0.46378322],,0.680148720741272,0.5943717848723901,[0.78301213 0.53632    0.46378322],256,0.5,0.001,0,2,True,27
0,focal,0.6859479546546936,0.5966531294966105,[0.7883074  0.53926868 0.46238331],,0.6859479546546936,0.5966531294966105,[0.7883074  0.53926868 0.46238331],256,0.5,0.001,1,2,True,27
0,focal,0.6837174892425537,0.5976714381256548,[0.78576512 0.53878072 0.46846847],,0.6837174892425537,0.5976714381256548,[0.78576512 0.53878072 0.46846847],256,0.5,0.001,12,2,True,27
0,focal,0.6863940358161926,0.5970294161580704,[0.7888941  0.53033268 0.47186147],,0.6863940358161926,0.5970294161580704,[0.7888941  0.53033268 0.47186147],256,0.5,0.001,123,2,True,27
0,focal,0.6828252673149109,0.59512527607379,[0.78439716 0.5394402  0.46153846],,0.6828252673149109,0.59512527607379,[0.78439716 0.5394402  0.46153846],256,0.5,0.001,1234,2,True,27
0,focal,0.684907078742981,0.5950697842315306,[0.78892163 0.53256705 0.46372068],,0.684907078742981,0.5950697842315306,[0.78892163 0.53256705 0.46372068],256,0.5,0.0001,0,2,True,28
0,focal,0.6872862577438354,0.5967280997539907,[0.7906375  0.53621347 0.46333333],,0.6872862577438354,0.5967280997539907,[0.7906375  0.53621347 0.46333333],256,0.5,0.0001,1,2,True,28
0,focal,0.6835687756538391,0.5927822705818201,[0.78734415 0.53167781 0.45932485],,0.6835687756538391,0.5927822705818201,[0.78734415 0.53167781 0.45932485],256,0.5,0.0001,12,2,True,28
0,focal,0.6850557327270508,0.5952859111410845,[0.78873571 0.53269841 0.46442361],,0.6850557327270508,0.5952859111410845,[0.78873571 0.53269841 0.46442361],256,0.5,0.0001,123,2,True,28
0,focal,0.684907078742981,0.5958583069697664,[0.78785731 0.53741711 0.4623005 ],,0.684907078742981,0.5958583069697664,[0.78785731 0.53741711 0.4623005 ],256,0.5,0.0001,1234,2,True,28
0,focal,0.6865427494049072,0.5992668849946671,[0.78834356 0.5370844  0.4723727 ],,0.6865427494049072,0.5992668849946671,[0.78834356 0.5370844  0.4723727 ],256,0.5,0.0005,0,2,True,29
0,focal,0.6841635704040527,0.5965209922557468,[0.78687751 0.53235106 0.47033441],,0.6841635704040527,0.5965209922557468,[0.78687751 0.53235106 0.47033441],256,0.5,0.0005,1,2,True,29
0,focal,0.6813383102416992,0.5932914423627037,[0.78437389 0.53075684 0.46474359],,0.6813383102416992,0.5932914423627037,[0.78437389 0.53075684 0.46474359],256,0.5,0.0005,12,2,True,29
0,focal,0.680594801902771,0.5951603080321473,[0.78282588 0.53429377 0.46836128],,0.680594801902771,0.5951603080321473,[0.78282588 0.53429377 0.46836128],256,0.5,0.0005,123,2,True,29
0,focal,0.6823791861534119,0.5971932130373301,[0.7836871  0.54275093 0.46514161],,0.6823791861534119,0.5971932130373301,[0.7836871  0.54275093 0.46514161],256,0.5,0.0005,1234,2,True,29
0,focal,0.6860966682434082,0.59741360800968,[0.78756598 0.53350515 0.47116969],,0.6860966682434082,0.59741360800968,[0.78756598 0.53350515 0.47116969],256,0.2,0.001,0,2,True,30
0,focal,0.6822304725646973,0.5930306936046545,[0.78578177 0.53227848 0.46103183],,0.6822304725646973,0.5930306936046545,[0.78578177 0.53227848 0.46103183],256,0.2,0.001,1,2,True,30
0,focal,0.6789591312408447,0.5953678124026462,[0.78110048 0.53603744 0.46896552],,0.6789591312408447,0.5953678124026462,[0.78110048 0.53603744 0.46896552],256,0.2,0.001,12,2,True,30
0,focal,0.6838661432266235,0.5925293127163916,[0.78836909 0.52675965 0.46245919],,0.6838661432266235,0.5925293127163916,[0.78836909 0.52675965 0.46245919],256,0.2,0.001,123,2,True,30
0,focal,0.6829739809036255,0.5962458003179824,[0.78559583 0.53633441 0.46680717],,0.6829739809036255,0.5962458003179824,[0.78559583 0.53633441 0.46680717],256,0.2,0.001,1234,2,True,30
0,focal,0.6871375441551208,0.5971007033268808,[0.7910975  0.53375796 0.46644664],,0.6871375441551208,0.5971007033268808,[0.7910975  0.53375796 0.46644664],256,0.2,0.0001,0,2,True,31
0,focal,0.6846096515655518,0.5940592727397268,[0.78802875 0.53684879 0.45730028],,0.6846096515655518,0.5940592727397268,[0.78802875 0.53684879 0.45730028],256,0.2,0.0001,1,2,True,31
0,focal,0.6834200620651245,0.5950253663158094,[0.786862  0.5314376 0.4667765],,0.6834200620651245,0.5950253663158094,[0.786862  0.5314376 0.4667765],256,0.2,0.0001,12,2,True,31
0,focal,0.6869888305664062,0.5979984813311088,[0.78979688 0.53926206 0.4649365 ],,0.6869888305664062,0.5979984813311088,[0.78979688 0.53926206 0.4649365 ],256,0.2,0.0001,123,2,True,31
0,focal,0.681486964225769,0.59230922702724,[0.78586623 0.52918782 0.46187364],,0.681486964225769,0.59230922702724,[0.78586623 0.52918782 0.46187364],256,0.2,0.0001,1234,2,True,31
0,focal,0.6823791861534119,0.5965769476314312,[0.78408956 0.54294671 0.46269458],,0.6823791861534119,0.5965769476314312,[0.78408956 0.54294671 0.46269458],256,0.2,0.0005,0,2,True,32
0,focal,0.6865427494049072,0.5957445177149995,[0.78869606 0.53725616 0.46128134],,0.6865427494049072,0.5957445177149995,[0.78869606 0.53725616 0.46128134],256,0.2,0.0005,1,2,True,32
0,focal,0.6837174892425537,0.5953192314211712,[0.78640548 0.53379879 0.46575342],,0.6837174892425537,0.5953192314211712,[0.78640548 0.53379879 0.46575342],256,0.2,0.0005,12,2,True,32
0,focal,0.6883271336555481,0.5987253029959146,[0.79086199 0.53924051 0.46607341],,0.6883271336555481,0.5987253029959146,[0.79086199 0.53924051 0.46607341],256,0.2,0.0005,123,2,True,32
0,focal,0.6832713484764099,0.5953527762533583,[0.78567207 0.53650794 0.46387833],,0.6832713484764099,0.5953527762533583,[0.78567207 0.53650794 0.46387833],256,0.2,0.0005,1234,2,True,32
0,focal,0.6828252673149109,0.5934980685637502,[0.7849677  0.53128008 0.46424642],,0.6828252673149109,0.5934980685637502,[0.7849677  0.53128008 0.46424642],256,0.1,0.001,0,2,True,33
0,focal,0.6817843914031982,0.5947780291031085,[0.78306127 0.53669291 0.4645799 ],,0.6817843914031982,0.5947780291031085,[0.78306127 0.53669291 0.4645799 ],256,0.1,0.001,1,2,True,33
0,focal,0.6800000071525574,0.5972868283286349,[0.78151562 0.53705426 0.4732906 ],,0.6800000071525574,0.5972868283286349,[0.78151562 0.53705426 0.4732906 ],256,0.1,0.001,12,2,True,33
0,focal,0.6847583651542664,0.5955867433673752,[0.78827667 0.52482736 0.4736562 ],,0.6847583651542664,0.5955867433673752,[0.78827667 0.52482736 0.4736562 ],256,0.1,0.001,123,2,True,33
0,focal,0.6837174892425537,0.5975740042850745,[0.78543563 0.53614263 0.47114376],,0.6837174892425537,0.5975740042850745,[0.78543563 0.53614263 0.47114376],256,0.1,0.001,1234,2,True,33
0,focal,0.6832713484764099,0.5924602700928595,[0.78830051 0.53049555 0.45858475],,0.6832713484764099,0.5924602700928595,[0.78830051 0.53049555 0.45858475],256,0.1,0.0001,0,2,True,34
0,focal,0.685799241065979,0.5974077106287073,[0.78802169 0.53595185 0.46824959],,0.685799241065979,0.5974077106287073,[0.78802169 0.53595185 0.46824959],256,0.1,0.0001,1,2,True,34
0,focal,0.6829739809036255,0.5938083445682655,[0.78616946 0.53303825 0.46221732],,0.6829739809036255,0.5938083445682655,[0.78616946 0.53303825 0.46221732],256,0.1,0.0001,12,2,True,34
0,focal,0.6852044463157654,0.5958702831442647,[0.78819362 0.53693807 0.46247916],,0.6852044463157654,0.5958702831442647,[0.78819362 0.53693807 0.46247916],256,0.1,0.0001,123,2,True,34
0,focal,0.680148720741272,0.5909769785465065,[0.78456439 0.53050901 0.45785753],,0.680148720741272,0.5909769785465065,[0.78456439 0.53050901 0.45785753],256,0.1,0.0001,1234,2,True,34
0,focal,0.6802973747253418,0.5955980086139832,[0.78282707 0.53939583 0.46457112],,0.6802973747253418,0.5955980086139832,[0.78282707 0.53939583 0.46457112],256,0.1,0.0005,0,2,True,35
0,focal,0.6856505870819092,0.5946562424245833,[0.7887522  0.53110969 0.46410684],,0.6856505870819092,0.5946562424245833,[0.7887522  0.53110969 0.46410684],256,0.1,0.0005,1,2,True,35
0,focal,0.6843122839927673,0.5977377375899301,[0.78543563 0.53802281 0.46975477],,0.6843122839927673,0.5977377375899301,[0.78543563 0.53802281 0.46975477],256,0.1,0.0005,12,2,True,35
0,focal,0.6896654367446899,0.6005945983086741,[0.79157845 0.53968254 0.4705228 ],,0.6896654367446899,0.6005945983086741,[0.79157845 0.53968254 0.4705228 ],256,0.1,0.0005,123,2,True,35
0,focal,0.6856505870819092,0.5964400431634227,[0.7886064  0.53397436 0.46673937],,0.6856505870819092,0.5964400431634227,[0.7886064  0.53397436 0.46673937],256,0.1,0.0005,1234,2,True,35
