,loss,accuracy,f1,f1_scores,precision,precision_scores,recall,recall_scores,valid_loss,valid_accuracy,valid_f1,valid_f1_scores,valid_precision,valid_precision_scores,valid_recall,valid_recall_scores,k,dimensions,sig_depth,method,input_channels,output_channels,features,standardise_method,include_features_in_path,include_features_in_input,embedding_dim,num_features,log_signature,num_heads,num_layers,ffn_hidden_dim,dropout_rate,learning_rate,seed,loss_function,gamma,k_fold,n_splits,augmentation_type,hidden_dim_aug,comb_method,batch_size,model_id
0,,0.6373563408851624,0.5227558578603183,[0.76426426 0.45040443 0.35359888],0.5157496203853574,[0.79481574 0.46525945 0.28717367],0.5441477328762373,[0.73597455 0.43646865 0.46      ],,0.6562299132347107,0.554315404946146,[0.7787452  0.47652174 0.40767928],0.5491545741959494,[0.79172091 0.50929368 0.34644914],0.5696997591903702,[0.76618796 0.44771242 0.4951989 ],5,15,3,umap,17,12,"['timeline_index', 'speaker']","[None, None]",True,False,384,0,True,10,1,"(256, 256)",0.1,0.001,1,focal,2,True,5,Conv1d,,concatenation,64,0
0,,0.6329501867294312,0.5180989213636907,[0.75953167 0.44360902 0.35115607],0.5100811459047747,[0.78963795 0.44923858 0.29136691],0.5371912593225777,[0.73163678 0.43811881 0.44181818],,0.6589595079421997,0.5531461279029459,[0.78127398 0.49211789 0.38604651],0.548586349134411,[0.79345284 0.51729107 0.33501514],0.5647209226626179,[0.76946334 0.46928105 0.45541838],5,15,3,umap,17,12,"['timeline_index', 'speaker']","[None, None]",True,False,384,0,True,10,1,"(256, 256)",0.1,0.001,12,focal,2,True,5,Conv1d,,concatenation,64,0
0,,0.632758617401123,0.5197581028439167,[0.7562799  0.44202595 0.36096845],0.5113844309647634,[0.78297214 0.44859813 0.30258303],0.5380879637992718,[0.7313476  0.43564356 0.44727273],,0.6610468626022339,0.55838320466483,[0.78200869 0.48367347 0.40946746],0.5525532198652203,[0.79336272 0.50425532 0.36004162],0.5701012366537835,[0.77097506 0.46470588 0.47462277],5,15,3,umap,17,12,"['timeline_index', 'speaker']","[None, None]",True,False,384,0,True,10,1,"(256, 256)",0.1,0.001,123,focal,2,True,5,Conv1d,,concatenation,64,0
0,,0.5881226062774658,0.457241917946629,[0.72465544 0.40209424 0.24497608],0.4590751668415858,[0.77018229 0.34845735 0.25858586],0.46406177459851244,[0.68421053 0.47524752 0.23272727],,0.6244380474090576,0.5009676095445618,[0.7544317  0.47134503 0.2771261 ],0.5018737707145985,[0.78152849 0.42645503 0.2976378 ],0.5050691881690949,[0.72915092 0.52679739 0.25925926],5,15,3,umap,17,12,"['timeline_index', 'speaker']","[None, None]",True,False,384,0,True,10,1,"(256, 256)",0.1,0.0001,1,focal,2,True,5,Conv1d,,concatenation,64,1
0,,0.6162835359573364,0.461850035439553,[0.75627554 0.39137134 0.23790323],0.46580878650673196,[0.76340601 0.36705202 0.26696833],0.4609881358291989,[0.74927704 0.41914191 0.21454545],,0.6321451663970947,0.49049288723433854,[0.76955814 0.43982074 0.26209978],0.49410426170649274,[0.76467662 0.43099122 0.28664495],0.48831620439671064,[0.77450239 0.44901961 0.24142661],5,15,3,umap,17,12,"['timeline_index', 'speaker']","[None, None]",True,False,384,0,True,10,1,"(256, 256)",0.1,0.0001,12,focal,2,True,5,Conv1d,,concatenation,64,1
0,,0.6281608939170837,0.4777862434837335,[0.76270208 0.4011254  0.26953125],0.48119611884330865,[0.76138329 0.39106583 0.29113924],0.47555023692074244,[0.76402545 0.41171617 0.25090909],,0.6501284241676331,0.5101147904215521,[0.78163494 0.46516129 0.28354814],0.5161029050458306,[0.77212389 0.45923567 0.31694915],0.5063802750181005,[0.79138322 0.47124183 0.25651578],5,15,3,umap,17,12,"['timeline_index', 'speaker']","[None, None]",True,False,384,0,True,10,1,"(256, 256)",0.1,0.0001,123,focal,2,True,5,Conv1d,,concatenation,64,1
0,,0.6371647715568542,0.5166572860358308,[0.76498516 0.43936124 0.34562545],0.5110149661514631,[0.78549665 0.46063348 0.28691477],0.5333433638332022,[0.74551764 0.419967   0.43454545],,0.663294792175293,0.5577508569650905,[0.78591477 0.49077619 0.3965616 ],0.5538555574140344,[0.79607134 0.52494415 0.34055118],0.5704737313306666,[0.77601411 0.46078431 0.47462277],5,15,3,umap,17,12,"['timeline_index', 'speaker']","[None, None]",True,False,384,0,True,10,1,"(256, 256)",0.1,0.0005,1,focal,2,True,5,Conv1d,,concatenation,64,2
0,,0.624904215335846,0.5109761070355585,[0.75279203 0.43403909 0.3460972 ],0.502181883515254,[0.78724747 0.42845659 0.29084158],0.5294226154830636,[0.72122614 0.43976898 0.42727273],,0.6578356027603149,0.5564301519170683,[0.77886851 0.49534574 0.3950762 ],0.5493639566825621,[0.79909886 0.50405954 0.34493347],0.5696141282301673,[0.75963719 0.4869281  0.46227709],5,15,3,umap,17,12,"['timeline_index', 'speaker']","[None, None]",True,False,384,0,True,10,1,"(256, 256)",0.1,0.0005,12,focal,2,True,5,Conv1d,,concatenation,64,2
0,,0.6448276042938232,0.5123259817083285,[0.77374383 0.42751415 0.33571997],0.5093694046420704,[0.77712952 0.45253456 0.29844413],0.5197131274723771,[0.77038751 0.40511551 0.38363636],,0.6693962812423706,0.5545838576301155,[0.78939507 0.48631579 0.38804071],0.5556256283203401,[0.7800738  0.525      0.36180308],0.5567547732398858,[0.7989418  0.45294118 0.41838134],5,15,3,umap,17,12,"['timeline_index', 'speaker']","[None, None]",True,False,384,0,True,10,1,"(256, 256)",0.1,0.0005,123,focal,2,True,5,Conv1d,,concatenation,64,2
0,,0.652107298374176,0.5171496158029592,[0.78237073 0.42280946 0.34626866],0.5185168657700122,[0.77934003 0.48253968 0.29367089],0.527826968931711,[0.7854251  0.37623762 0.42181818],,0.6708413362503052,0.5542722620848207,[0.79397977 0.46576373 0.40307329],0.560239660675786,[0.77785835 0.54875887 0.35410177],0.5610409321478934,[0.81078357 0.40457516 0.46776406],5,15,3,umap,17,12,"['timeline_index', 'speaker']","[None, None]",True,False,384,0,True,10,1,"(256, 256)",0.2,0.001,1,focal,2,True,5,Conv1d,,concatenation,64,3
0,,0.636781632900238,0.5224126972893107,[0.76481149 0.44166294 0.36076366],0.5190098062128724,[0.79231246 0.48195122 0.28276574],0.5483093861728566,[0.73915558 0.40759076 0.49818182],,0.6578356027603149,0.5534605678319076,[0.78068615 0.4737221  0.40597345],0.5516212421973766,[0.78749039 0.52724359 0.34012975],0.569164401014178,[0.77399849 0.43006536 0.50342936],5,15,3,umap,17,12,"['timeline_index', 'speaker']","[None, None]",True,False,384,0,True,10,1,"(256, 256)",0.2,0.001,12,focal,2,True,5,Conv1d,,concatenation,64,3
0,,0.6346743106842041,0.518257263792837,[0.75966686 0.4394198  0.35568513],0.5112601017385242,[0.78199633 0.454947   0.29683698],0.5357103558823205,[0.73857721 0.42491749 0.44363636],,0.6666666865348816,0.5608848205328932,[0.78711804 0.49059233 0.40494408],0.557417749613604,[0.79224094 0.52537313 0.35463918],0.5713569927285043,[0.78206097 0.46013072 0.47187929],5,15,3,umap,17,12,"['timeline_index', 'speaker']","[None, None]",True,False,384,0,True,10,1,"(256, 256)",0.2,0.001,123,focal,2,True,5,Conv1d,,concatenation,64,3
0,,0.59425288438797,0.4526626588932074,[0.73338335 0.39412844 0.23047619],0.45300231187656603,[0.76208294 0.35492399 0.242     ],0.4566120747413087,[0.70676692 0.44306931 0.22      ],,0.6284521222114563,0.4973645336564459,[0.76016364 0.46210046 0.2698295 ],0.499211186644523,[0.77160654 0.43247863 0.29354839],0.4982635578236782,[0.74905518 0.49607843 0.24965706],5,15,3,umap,17,12,"['timeline_index', 'speaker']","[None, None]",True,False,384,0,True,10,1,"(256, 256)",0.2,0.0001,1,focal,2,True,5,Conv1d,,concatenation,64,4
0,,0.620881199836731,0.46575622883334294,[0.7583825  0.38412189 0.25476429],0.4708497762093573,[0.75479805 0.37363495 0.28411633],0.4627082563664116,[0.76200116 0.39521452 0.23090909],,0.6342325210571289,0.493220925773626,[0.76980568 0.4399093  0.2699478 ],0.4977059792184066,[0.76127125 0.43609505 0.29575163],0.490203269236364,[0.77853364 0.44379085 0.24828532],5,15,3,umap,17,12,"['timeline_index', 'speaker']","[None, None]",True,False,384,0,True,10,1,"(256, 256)",0.2,0.0001,12,focal,2,True,5,Conv1d,,concatenation,64,4
0,,0.6220306754112244,0.4721385422425115,[0.75714079 0.39701258 0.26226226],0.47670697652969,[0.75923233 0.37912913 0.29175947],0.4699697378644747,[0.75506073 0.41666667 0.23818182],,0.6501284241676331,0.5127833969177296,[0.78053053 0.46991767 0.28790199],0.5189630833127435,[0.77529207 0.45577396 0.32582322],0.5095650331463175,[0.78584026 0.48496732 0.25788752],5,15,3,umap,17,12,"['timeline_index', 'speaker']","[None, None]",True,False,384,0,True,10,1,"(256, 256)",0.2,0.0001,123,focal,2,True,5,Conv1d,,concatenation,64,4
0,,0.6304597854614258,0.5095588808036958,[0.75855909 0.43776461 0.33235294],0.5033908850316189,[0.78159509 0.44956522 0.27901235],0.5247729509793084,[0.73684211 0.42656766 0.41090909],,0.6649004220962524,0.557106082807705,[0.78884054 0.49880424 0.38367347],0.5525933951862236,[0.80156047 0.52254832 0.3336714 ],0.5683151175422158,[0.77651801 0.47712418 0.45130316],5,15,3,umap,17,12,"['timeline_index', 'speaker']","[None, None]",True,False,384,0,True,10,1,"(256, 256)",0.2,0.0005,1,focal,2,True,5,Conv1d,,concatenation,64,5
0,,0.6331417560577393,0.5138835407082651,[0.76176206 0.43965868 0.34022989],0.5058697126284161,[0.79042289 0.43314652 0.29403974],0.5283709996216509,[0.735107   0.44636964 0.40363636],,0.6589595079421997,0.5510985693587286,[0.78040021 0.50065963 0.37223587],0.5457486278122127,[0.79487849 0.50532623 0.33704116],0.5593854002506352,[0.76643991 0.49607843 0.41563786],5,15,3,umap,17,12,"['timeline_index', 'speaker']","[None, None]",True,False,384,0,True,10,1,"(256, 256)",0.2,0.0005,12,focal,2,True,5,Conv1d,,concatenation,64,5
0,,0.6411877274513245,0.5162406638432516,[0.76586369 0.44341607 0.33944223],0.5108990432732693,[0.77820896 0.45236052 0.30212766],0.5253317332890027,[0.75390399 0.43481848 0.38727273],,0.6692357063293457,0.5584143436976524,[0.78855125 0.5        0.38669178],0.5561846241589885,[0.78924785 0.52282454 0.35648148],0.5631458070196529,[0.78785588 0.47908497 0.42249657],5,15,3,umap,17,12,"['timeline_index', 'speaker']","[None, None]",True,False,384,0,True,10,1,"(256, 256)",0.2,0.0005,123,focal,2,True,5,Conv1d,,concatenation,64,5
0,,0.648084282875061,0.5240069723135263,[0.7743552  0.45136519 0.34630053],0.5184021498361874,[0.78960024 0.46731449 0.29829172],0.5362945334440905,[0.75968768 0.43646865 0.41272727],,0.6663455367088318,0.5574371314596964,[0.78671905 0.49642979 0.38916256],0.5539563800031536,[0.79143294 0.51736357 0.35307263],0.5642185543627601,[0.78206097 0.47712418 0.43347051],5,15,3,umap,17,12,"['timeline_index', 'speaker']","[None, None]",True,False,384,0,True,10,1,"(512, 512)",0.1,0.001,1,focal,2,True,5,Conv1d,,concatenation,64,6
0,,0.6319923400878906,0.5203633484081038,[0.75821347 0.44796748 0.35490909],0.5109808033032532,[0.79567842 0.44150641 0.29575758],0.5407916043194835,[0.72411799 0.45462046 0.44363636],,0.6531791687011719,0.5527943262556685,[0.77270368 0.49788755 0.38779174],0.5451901985975057,[0.79646964 0.49515191 0.34394904],0.5651376600022725,[0.75031494 0.50065359 0.44444444],5,15,3,umap,17,12,"['timeline_index', 'speaker']","[None, None]",True,False,384,0,True,10,1,"(512, 512)",0.1,0.001,12,focal,2,True,5,Conv1d,,concatenation,64,6
0,,0.6333333253860474,0.5111115313391082,[0.75966485 0.42762868 0.34604106],0.5068269961479261,[0.77249626 0.45805844 0.28992629],0.5257779184511858,[0.74725275 0.4009901  0.42909091],,0.6615285873413086,0.5527856560948416,[0.78402218 0.47480483 0.39952996],0.5510214964243997,[0.78421981 0.51940994 0.34943474],0.5624906203908174,[0.78382464 0.4372549  0.46639232],5,15,3,umap,17,12,"['timeline_index', 'speaker']","[None, None]",True,False,384,0,True,10,1,"(512, 512)",0.1,0.001,123,focal,2,True,5,Conv1d,,concatenation,64,6
0,,0.6024904251098633,0.45185664844778434,[0.7408623  0.40788034 0.20682731],0.45390577668939214,[0.7651772  0.36559843 0.2309417 ],0.45551298738896445,[0.71804511 0.46122112 0.18727273],,0.642421305179596,0.513960898490632,[0.76861941 0.48688915 0.28637413],0.5187003129337681,[0.78235908 0.44742607 0.32631579],0.5148283181585391,[0.75535399 0.53398693 0.25514403],5,15,3,umap,17,12,"['timeline_index', 'speaker']","[None, None]",True,False,384,0,True,10,1,"(512, 512)",0.1,0.0001,1,focal,2,True,5,Conv1d,,concatenation,64,7
0,,0.6151341199874878,0.4730464120949742,[0.7550542  0.3863543  0.27773074],0.4699926051939596,[0.76514252 0.38493038 0.25990491],0.47706635093815913,[0.74522846 0.38778878 0.29818182],,0.6339113712310791,0.508268186262717,[0.7696004  0.44369748 0.31150668],0.5065209547658789,[0.7725311  0.4567474  0.29028436],0.5113804095026214,[0.76669186 0.43137255 0.33607682],5,15,3,umap,17,12,"['timeline_index', 'speaker']","[None, None]",True,False,384,0,True,10,1,"(512, 512)",0.1,0.0001,12,focal,2,True,5,Conv1d,,concatenation,64,7
0,,0.6216475367546082,0.4892864720362767,[0.75517445 0.41037924 0.30230572],0.4850280250574974,[0.77253479 0.39752514 0.28502415],0.49482926777350955,[0.73857721 0.42409241 0.32181818],,0.6486833691596985,0.5238043113020344,[0.77847782 0.46871897 0.32421614],0.5230358570516991,[0.77867406 0.47484909 0.31558442],0.5247867048053789,[0.77828168 0.4627451  0.33333333],5,15,3,umap,17,12,"['timeline_index', 'speaker']","[None, None]",True,False,384,0,True,10,1,"(512, 512)",0.1,0.0001,123,focal,2,True,5,Conv1d,,concatenation,64,7
0,,0.6260536313056946,0.5070484609503377,[0.75914817 0.42888595 0.33311126],0.5037408325893467,[0.78847352 0.4598678  0.26288118],0.5294288682772268,[0.73192597 0.40181518 0.45454545],,0.6573538780212402,0.5557864931643274,[0.77977413 0.48671626 0.40086909],0.5526069715704386,[0.79466388 0.53132251 0.33183453],0.5735415153715807,[0.7654321  0.44901961 0.50617284],5,15,3,umap,17,12,"['timeline_index', 'speaker']","[None, None]",True,False,384,0,True,10,1,"(512, 512)",0.1,0.0005,1,focal,2,True,5,Conv1d,,concatenation,64,8
0,,0.6195402145385742,0.5029489441200329,[0.74381169 0.44880997 0.31622517],0.4957965346836635,[0.78317877 0.41393728 0.29027356],0.5151948589885015,[0.70821284 0.49009901 0.34727273],,0.6565510630607605,0.5532151197160435,[0.77469942 0.51519804 0.3697479 ],0.5467418381157533,[0.80477871 0.48581355 0.34963325],0.5624906203908175,[0.7467876  0.54836601 0.39231824],5,15,3,umap,17,12,"['timeline_index', 'speaker']","[None, None]",True,False,384,0,True,10,1,"(512, 512)",0.1,0.0005,12,focal,2,True,5,Conv1d,,concatenation,64,8
0,,0.6408045887947083,0.5147223694549913,[0.76672009 0.42869796 0.34874905],0.5114973522500676,[0.77268722 0.46271511 0.29908973],0.5261220569714576,[0.76084442 0.39933993 0.41818182],,0.671162486076355,0.558540504492493,[0.79291417 0.48077614 0.4019312 ],0.5593426146756629,[0.78527304 0.5339186  0.35883621],0.5649168309299027,[0.80070547 0.4372549  0.45679012],5,15,3,umap,17,12,"['timeline_index', 'speaker']","[None, None]",True,False,384,0,True,10,1,"(512, 512)",0.1,0.0005,123,focal,2,True,5,Conv1d,,concatenation,64,8
0,,0.6409961581230164,0.5113487877949171,[0.77213353 0.41084165 0.35107118],0.5143576230532753,[0.77505828 0.48484848 0.28316611],0.5291615315377691,[0.76923077 0.35643564 0.46181818],,0.6644187569618225,0.550591587077251,[0.78919861 0.4623494  0.40022676],0.5553486880284223,[0.77969019 0.54529307 0.3410628 ],0.5614913180635767,[0.7989418  0.40130719 0.48422497],5,15,3,umap,17,12,"['timeline_index', 'speaker']","[None, None]",True,False,384,0,True,10,1,"(512, 512)",0.2,0.001,1,focal,2,True,5,Conv1d,,concatenation,64,9
0,,0.6379310488700867,0.5230915142963343,[0.76545427 0.44512462 0.35869565],0.5177275506288362,[0.79336022 0.47348837 0.28633406],0.5464705874867417,[0.73944477 0.419967   0.48      ],,0.6579961180686951,0.5563557873512083,[0.7787588  0.48650543 0.40380313],0.5522215533378829,[0.79121165 0.52456538 0.34088763],0.5718285119260323,[0.76669186 0.45359477 0.4951989 ],5,15,3,umap,17,12,"['timeline_index', 'speaker']","[None, None]",True,False,384,0,True,10,1,"(512, 512)",0.2,0.001,12,focal,2,True,5,Conv1d,,concatenation,64,9
0,,0.6352490186691284,0.5130660583448691,[0.76182059 0.43142361 0.34595397],0.5079393147187717,[0.77634344 0.45512821 0.2923463 ],0.5271778288297309,[0.74783112 0.41006601 0.42363636],,0.6674695014953613,0.5596262901484491,[0.78892821 0.48659937 0.40335129],0.5565851022265926,[0.79152929 0.52047655 0.35774947],0.5684946681004364,[0.78634417 0.45686275 0.46227709],5,15,3,umap,17,12,"['timeline_index', 'speaker']","[None, None]",True,False,384,0,True,10,1,"(512, 512)",0.2,0.001,123,focal,2,True,5,Conv1d,,concatenation,64,9
0,,0.6072797179222107,0.44370500790390294,[0.74373626 0.40515654 0.18222222],0.45133575504832985,[0.75378675 0.3659348  0.23428571],0.4456121829649709,[0.73395026 0.45379538 0.14909091],,0.6429030299186707,0.504104581158138,[0.76940639 0.48284024 0.26006711],0.5168556476339302,[0.77471264 0.44108108 0.33477322],0.5033752321230275,[0.76417234 0.53333333 0.21262003],5,15,3,umap,17,12,"['timeline_index', 'speaker']","[None, None]",True,False,384,0,True,10,1,"(512, 512)",0.2,0.0001,1,focal,2,True,5,Conv1d,,concatenation,64,10
0,,0.6157088279724121,0.46978078987459543,[0.75338674 0.38976857 0.26618705],0.468687925651653,[0.75902554 0.38369305 0.2633452 ],0.47098720976782465,[0.74783112 0.3960396  0.26909091],,0.6319845914840698,0.5007932745207976,[0.76805031 0.44017236 0.29415715],0.500529095409806,[0.76689274 0.44653665 0.28815789],0.5012032796657758,[0.76921139 0.43398693 0.30041152],5,15,3,umap,17,12,"['timeline_index', 'speaker']","[None, None]",True,False,384,0,True,10,1,"(512, 512)",0.2,0.0001,12,focal,2,True,5,Conv1d,,concatenation,64,10
0,,0.6295019388198853,0.48059661406615733,[0.76934097 0.37488789 0.29756098],0.4806925404515166,[0.76235094 0.41060904 0.26911765],0.48469071429988575,[0.77646038 0.34488449 0.33272727],,0.6597623825073242,0.5286497358582497,[0.79065166 0.46562721 0.32967033],0.5321992049436616,[0.77634774 0.50851393 0.31173594],0.5282328569287797,[0.80549257 0.42941176 0.34979424],5,15,3,umap,17,12,"['timeline_index', 'speaker']","[None, None]",True,False,384,0,True,10,1,"(512, 512)",0.2,0.0001,123,focal,2,True,5,Conv1d,,concatenation,64,10
0,,0.6383141875267029,0.5099757767832037,[0.76563877 0.44085106 0.3234375 ],0.5054969360592886,[0.77774463 0.45518453 0.28356164],0.5192201221278866,[0.75390399 0.42739274 0.37636364],,0.6698779463768005,0.5606684762826509,[0.78649981 0.51045179 0.38505383],0.5579997120295739,[0.7891933  0.52715877 0.35764706],0.5652018283307837,[0.78382464 0.49477124 0.4170096 ],5,15,3,umap,17,12,"['timeline_index', 'speaker']","[None, None]",True,False,384,0,True,10,1,"(512, 512)",0.2,0.0005,1,focal,2,True,5,Conv1d,,concatenation,64,11
0,,0.620881199836731,0.5043142981825063,[0.75177949 0.43080626 0.33035714],0.4959966378639213,[0.78918919 0.41920375 0.27959698],0.5214871996164335,[0.71775593 0.44306931 0.40363636],,0.6507707238197327,0.5476404931788825,[0.77294561 0.49689441 0.37308146],0.5405954615897915,[0.79726834 0.4970569  0.32746114],0.5600885072821996,[0.75006299 0.49673203 0.43347051],5,15,3,umap,17,12,"['timeline_index', 'speaker']","[None, None]",True,False,384,0,True,10,1,"(512, 512)",0.2,0.0005,12,focal,2,True,5,Conv1d,,concatenation,64,11
0,,0.6392720341682434,0.5128333802846777,[0.76634153 0.41992883 0.35222978],0.5095475694041403,[0.77162123 0.45559846 0.30142303],0.5247363035898731,[0.7611336  0.38943894 0.42363636],,0.6668272614479065,0.5520163497463605,[0.78925671 0.48297872 0.38381361],0.5525397592621561,[0.78270565 0.52790698 0.34700665],0.5567905625899193,[0.79591837 0.44509804 0.42935528],5,15,3,umap,17,12,"['timeline_index', 'speaker']","[None, None]",True,False,384,0,True,10,1,"(512, 512)",0.2,0.0005,123,focal,2,True,5,Conv1d,,concatenation,64,11
0,,0.6432949900627136,0.5215293855384243,[0.77169085 0.44739169 0.34550562],0.5180082108676786,[0.79065534 0.48190476 0.28146453],0.53945976089801,[0.75361481 0.41749175 0.44727273],,0.665542721748352,0.5570829430718187,[0.78851964 0.47685016 0.40587903],0.5574253152132339,[0.78792453 0.53915911 0.34519231],0.5696740150106682,[0.78911565 0.42745098 0.49245542],5,15,4,umap,17,8,"['timeline_index', 'speaker']","[None, None]",True,False,384,0,True,6,1,"(256, 256)",0.1,0.001,1,focal,2,True,5,Conv1d,,concatenation,64,12
0,,0.6224138140678406,0.5100692373276831,[0.75015161 0.43294867 0.34710744],0.5007715984057483,[0.78840025 0.41813989 0.29577465],0.5280957789243353,[0.71544245 0.44884488 0.42      ],,0.6570327281951904,0.5511482487783533,[0.78013451 0.50049004 0.3728202 ],0.544573513281882,[0.80148817 0.50032658 0.33190578],0.5619275968274827,[0.75988914 0.50065359 0.42524005],5,15,4,umap,17,8,"['timeline_index', 'speaker']","[None, None]",True,False,384,0,True,6,1,"(256, 256)",0.1,0.001,12,focal,2,True,5,Conv1d,,concatenation,64,12
0,,0.6408045887947083,0.5188757654861558,[0.7681374 0.4461738 0.3423161],0.5137400393272654,[0.78701456 0.46866485 0.2855407 ],0.5343866312600029,[0.75014459 0.42574257 0.42727273],,0.6562299132347107,0.5457150161209983,[0.78255357 0.47091801 0.38367347],0.5429570094117452,[0.78764676 0.50755287 0.3336714 ],0.5560148888087472,[0.77752583 0.43921569 0.45130316],5,15,4,umap,17,8,"['timeline_index', 'speaker']","[None, None]",True,False,384,0,True,6,1,"(256, 256)",0.1,0.001,123,focal,2,True,5,Conv1d,,concatenation,64,12
0,,0.6185823678970337,0.4509922195996154,[0.75580079 0.36910569 0.22807018],0.4636546885458365,[0.7398892  0.36378205 0.28729282],0.4453633888547907,[0.7724118  0.37458746 0.18909091],,0.6388888955116272,0.48202420116276506,[0.77370663 0.4332893  0.23907667],0.495324382418778,[0.74846915 0.43791722 0.29958678],0.476122081205596,[0.80070547 0.42875817 0.19890261],5,15,4,umap,17,8,"['timeline_index', 'speaker']","[None, None]",True,False,384,0,True,6,1,"(256, 256)",0.1,0.0001,1,focal,2,True,5,Conv1d,,concatenation,64,13
0,,0.6226053833961487,0.4726158030446486,[0.76144788 0.39126984 0.26512968],0.4745120007358967,[0.76556562 0.37691131 0.28105906],0.4716829907397912,[0.7573742  0.40676568 0.25090909],,0.6414579153060913,0.5025688197756201,[0.77570911 0.45223545 0.2797619 ],0.5067897143610353,[0.76945959 0.44521849 0.30569106],0.49980853795564856,[0.78206097 0.45947712 0.25788752],5,15,4,umap,17,8,"['timeline_index', 'speaker']","[None, None]",True,False,384,0,True,6,1,"(256, 256)",0.1,0.0001,12,focal,2,True,5,Conv1d,,concatenation,64,13
0,,0.6151341199874878,0.4539351299077567,[0.75473817 0.3370486  0.27001862],0.45892539220458817,[0.73342428 0.36663434 0.27671756],0.4509484956592826,[0.77732794 0.31188119 0.26363636],,0.6412973403930664,0.49211892422430065,[0.77830475 0.42259414 0.27545788],0.5002484915908724,[0.75223319 0.4529148  0.29559748],0.4867381246051233,[0.80624843 0.39607843 0.25788752],5,15,4,umap,17,8,"['timeline_index', 'speaker']","[None, None]",True,False,384,0,True,6,1,"(256, 256)",0.1,0.0001,123,focal,2,True,5,Conv1d,,concatenation,64,13
0,,0.6365900635719299,0.5183461043950958,[0.76153502 0.44989775 0.34360555],0.5104916238018785,[0.78728002 0.4460665  0.29812834],0.5322234664183596,[0.73742047 0.45379538 0.40545455],,0.662813127040863,0.5605209325907441,[0.78096463 0.50426789 0.39633028],0.5539666871266711,[0.79768786 0.50659631 0.35761589],0.5704444740859306,[0.76492819 0.50196078 0.44444444],5,15,4,umap,17,8,"['timeline_index', 'speaker']","[None, None]",True,False,384,0,True,6,1,"(256, 256)",0.1,0.0005,1,focal,2,True,5,Conv1d,,concatenation,64,14
0,,0.6300766468048096,0.5131213672869315,[0.75568182 0.43767763 0.34600465],0.50498913029623,[0.78235294 0.43085532 0.30175913],0.5269810827236571,[0.73076923 0.44471947 0.40545455],,0.6647399067878723,0.5608480527576835,[0.782196   0.50971353 0.39063463],0.5549656395857353,[0.7967076  0.51360319 0.35458613],0.5696427267752094,[0.76820358 0.50588235 0.43484225],5,15,4,umap,17,8,"['timeline_index', 'speaker']","[None, None]",True,False,384,0,True,6,1,"(256, 256)",0.1,0.0005,12,focal,2,True,5,Conv1d,,concatenation,64,14
0,,0.6323754787445068,0.5093763567035773,[0.75958395 0.44214019 0.32640493],0.5029182557129692,[0.78117359 0.44453711 0.28304406],0.5214597012043599,[0.73915558 0.43976898 0.38545455],,0.6608863472938538,0.5513469717460174,[0.78364652 0.48497129 0.3854231 ],0.547391057949095,[0.78986435 0.50174703 0.3505618 ],0.5582634699970523,[0.77752583 0.46928105 0.42798354],5,15,4,umap,17,8,"['timeline_index', 'speaker']","[None, None]",True,False,384,0,True,6,1,"(256, 256)",0.1,0.0005,123,focal,2,True,5,Conv1d,,concatenation,64,14
0,,0.6285440325737,0.5187287216908057,[0.7563791  0.44670913 0.35309793],0.5117972099589544,[0.79654511 0.46019248 0.27865405],0.5452936618126821,[0.7200694  0.4339934  0.48181818],,0.6517341136932373,0.5516572081793005,[0.77505797 0.47841472 0.40149893],0.5479603068430062,[0.79303981 0.52160494 0.32923617],0.5713689591062762,[0.75787352 0.44183007 0.51440329],5,15,4,umap,17,8,"['timeline_index', 'speaker']","[None, None]",True,False,384,0,True,6,1,"(256, 256)",0.2,0.001,1,focal,2,True,5,Conv1d,,concatenation,64,15
0,,0.6235632300376892,0.5146802296302965,[0.75167173 0.43297252 0.35939643],0.505880493680256,[0.79212044 0.43697479 0.28854626],0.5401866028129707,[0.71515327 0.4290429  0.47636364],,0.6562299132347107,0.5574036875530896,[0.77601137 0.49574974 0.40044994],0.5509116045286478,[0.79670913 0.51665485 0.33937083],0.5737241947533471,[0.7563618  0.47647059 0.48834019],5,15,4,umap,17,8,"['timeline_index', 'speaker']","[None, None]",True,False,384,0,True,6,1,"(256, 256)",0.2,0.001,12,focal,2,True,5,Conv1d,,concatenation,64,15
0,,0.626819908618927,0.5173897151965017,[0.75071981 0.44696356 0.35448578],0.5077915334727446,[0.78860236 0.43879173 0.29598051],0.5378579107187758,[0.71631001 0.45544554 0.44181818],,0.6541425585746765,0.5538540682099922,[0.77604234 0.48248248 0.40303738],0.5464893479877004,[0.79565908 0.49284254 0.35096643],0.567723220975633,[0.75736961 0.47254902 0.47325103],5,15,4,umap,17,8,"['timeline_index', 'speaker']","[None, None]",True,False,384,0,True,6,1,"(256, 256)",0.2,0.001,123,focal,2,True,5,Conv1d,,concatenation,64,15
0,,0.6189655065536499,0.44354057050322676,[0.7598878  0.35422802 0.21650589],0.4542753534662407,[0.7377451  0.36137339 0.26370757],0.43813230310885337,[0.78340081 0.34735974 0.18363636],,0.6385677456855774,0.4767647332667902,[0.77121375 0.41881533 0.24026512],0.49483593474859494,[0.73265306 0.44850746 0.30334728],0.4685906735808178,[0.81405896 0.39281046 0.19890261],5,15,4,umap,17,8,"['timeline_index', 'speaker']","[None, None]",True,False,384,0,True,6,1,"(256, 256)",0.2,0.0001,1,focal,2,True,5,Conv1d,,concatenation,64,16
0,,0.626819908618927,0.4734647852286056,[0.76344857 0.38797364 0.26897214],0.4766467183838281,[0.75747225 0.38733553 0.28513238],0.4708930898873578,[0.76951995 0.38861386 0.25454545],,0.6538214683532715,0.5148215376607418,[0.78331488 0.45866667 0.30248307],0.5228464921322064,[0.76551227 0.46802721 0.335     ],0.5091195325866972,[0.80196523 0.4496732  0.27572016],5,15,4,umap,17,8,"['timeline_index', 'speaker']","[None, None]",True,False,384,0,True,6,1,"(256, 256)",0.2,0.0001,12,focal,2,True,5,Conv1d,,concatenation,64,16
0,,0.6199233531951904,0.46084457369458015,[0.75913857 0.36173001 0.26166514],0.4639731768041299,[0.74416667 0.38440111 0.26335175],0.4587698110470388,[0.77472527 0.34158416 0.26      ],,0.6329479813575745,0.4864664873336213,[0.7721488  0.41439553 0.27285513],0.49193058989632865,[0.75065429 0.4451952  0.27994228],0.4828700753277992,[0.79491056 0.3875817  0.26611797],5,15,4,umap,17,8,"['timeline_index', 'speaker']","[None, None]",True,False,384,0,True,6,1,"(256, 256)",0.2,0.0001,123,focal,2,True,5,Conv1d,,concatenation,64,16
0,,0.6227969527244568,0.5113404261808889,[0.75440194 0.43539823 0.34422111],0.5087837384805683,[0.79392971 0.46946565 0.26295585],0.5409152980075335,[0.71862348 0.40594059 0.49818182],,0.6488439440727234,0.5524653606883198,[0.77293429 0.47827623 0.40618557],0.5483221327356399,[0.7992465  0.52036895 0.32535095],0.5770831240589515,[0.74829932 0.44248366 0.54046639],5,15,4,umap,17,8,"['timeline_index', 'speaker']","[None, None]",True,False,384,0,True,6,1,"(256, 256)",0.2,0.0005,1,focal,2,True,5,Conv1d,,concatenation,64,17
0,,0.6254789233207703,0.5169925163560153,[0.7509113  0.43933898 0.36072727],0.5069550113331167,[0.79078695 0.42947203 0.30060606],0.5384810470636422,[0.71486408 0.44966997 0.45090909],,0.6591200828552246,0.5639894507467725,[0.77360459 0.51600388 0.40235988],0.5551323423198076,[0.80183833 0.51055662 0.35300207],0.5788747323346347,[0.74729151 0.52156863 0.46776406],5,15,4,umap,17,8,"['timeline_index', 'speaker']","[None, None]",True,False,384,0,True,6,1,"(256, 256)",0.2,0.0005,12,focal,2,True,5,Conv1d,,concatenation,64,17
0,,0.6431034207344055,0.5145328918419492,[0.76703878 0.45563351 0.32092639],0.5098700175201527,[0.77940299 0.45582164 0.29438543],0.5210778486755558,[0.75506073 0.45544554 0.35272727],,0.6645793318748474,0.5508870532202165,[0.78659924 0.49171637 0.37434555],0.5486656344022188,[0.78939355 0.49865591 0.35794743],0.5537034017996774,[0.78382464 0.48496732 0.39231824],5,15,4,umap,17,8,"['timeline_index', 'speaker']","[None, None]",True,False,384,0,True,6,1,"(256, 256)",0.2,0.0005,123,focal,2,True,5,Conv1d,,concatenation,64,17
0,,0.6434866189956665,0.517514803456102,[0.77250073 0.4358047  0.34423898],0.5160013261174762,[0.7832937  0.482      0.28271028],0.5332303085716322,[0.76200116 0.39768977 0.44      ],,0.6653821468353271,0.5546324691977872,[0.78931527 0.47183614 0.402746  ],0.5556395928753716,[0.78576779 0.53571429 0.3454367 ],0.5657722622656745,[0.79289494 0.42156863 0.48285322],5,15,4,umap,17,8,"['timeline_index', 'speaker']","[None, None]",True,False,384,0,True,6,1,"(512, 512)",0.1,0.001,1,focal,2,True,5,Conv1d,,concatenation,64,18
0,,0.6281608939170837,0.5105969834531926,[0.75766183 0.42723404 0.34689507],0.5036495032742558,[0.78427731 0.44112478 0.28554642],0.5296010410757676,[0.73279352 0.41419142 0.44181818],,0.6594412326812744,0.5566116862001093,[0.78169195 0.49247606 0.39566705],0.551048536031667,[0.79810974 0.51649928 0.33853659],0.57083958411897,[0.765936   0.47058824 0.47599451],5,15,4,umap,17,8,"['timeline_index', 'speaker']","[None, None]",True,False,384,0,True,6,1,"(512, 512)",0.1,0.001,12,focal,2,True,5,Conv1d,,concatenation,64,18
0,,0.6396551728248596,0.5155099048451416,[0.76645653 0.43107989 0.34899329],0.5112368764987482,[0.77728219 0.46060038 0.29582807],0.528832779749924,[0.75592828 0.40511551 0.42545455],,0.6645793318748474,0.551063753687718,[0.7891973  0.46759757 0.3963964 ],0.5509693290245393,[0.78332092 0.51702296 0.3525641 ],0.5582115973961601,[0.79516251 0.42679739 0.4526749 ],5,15,4,umap,17,8,"['timeline_index', 'speaker']","[None, None]",True,False,384,0,True,6,1,"(512, 512)",0.1,0.001,123,focal,2,True,5,Conv1d,,concatenation,64,18
0,,0.6181992292404175,0.4760919559388835,[0.75167394 0.39336493 0.28323699],0.47841438329638125,[0.75674091 0.37727273 0.30122951],0.47494606487832125,[0.74667438 0.41089109 0.26727273],,0.655427098274231,0.5225289102606571,[0.78069517 0.47919925 0.30769231],0.5330172857520976,[0.7748821  0.4595081  0.36466165],0.5177892281741229,[0.78659612 0.50065359 0.26611797],5,15,4,umap,17,8,"['timeline_index', 'speaker']","[None, None]",True,False,384,0,True,6,1,"(512, 512)",0.1,0.0001,1,focal,2,True,5,Conv1d,,concatenation,64,19
0,,0.629118800163269,0.4908448665545446,[0.75819309 0.43006731 0.28427419],0.49557613300622777,[0.77442702 0.39329685 0.31900452],0.4911372912884116,[0.7426258  0.47442244 0.25636364],,0.6528580784797668,0.5193453620073717,[0.78053097 0.48809156 0.28941356],0.5239820848303642,[0.78330373 0.46330006 0.32534247],0.518031684553108,[0.77777778 0.51568627 0.260631  ],5,15,4,umap,17,8,"['timeline_index', 'speaker']","[None, None]",True,False,384,0,True,6,1,"(512, 512)",0.1,0.0001,12,focal,2,True,5,Conv1d,,concatenation,64,19
0,,0.6235632300376892,0.48479613907726726,[0.75714286 0.40016333 0.29708223],0.4828835854678199,[0.76337449 0.39611964 0.28915663],0.48691904008214587,[0.75101215 0.40429043 0.30545455],,0.6464354395866394,0.5178073932535189,[0.77804296 0.4593709  0.31600832],0.5185691736318111,[0.7758016  0.46057819 0.31932773],0.5170748134644804,[0.7802973  0.45816993 0.3127572 ],5,15,4,umap,17,8,"['timeline_index', 'speaker']","[None, None]",True,False,384,0,True,6,1,"(512, 512)",0.1,0.0001,123,focal,2,True,5,Conv1d,,concatenation,64,19
0,,0.6130267977714539,0.5052657040646608,[0.74207448 0.44038929 0.33333333],0.4972550688767865,[0.79309211 0.43301435 0.26565875],0.5308387860185672,[0.69722383 0.4480198  0.44727273],,0.6451509594917297,0.5449443825139962,[0.76888889 0.49351513 0.37242913],0.5381404840747619,[0.79896767 0.50236967 0.31308411],0.5618312071056132,[0.74099269 0.48496732 0.45953361],5,15,4,umap,17,8,"['timeline_index', 'speaker']","[None, None]",True,False,384,0,True,6,1,"(512, 512)",0.1,0.0005,1,focal,2,True,5,Conv1d,,concatenation,64,20
0,,0.6362069249153137,0.5230474893185951,[0.76187613 0.45226983 0.35499651],0.5157244927548165,[0.79336255 0.46550218 0.28830874],0.5447935603276927,[0.73279352 0.43976898 0.46181818],,0.6615285873413086,0.556254149647061,[0.78335248 0.49255282 0.39285714],0.5521917805084496,[0.79399586 0.52394989 0.33862959],0.5684868734873922,[0.77299068 0.46470588 0.46776406],5,15,4,umap,17,8,"['timeline_index', 'speaker']","[None, None]",True,False,384,0,True,6,1,"(512, 512)",0.1,0.0005,12,focal,2,True,5,Conv1d,,concatenation,64,20
0,,0.6329501867294312,0.510638344933544,[0.76160899 0.42335153 0.34695451],0.5039002991129675,[0.77935835 0.43113772 0.30120482],0.5231941933348917,[0.74465009 0.41584158 0.40909091],,0.6607257723808289,0.5495864168038082,[0.78526984 0.48547009 0.37801932],0.5460705213288991,[0.79160266 0.50896057 0.33764833],0.5574817032437117,[0.77903754 0.46405229 0.42935528],5,15,4,umap,17,8,"['timeline_index', 'speaker']","[None, None]",True,False,384,0,True,6,1,"(512, 512)",0.1,0.0005,123,focal,2,True,5,Conv1d,,concatenation,64,20
0,,0.6417624354362488,0.5156546947358375,[0.77298091 0.42785617 0.34612701],0.5144069755065536,[0.78520286 0.47715736 0.2808607 ],0.5332771576752816,[0.7611336  0.38778878 0.45090909],,0.6642581820487976,0.5538238869537384,[0.78965863 0.4642195  0.40759352],0.5556019963942181,[0.78669667 0.53641817 0.34369115],0.5674930603242668,[0.79264298 0.40915033 0.50068587],5,15,4,umap,17,8,"['timeline_index', 'speaker']","[None, None]",True,False,384,0,True,6,1,"(512, 512)",0.2,0.001,1,focal,2,True,5,Conv1d,,concatenation,64,21
0,,0.6408045887947083,0.5201497370743432,[0.76811379 0.43778996 0.35454545],0.5130994945830764,[0.78760255 0.44779983 0.3038961 ],0.5344128634957191,[0.74956622 0.42821782 0.42545455],,0.6676300764083862,0.5602916510059621,[0.78737962 0.4947261  0.39876923],0.5565239455082166,[0.79199592 0.51596877 0.36160714],0.5674748911910442,[0.78281683 0.4751634  0.44444444],5,15,4,umap,17,8,"['timeline_index', 'speaker']","[None, None]",True,False,384,0,True,6,1,"(512, 512)",0.2,0.001,12,focal,2,True,5,Conv1d,,concatenation,64,21
0,,0.6400383114814758,0.5144492256047007,[0.76531657 0.43679163 0.34123948],0.5105488862376526,[0.77403135 0.46303142 0.29458388],0.5252055726104711,[0.75679584 0.41336634 0.40545455],,0.6602440476417542,0.548002657511164,[0.78468299 0.46661982 0.39270517],0.5464037966283314,[0.78203203 0.50455927 0.35262009],0.5548038694215683,[0.78735198 0.43398693 0.4430727 ],5,15,4,umap,17,8,"['timeline_index', 'speaker']","[None, None]",True,False,384,0,True,6,1,"(512, 512)",0.2,0.001,123,focal,2,True,5,Conv1d,,concatenation,64,21
0,,0.6174329519271851,0.4723618804366101,[0.7514637  0.40214889 0.26347305],0.4762500395092268,[0.76081802 0.3758967  0.2920354 ],0.47155994836036524,[0.74233661 0.43234323 0.24      ],,0.647077739238739,0.5050455920718958,[0.77619048 0.47402398 0.26492232],0.5158457360333747,[0.77212665 0.44747533 0.32793522],0.502147031652167,[0.7802973  0.50392157 0.22222222],5,15,4,umap,17,8,"['timeline_index', 'speaker']","[None, None]",True,False,384,0,True,6,1,"(512, 512)",0.2,0.0001,1,focal,2,True,5,Conv1d,,concatenation,64,22
0,,0.6350574493408203,0.49675987704932884,[0.76644451 0.409699   0.31413613],0.4950899943290998,[0.76800232 0.41525424 0.30201342],0.4988187193502462,[0.764893   0.40429043 0.32727273],,0.6570327281951904,0.5307692644933132,[0.7845788  0.47622215 0.33150685],0.5318072533462154,[0.77960199 0.48476642 0.33105335],0.5298516663181048,[0.78961955 0.46797386 0.33196159],5,15,4,umap,17,8,"['timeline_index', 'speaker']","[None, None]",True,False,384,0,True,6,1,"(512, 512)",0.2,0.0001,12,focal,2,True,5,Conv1d,,concatenation,64,22
0,,0.6145594120025635,0.48255651249082127,[0.74679009 0.41516517 0.28571429],0.48147808046797946,[0.77191358 0.38085399 0.29166667],0.4865070202798187,[0.72325043 0.45627063 0.28      ],,0.6417790651321411,0.5148893574517199,[0.77094406 0.46502836 0.30869565],0.5168554874991886,[0.77447241 0.44890511 0.32718894],0.5139939103213301,[0.76744772 0.48235294 0.29218107],5,15,4,umap,17,8,"['timeline_index', 'speaker']","[None, None]",True,False,384,0,True,6,1,"(512, 512)",0.2,0.0001,123,focal,2,True,5,Conv1d,,concatenation,64,22
0,,0.6396551728248596,0.5113023285928927,[0.76925325 0.42564559 0.33900814],0.508574346189424,[0.77754801 0.4622824  0.28589263],0.5239622261821323,[0.7611336  0.39438944 0.41636364],,0.6650609970092773,0.5537385364079634,[0.78902316 0.48169419 0.39049826],0.5535591279573876,[0.78842767 0.53423567 0.33801404],0.563486244978101,[0.78961955 0.43856209 0.46227709],5,15,4,umap,17,8,"['timeline_index', 'speaker']","[None, None]",True,False,384,0,True,6,1,"(512, 512)",0.2,0.0005,1,focal,2,True,5,Conv1d,,concatenation,64,23
0,,0.6331417560577393,0.5201668514215545,[0.75984906 0.44962531 0.35102619],0.5119698666241029,[0.79475845 0.45378151 0.28736964],0.541443677045553,[0.72787739 0.44554455 0.45090909],,0.6600834727287292,0.5591028234358042,[0.77862007 0.49915569 0.39953271],0.5529260536549427,[0.79444153 0.51642208 0.34791455],0.5718529387063467,[0.76341648 0.48300654 0.4691358 ],5,15,4,umap,17,8,"['timeline_index', 'speaker']","[None, None]",True,False,384,0,True,6,1,"(512, 512)",0.2,0.0005,12,focal,2,True,5,Conv1d,,concatenation,64,23
0,,0.6331417560577393,0.5181507015045299,[0.75917878 0.44004944 0.35522388],0.5095471193294118,[0.78786936 0.43950617 0.30126582],0.5352752233002364,[0.73250434 0.44059406 0.43272727],,0.6567116379737854,0.5521004615719699,[0.78034979 0.48500999 0.3909416 ],0.5457150581684703,[0.79695298 0.49456522 0.34562698],0.5633908981974134,[0.76442429 0.47581699 0.44993141],5,15,4,umap,17,8,"['timeline_index', 'speaker']","[None, None]",True,False,384,0,True,6,1,"(512, 512)",0.2,0.0005,123,focal,2,True,5,Conv1d,,concatenation,64,23
