,loss,accuracy,f1,f1_scores,precision,precision_scores,recall,recall_scores,valid_loss,valid_accuracy,valid_f1,valid_f1_scores,valid_precision,valid_precision_scores,valid_recall,valid_recall_scores,k,dimensions,sig_depth,method,input_channels,output_channels,features,standardise_method,add_time_in_path,num_features,embedding_dim,log_signature,swnu_hidden_dim,ffn_hidden_dim,dropout_rate,learning_rate,seed,BiLSTM,loss_function,gamma,k_fold,n_splits,augmentation_type,hidden_dim_aug,comb_method,batch_size,model_id
0,,0.6302682161331177,0.4814586781743034,[0.76581921 0.35557546 0.32298137],0.4842468626628482,[0.7484815  0.38883448 0.31542461],0.48081534180022983,[0.78397918 0.32755776 0.33090909],,0.6769428253173828,0.5682548855244669,[0.79219805 0.49932157 0.41324503],0.5682760228819702,[0.78629933 0.5190409  0.39948784],0.569071743923907,[0.79818594 0.48104575 0.42798354],20,15,3,umap,16,,['timeline_index'],[None],True,1,384,True,"(12,)","(64, 64)",0.5,0.001,1,True,focal,2,True,5,Conv1d,,concatenation,64,0
0,,0.6147509813308716,0.47361285893776467,[0.75161429 0.35040895 0.31881533],0.4727660092700634,[0.74594133 0.36633663 0.30602007],0.47530335277599484,[0.7573742  0.33580858 0.33272727],,0.6727681159973145,0.5626954306835881,[0.79347826 0.49165303 0.402955  ],0.5610967343021724,[0.79609434 0.49245902 0.39473684],0.5644172072121029,[0.79087931 0.49084967 0.41152263],20,15,3,umap,16,,['timeline_index'],[None],True,1,384,True,"(12,)","(64, 64)",0.5,0.001,12,True,focal,2,True,5,Conv1d,,concatenation,64,0
0,,0.632758617401123,0.4862555088035192,[0.76349503 0.40758676 0.28768473],0.4909919436231081,[0.76010318 0.39889415 0.31397849],0.4830128351180982,[0.76691729 0.41666667 0.26545455],,0.6668272614479065,0.5497502854840298,[0.7878101  0.48938193 0.37205882],0.5545134609420235,[0.78751259 0.47507692 0.40095087],0.546577917861246,[0.78810784 0.50457516 0.34705075],20,15,3,umap,16,,['timeline_index'],[None],True,1,384,True,"(12,)","(64, 64)",0.5,0.001,123,True,focal,2,True,5,Conv1d,,concatenation,64,0
0,,0.6398467421531677,0.3492460678904477,[0.78147152 0.11164057 0.15462611],0.41701775299611793,[0.67675699 0.31906615 0.25523013],0.36769623405371193,[0.92452285 0.06765677 0.11090909],,0.6443480849266052,0.40799935883140903,[0.77751905 0.23253442 0.2139446 ],0.5171937947387529,[0.67037781 0.52900232 0.35220126],0.4093589150337776,[0.92542202 0.14901961 0.15363512],20,15,3,umap,16,,['timeline_index'],[None],True,1,384,True,"(12,)","(64, 64)",0.5,0.0001,1,True,focal,2,True,5,Conv1d,,concatenation,64,1
0,,0.6354405879974365,0.4107515585886241,[0.77447917 0.2745694  0.18320611],0.4550444284693962,[0.7044055  0.35564304 0.30508475],0.4048470509283432,[0.8600347  0.22359736 0.13090909],,0.6642581820487976,0.488267784560876,[0.78962862 0.38919342 0.28598131],0.5503596682265507,[0.71704709 0.48535156 0.44868035],0.4710906584856165,[0.87855883 0.3248366  0.20987654],20,15,3,umap,16,,['timeline_index'],[None],True,1,384,True,"(12,)","(64, 64)",0.5,0.0001,12,True,focal,2,True,5,Conv1d,,concatenation,64,1
0,,0.6415708661079407,0.44067925346193365,[0.77639415 0.35814361 0.1875    ],0.48052535749015973,[0.72977099 0.38152985 0.33027523],0.4325829939847658,[0.82938115 0.33745875 0.13090909],,0.6565510630607605,0.47472386143828116,[0.79007409 0.42612859 0.2079689 ],0.5148096508158314,[0.74084693 0.44691535 0.35666667],0.4667582808157556,[0.84630889 0.40718954 0.14677641],20,15,3,umap,16,,['timeline_index'],[None],True,1,384,True,"(12,)","(64, 64)",0.5,0.0001,123,True,focal,2,True,5,Conv1d,,concatenation,64,1
0,,0.6247126460075378,0.43953142911868875,[0.76893939 0.27524856 0.27440633],0.454809936362588,[0.72241993 0.37625179 0.26575809],0.44083180382815607,[0.82186235 0.2169967  0.28363636],,0.6485227942466736,0.5115843396585921,[0.77613003 0.38839645 0.37022654],0.5300669296119045,[0.73340807 0.50630252 0.3504902 ],0.5104959953803195,[0.82413706 0.31503268 0.39231824],20,15,3,umap,16,,['timeline_index'],[None],True,1,384,True,"(12,)","(64, 64)",0.5,0.0005,1,True,focal,2,True,5,Conv1d,,concatenation,64,2
0,,0.629118800163269,0.4781572335805746,[0.76220383 0.38797364 0.28429423],0.4844895526348754,[0.75253664 0.38733553 0.31359649],0.47357882520467204,[0.77212261 0.38861386 0.26      ],,0.6612074375152588,0.5361608889548303,[0.78370297 0.47762148 0.34715822],0.5456926780506831,[0.77520335 0.46745932 0.39441536],0.5302133473416801,[0.79239103 0.48823529 0.31001372],20,15,3,umap,16,,['timeline_index'],[None],True,1,384,True,"(12,)","(64, 64)",0.5,0.0005,12,True,focal,2,True,5,Conv1d,,concatenation,64,2
0,,0.6475095748901367,0.5015659443722617,[0.77555082 0.41183932 0.31730769],0.5072537896100354,[0.76265027 0.42237641 0.33673469],0.4969034989097522,[0.78889532 0.40181518 0.3       ],,0.6681117415428162,0.5429477876982236,[0.79498635 0.4711051  0.36275191],0.5462268043684639,[0.78332111 0.48775367 0.36760563],0.5401948433694466,[0.80700428 0.45555556 0.35802469],20,15,3,umap,16,,['timeline_index'],[None],True,1,384,True,"(12,)","(64, 64)",0.5,0.0005,123,True,focal,2,True,5,Conv1d,,concatenation,64,2
0,,0.6413792967796326,0.49917770385401444,[0.77513606 0.39248252 0.32991453],0.49881799332186233,[0.76787741 0.41728625 0.31129032],0.501301464443726,[0.78253326 0.37046205 0.35090909],,0.6701990962028503,0.5623598855500864,[0.78781827 0.47966339 0.41959799],0.5616761190948348,[0.78060846 0.51739788 0.38702202],0.5667943995156361,[0.79516251 0.44705882 0.45816187],20,15,3,umap,16,,['timeline_index'],[None],True,1,384,True,"(12,)","(64, 64)",0.1,0.001,1,True,focal,2,True,5,Conv1d,,concatenation,64,3
0,,0.6122605204582214,0.4809171910198822,[0.74189712 0.41324802 0.28760643],0.4810658164926118,[0.76346389 0.3799308  0.29980276],0.4836164200572746,[0.72151533 0.4529703  0.27636364],,0.6754977703094482,0.5691736760964552,[0.78860646 0.52149706 0.3974175 ],0.5704303646706177,[0.79974093 0.49500881 0.41654135],0.5695769116974637,[0.77777778 0.55098039 0.37997257],20,15,3,umap,16,,['timeline_index'],[None],True,1,384,True,"(12,)","(64, 64)",0.1,0.001,12,True,focal,2,True,5,Conv1d,,concatenation,64,3
0,,0.6371647715568542,0.5020730883944455,[0.76458694 0.41390867 0.32772365],0.5012154993610528,[0.76370456 0.42042553 0.31951641],0.5031419220580242,[0.76547137 0.40759076 0.33636364],,0.6716442108154297,0.5612914238813617,[0.78805371 0.49636964 0.39945093],0.562019536019536,[0.785      0.50133333 0.39972527],0.56060383000937,[0.79113127 0.49150327 0.39917695],20,15,3,umap,16,,['timeline_index'],[None],True,1,384,True,"(12,)","(64, 64)",0.1,0.001,123,True,focal,2,True,5,Conv1d,,concatenation,64,3
0,,0.6126436591148376,0.4564302732969842,[0.75079503 0.3826087  0.2358871 ],0.4608356607618005,[0.75057803 0.36722307 0.26470588],0.45435978415655326,[0.75101215 0.39933993 0.21272727],,0.6517341136932373,0.528458869784643,[0.77540373 0.46011866 0.34985423],0.5340365572772611,[0.76476354 0.46409574 0.37325039],0.5239238082064102,[0.78634417 0.45620915 0.32921811],20,15,3,umap,16,,['timeline_index'],[None],True,1,384,True,"(12,)","(64, 64)",0.1,0.0001,1,True,focal,2,True,5,Conv1d,,concatenation,64,4
0,,0.6216475367546082,0.4537256735124097,[0.75608702 0.40194611 0.20314389],0.4748102817394444,[0.75337353 0.36780822 0.3032491 ],0.4515389022997152,[0.75882013 0.44306931 0.15272727],,0.6596018075942993,0.5188607576834784,[0.78055452 0.49284191 0.28318584],0.5436643005604039,[0.77049583 0.46149458 0.39900249],0.5130387408735785,[0.79087931 0.52875817 0.21947874],20,15,3,umap,16,,['timeline_index'],[None],True,1,384,True,"(12,)","(64, 64)",0.1,0.0001,12,True,focal,2,True,5,Conv1d,,concatenation,64,4
0,,0.6283524632453918,0.46898576845520923,[0.76103414 0.39592317 0.25      ],0.48581821889938515,[0.75190517 0.37714712 0.32840237],0.46295745190482035,[0.77038751 0.41666667 0.20181818],,0.6647399067878723,0.5266975133348124,[0.79141865 0.47804266 0.31063123],0.544172352359769,[0.77924298 0.45958987 0.39368421],0.5195119474401557,[0.80398085 0.49803922 0.25651578],20,15,3,umap,16,,['timeline_index'],[None],True,1,384,True,"(12,)","(64, 64)",0.1,0.0001,123,True,focal,2,True,5,Conv1d,,concatenation,64,4
0,,0.5973179936408997,0.457312011643732,[0.74763314 0.34793926 0.27636364],0.45415897934862576,[0.76529376 0.36688015 0.23030303],0.469027287344119,[0.73076923 0.33085809 0.34545455],,0.6522157788276672,0.5470699192335887,[0.77468163 0.45238095 0.41414718],0.5448963607179335,[0.77536598 0.50483092 0.35449219],0.5605815988947019,[0.77399849 0.40980392 0.49794239],20,15,3,umap,16,,['timeline_index'],[None],True,1,384,True,"(12,)","(64, 64)",0.1,0.0005,1,True,focal,2,True,5,Conv1d,,concatenation,64,5
0,,0.6113026738166809,0.466719606984589,[0.75275776 0.38256088 0.26484018],0.46568695131741816,[0.76593834 0.36506747 0.26605505],0.46849155997149744,[0.74002313 0.40181518 0.26363636],,0.6608863472938538,0.5509943199992658,[0.77947543 0.50064851 0.37285903],0.5477888534922756,[0.78790219 0.4967825  0.35868188],0.554668396851196,[0.77122701 0.50457516 0.38820302],20,15,3,umap,16,,['timeline_index'],[None],True,1,384,True,"(12,)","(64, 64)",0.1,0.0005,12,True,focal,2,True,5,Conv1d,,concatenation,64,5
0,,0.632758617401123,0.5035529572920516,[0.76625502 0.4234375  0.32096635],0.49888231950100104,[0.78915109 0.40207715 0.30541872],0.5100088748030384,[0.74465009 0.44719472 0.33818182],,0.660404622554779,0.5539671995247446,[0.77958713 0.49573729 0.38657718],0.5505729420791888,[0.79373368 0.47953574 0.37844941],0.5580232092837135,[0.765936   0.5130719  0.39506173],20,15,3,umap,16,,['timeline_index'],[None],True,1,384,True,"(12,)","(64, 64)",0.1,0.0005,123,True,focal,2,True,5,Conv1d,,concatenation,64,5
0,,0.6101532578468323,0.48321242944813125,[0.7423953 0.3777065 0.3295355],0.4800684364427179,[0.75470571 0.3673947  0.31810491],0.4869706964912801,[0.73048005 0.38861386 0.34181818],,0.6671483516693115,0.5704523475401628,[0.77890361 0.52192712 0.41052632],0.5643789975358233,[0.80396889 0.49473068 0.39443742],0.5785417047477427,[0.75535399 0.55228758 0.42798354],20,15,3,umap,16,,['timeline_index'],[None],True,1,384,True,"(12,)","(128, 128)",0.5,0.001,1,True,focal,2,True,5,Conv1d,,concatenation,64,6
0,,0.6342911720275879,0.49410357625108325,[0.76606236 0.41186161 0.30438675],0.4931368401454215,[0.76840268 0.41118421 0.29982363],0.4951228089841951,[0.76373626 0.41254125 0.30909091],,0.6642581820487976,0.5511280939197792,[0.78849792 0.47328745 0.39159892],0.5503208338704167,[0.78939394 0.47468771 0.38688086],0.5519776086017397,[0.78760393 0.47189542 0.39643347],20,15,3,umap,16,,['timeline_index'],[None],True,1,384,True,"(12,)","(128, 128)",0.5,0.001,12,True,focal,2,True,5,Conv1d,,concatenation,64,6
0,,0.6287356615066528,0.4926749661421857,[0.75966532 0.39210639 0.32625319],0.4908454667303059,[0.75791595 0.40840036 0.3062201 ],0.4958588010333711,[0.76142279 0.37706271 0.34909091],,0.6621708273887634,0.555411113234705,[0.77992668 0.48809923 0.39820743],0.5523264509212508,[0.78259767 0.50103235 0.37334934],0.559900887652729,[0.77727387 0.47581699 0.4266118 ],20,15,3,umap,16,,['timeline_index'],[None],True,1,384,True,"(12,)","(128, 128)",0.5,0.001,123,True,focal,2,True,5,Conv1d,,concatenation,64,6
0,,0.6254789233207703,0.4398772662722143,[0.76228603 0.3551797  0.20216606],0.464155076454924,[0.72926572 0.36426713 0.29893238],0.43256677663139365,[0.7984384  0.34653465 0.15272727],,0.6496467590332031,0.5035866302720496,[0.77639235 0.41036415 0.32400339],0.5335505974684664,[0.73427673 0.44193062 0.42444444],0.48954747879947585,[0.82363316 0.38300654 0.26200274],20,15,3,umap,16,,['timeline_index'],[None],True,1,384,True,"(12,)","(128, 128)",0.5,0.0001,1,True,focal,2,True,5,Conv1d,,concatenation,64,7
0,,0.6260536313056946,0.4043792416979337,[0.76989416 0.24712042 0.19612315],0.43445680837755046,[0.7022646  0.33810888 0.26299694],0.40100688148629776,[0.85193754 0.19471947 0.15636364],,0.6533397436141968,0.4800832949805958,[0.78426915 0.3577499  0.29823083],0.52353652781603,[0.71443363 0.46971307 0.38646288],0.4669746087735505,[0.86923658 0.28888889 0.24279835],20,15,3,umap,16,,['timeline_index'],[None],True,1,384,True,"(12,)","(128, 128)",0.5,0.0001,12,True,focal,2,True,5,Conv1d,,concatenation,64,7
0,,0.6431034207344055,0.48619951580987375,[0.770564   0.41696393 0.27107062],0.5071185583695644,[0.75733035 0.40122044 0.36280488],0.47820846630643404,[0.78426836 0.4339934  0.21636364],,0.6571933031082153,0.51056055874425,[0.78323208 0.4575718  0.2908778 ],0.5345568905000028,[0.75639521 0.45697523 0.39030023],0.5006792291676616,[0.81204334 0.45816993 0.23182442],20,15,3,umap,16,,['timeline_index'],[None],True,1,384,True,"(12,)","(128, 128)",0.5,0.0001,123,True,focal,2,True,5,Conv1d,,concatenation,64,7
0,,0.6074712872505188,0.45406193362488273,[0.74932153 0.33779264 0.27507163],0.4574814543420276,[0.74033305 0.34237288 0.28973843],0.451227485964328,[0.75853094 0.33333333 0.26181818],,0.6615285873413086,0.5512358497383294,[0.78190752 0.4732286  0.39857143],0.5540821372548672,[0.78200605 0.46444305 0.41579732],0.5489593368211482,[0.78180902 0.48235294 0.38271605],20,15,3,umap,16,,['timeline_index'],[None],True,1,384,True,"(12,)","(128, 128)",0.5,0.0005,1,True,focal,2,True,5,Conv1d,,concatenation,64,8
0,,0.6252873539924622,0.48077994365900295,[0.7591944  0.40244368 0.28070175],0.48849683931097126,[0.76635239 0.37455579 0.32458234],0.4780866976229144,[0.75216888 0.43481848 0.24727273],,0.6568722128868103,0.5383412954713893,[0.78120301 0.46436633 0.36945455],0.5428695349514029,[0.77711294 0.45830681 0.39318885],0.5347823628765634,[0.78533636 0.47058824 0.3484225 ],20,15,3,umap,16,,['timeline_index'],[None],True,1,384,True,"(12,)","(128, 128)",0.5,0.0005,12,True,focal,2,True,5,Conv1d,,concatenation,64,8
0,,0.6436781883239746,0.49481290947525136,[0.77570897 0.41019318 0.29853659],0.4997438735869944,[0.76844495 0.40868141 0.32210526],0.49100320500528943,[0.78311163 0.41171617 0.27818182],,0.6676300764083862,0.5584746229497607,[0.78441689 0.48181818 0.4091888 ],0.56264882504446,[0.78001993 0.47870968 0.42921687],0.5549258386482165,[0.78886369 0.48496732 0.3909465 ],20,15,3,umap,16,,['timeline_index'],[None],True,1,384,True,"(12,)","(128, 128)",0.5,0.0005,123,True,focal,2,True,5,Conv1d,,concatenation,64,8
0,,0.6318007707595825,0.4986251791251206,[0.76278532 0.39032815 0.34276206],0.49583197380562277,[0.76212471 0.40942029 0.31595092],0.5036432758371269,[0.76344708 0.37293729 0.37454545],,0.6743738055229187,0.573390997490317,[0.78955375 0.49983091 0.43078833],0.5686280498842115,[0.79459046 0.51786966 0.39342404],0.5811938492818252,[0.7845805  0.48300654 0.47599451],20,15,3,umap,16,,['timeline_index'],[None],True,1,384,True,"(12,)","(128, 128)",0.1,0.001,1,True,focal,2,True,5,Conv1d,,concatenation,64,9
0,,0.6203064918518066,0.47842338793406647,[0.75701338 0.36639238 0.31186441],0.4769604340618749,[0.75322073 0.38559708 0.29206349],0.481466591424903,[0.76084442 0.3490099  0.33454545],,0.6698779463768005,0.5614886072145837,[0.78930778 0.49033571 0.40482234],0.5587140555502788,[0.79000505 0.50951374 0.37662338],0.5662488314941889,[0.78861174 0.47254902 0.43758573],20,15,3,umap,16,,['timeline_index'],[None],True,1,384,True,"(12,)","(128, 128)",0.1,0.001,12,True,focal,2,True,5,Conv1d,,concatenation,64,9
0,,0.6302682161331177,0.4931908826221884,[0.76022035 0.40882598 0.31052632],0.49160478144746267,[0.7622093  0.41260504 0.3       ],0.49505848387036505,[0.75824176 0.40511551 0.32181818],,0.6745343804359436,0.568568477664901,[0.78997976 0.50848586 0.40723982],0.5654814355028218,[0.79339263 0.5179661  0.38508557],0.5726804301967701,[0.78659612 0.49934641 0.43209877],20,15,3,umap,16,,['timeline_index'],[None],True,1,384,True,"(12,)","(128, 128)",0.1,0.001,123,True,focal,2,True,5,Conv1d,,concatenation,64,9
0,,0.6266283392906189,0.4770341179967845,[0.75834682 0.42521994 0.2475356 ],0.4885019265722492,[0.77162526 0.38258575 0.31129477],0.4765066801648355,[0.74551764 0.47854785 0.20545455],,0.6575144529342651,0.540909302281409,[0.77558257 0.48983308 0.35731225],0.5528652203088305,[0.77973007 0.4572238  0.42164179],0.5363145532561447,[0.77147896 0.52745098 0.31001372],20,15,3,umap,16,,['timeline_index'],[None],True,1,384,True,"(12,)","(128, 128)",0.1,0.0001,1,True,focal,2,True,5,Conv1d,,concatenation,64,10
0,,0.6128352284431458,0.44846456832043974,[0.74892765 0.3757764  0.22068966],0.4651687101639663,[0.74066742 0.35483871 0.3       ],0.4437531977604932,[0.7573742  0.39933993 0.17454545],,0.6539820432662964,0.5139210887245248,[0.7801313  0.47066206 0.2909699 ],0.5308388092227899,[0.76730019 0.45262523 0.37259101],0.5074260156737592,[0.79339884 0.49019608 0.23868313],20,15,3,umap,16,,['timeline_index'],[None],True,1,384,True,"(12,)","(128, 128)",0.1,0.0001,12,True,focal,2,True,5,Conv1d,,concatenation,64,10
0,,0.6432949900627136,0.4994321517206764,[0.77273387 0.42482652 0.30073607],0.5101335259363332,[0.77509456 0.39869754 0.35660848],0.49500265642527236,[0.77038751 0.45462046 0.26      ],,0.663294792175293,0.5404290954560312,[0.78696424 0.49386503 0.34045802],0.547108938752065,[0.7921879  0.46531792 0.383821  ],0.5379504339458693,[0.78180902 0.52614379 0.30589849],20,15,3,umap,16,,['timeline_index'],[None],True,1,384,True,"(12,)","(128, 128)",0.1,0.0001,123,True,focal,2,True,5,Conv1d,,concatenation,64,10
0,,0.6358237266540527,0.469127598597385,[0.77489238 0.34650735 0.28598307],0.47758884391516115,[0.7453914  0.39107884 0.2962963 ],0.46474816538912417,[0.80682475 0.31105611 0.27636364],,0.6737315058708191,0.5528747998363427,[0.79265606 0.47469459 0.39127375],0.5606220881608169,[0.77076886 0.5093633  0.4017341 ],0.5472037923537042,[0.81582263 0.44444444 0.38134431],20,15,3,umap,16,,['timeline_index'],[None],True,1,384,True,"(12,)","(128, 128)",0.1,0.0005,1,True,focal,2,True,5,Conv1d,,concatenation,64,11
0,,0.6128352284431458,0.463187047934624,[0.75280253 0.35785953 0.27889908],0.46415968672465846,[0.74828571 0.36271186 0.28148148],0.4622910515458718,[0.7573742  0.35313531 0.27636364],,0.6716442108154297,0.5621816205665627,[0.79170854 0.48474576 0.41009056],0.5603508190663233,[0.78952643 0.50352113 0.3880049 ],0.5653550857928905,[0.79390275 0.46732026 0.43484225],20,15,3,umap,16,,['timeline_index'],[None],True,1,384,True,"(12,)","(128, 128)",0.1,0.0005,12,True,focal,2,True,5,Conv1d,,concatenation,64,11
0,,0.6295019388198853,0.4986593694171501,[0.75932808 0.4316272  0.30502283],0.496516638160756,[0.78127868 0.40184922 0.30642202],0.5027950643531676,[0.73857721 0.46617162 0.30363636],,0.6734104156494141,0.5728646236004359,[0.78660336 0.51671924 0.41527127],0.5688887142025926,[0.80151674 0.49939024 0.40575916],0.5775896641235369,[0.77223482 0.53529412 0.42524005],20,15,3,umap,16,,['timeline_index'],[None],True,1,384,True,"(12,)","(128, 128)",0.1,0.0005,123,True,focal,2,True,5,Conv1d,,concatenation,64,11
0,,0.6348658800125122,0.48065350535160833,[0.7727784  0.35160852 0.3175736 ],0.4845786980833249,[0.75205255 0.38994975 0.3117338 ],0.4794824606810016,[0.79467901 0.32013201 0.32363636],,0.673570990562439,0.5544416193453982,[0.79279058 0.47353564 0.39699864],0.5605221376298525,[0.7721519  0.51457055 0.39484396],0.550767302805896,[0.81456286 0.43856209 0.39917695],20,15,3,umap,16,,['timeline_index'],[None],True,1,384,True,"(12,)","(256, 256)",0.5,0.001,1,True,focal,2,True,5,Conv1d,,concatenation,64,12
0,,0.6229885220527649,0.5012170341800123,[0.74559952 0.44436337 0.31368821],0.5013436323678074,[0.7770461  0.39829954 0.32868526],0.5063581459360511,[0.71659919 0.50247525 0.3       ],,0.6652215719223022,0.5623919773854125,[0.77982716 0.50764159 0.39970717],0.5653980660463847,[0.79889006 0.46873271 0.42857143],0.5632443924071686,[0.76165281 0.55359477 0.3744856 ],20,15,3,umap,16,,['timeline_index'],[None],True,1,384,True,"(12,)","(256, 256)",0.5,0.001,12,True,focal,2,True,5,Conv1d,,concatenation,64,12
0,,0.6626436710357666,0.5330569124315292,[0.78505495 0.47591837 0.33819742],0.5289699463268162,[0.7956638  0.47092084 0.3203252 ],0.537976731739108,[0.77472527 0.4810231  0.35818182],,0.6613680124282837,0.5511332697097036,[0.78418992 0.47286047 0.39634941],0.5485750684442156,[0.78607595 0.4820095  0.37763975],0.5544582716488515,[0.78231293 0.46405229 0.4170096 ],20,15,3,umap,16,,['timeline_index'],[None],True,1,384,True,"(12,)","(256, 256)",0.5,0.001,123,True,focal,2,True,5,Conv1d,,concatenation,64,12
0,,0.6220306754112244,0.43330268293862123,[0.76357172 0.32042724 0.21590909],0.45331969671336947,[0.72425422 0.34782609 0.28787879],0.42572003296338884,[0.80740312 0.2970297  0.17272727],,0.6358381509780884,0.47536976855837615,[0.77145885 0.37251356 0.28213689],0.5004943770011354,[0.72413793 0.41700405 0.36034115],0.46460751653199,[0.82539683 0.33660131 0.23182442],20,15,3,umap,16,,['timeline_index'],[None],True,1,384,True,"(12,)","(256, 256)",0.5,0.0001,1,True,focal,2,True,5,Conv1d,,concatenation,64,13
0,,0.6352490186691284,0.4018408001256719,[0.77541613 0.22690992 0.20319635],0.4453122884598568,[0.69577206 0.36715867 0.27300613],0.4005534220281484,[0.87565067 0.16419142 0.16181818],,0.6515735387802124,0.45457157506565854,[0.78692868 0.29596413 0.28082192],0.5151129783550598,[0.70033405 0.47142857 0.37357631],0.4462037215434871,[0.89795918 0.21568627 0.22496571],20,15,3,umap,16,,['timeline_index'],[None],True,1,384,True,"(12,)","(256, 256)",0.5,0.0001,12,True,focal,2,True,5,Conv1d,,concatenation,64,13
0,,0.6442528963088989,0.4571691998476933,[0.78377652 0.30428212 0.28344896],0.47797585552553273,[0.73169509 0.39068564 0.31154684],0.4510050958826363,[0.84384037 0.24917492 0.26      ],,0.6679511666297913,0.5234637425062089,[0.79333412 0.41342075 0.36363636],0.5482688240143146,[0.74253076 0.5042333  0.39804241],0.5122105906834613,[0.8515999  0.3503268  0.33470508],20,15,3,umap,16,,['timeline_index'],[None],True,1,384,True,"(12,)","(256, 256)",0.5,0.0001,123,True,focal,2,True,5,Conv1d,,concatenation,64,13
0,,0.617241382598877,0.48125174794018566,[0.75372584 0.39730373 0.29272568],0.4781745161081608,[0.76950889 0.38244275 0.28257191],0.48519330417714995,[0.73857721 0.41336634 0.30363636],,0.6456326246261597,0.5333245640131706,[0.77256682 0.44259012 0.38481675],0.5311208753060245,[0.77315165 0.45225102 0.36795995],0.5362027938747514,[0.77198287 0.43333333 0.40329218],20,15,3,umap,16,,['timeline_index'],[None],True,1,384,True,"(12,)","(256, 256)",0.5,0.0005,1,True,focal,2,True,5,Conv1d,,concatenation,64,14
0,,0.6044061183929443,0.45735294182183656,[0.74754579 0.36279429 0.26171875],0.4603916218643456,[0.75764776 0.34082669 0.28270042],0.4563782670921806,[0.73770966 0.38778878 0.24363636],,0.6612074375152588,0.5433783681247844,[0.78341943 0.48106061 0.36565507],0.5486085732291714,[0.78351815 0.46520147 0.39710611],0.5400600843904091,[0.78332074 0.49803922 0.3388203 ],20,15,3,umap,16,,['timeline_index'],[None],True,1,384,True,"(12,)","(256, 256)",0.5,0.0005,12,True,focal,2,True,5,Conv1d,,concatenation,64,14
0,,0.6070881485939026,0.49328259749532427,[0.73960411 0.41530461 0.32493907],0.4864092073562431,[0.78783916 0.3777027  0.29368576],0.5072640433505468,[0.69693464 0.46122112 0.36363636],,0.6438664197921753,0.5432058537072636,[0.76520602 0.48613678 0.37827476],0.5365196817576406,[0.79570185 0.45979021 0.35406699],0.5528944636839647,[0.73696145 0.51568627 0.40603567],20,15,3,umap,16,,['timeline_index'],[None],True,1,384,True,"(12,)","(256, 256)",0.5,0.0005,123,True,focal,2,True,5,Conv1d,,concatenation,64,14
0,,0.6394636034965515,0.5022202784354138,[0.77064748 0.40158172 0.33443163],0.5007099771676254,[0.76689576 0.42951128 0.30572289],0.5068632351957,[0.77443609 0.37706271 0.36909091],,0.6600834727287292,0.5483312651458488,[0.78650843 0.44277539 0.41570997],0.5468040024517474,[0.77998018 0.48894155 0.37149028],0.5565337794925926,[0.79314689 0.40457516 0.47187929],20,15,3,umap,16,,['timeline_index'],[None],True,1,384,True,"(12,)","(256, 256)",0.1,0.001,1,True,focal,2,True,5,Conv1d,,concatenation,64,15
0,,0.6233716607093811,0.4971130558334817,[0.75413747 0.42203986 0.31516184],0.49191952645726494,[0.77839335 0.40089087 0.29647436],0.5044185968625782,[0.7313476  0.44554455 0.33636364],,0.6677906513214111,0.5646255864489228,[0.78256475 0.49206349 0.41924852],0.5621302268134684,[0.78484541 0.49799197 0.4035533 ],0.567595268560099,[0.7802973  0.48627451 0.43621399],20,15,3,umap,16,,['timeline_index'],[None],True,1,384,True,"(12,)","(256, 256)",0.1,0.001,12,True,focal,2,True,5,Conv1d,,concatenation,64,15
0,,0.6369732022285461,0.4932508717448476,[0.76993689 0.39527027 0.31454545],0.49439722677319003,[0.76380194 0.40484429 0.31454545],0.4922850885435565,[0.7761712  0.38613861 0.31454545],,0.6716442108154297,0.5572327911404881,[0.78944724 0.49791466 0.38433648],0.5613121910351642,[0.78727136 0.4889729  0.40769231],0.5541121249597233,[0.79163517 0.50718954 0.36351166],20,15,3,umap,16,,['timeline_index'],[None],True,1,384,True,"(12,)","(256, 256)",0.1,0.001,123,True,focal,2,True,5,Conv1d,,concatenation,64,15
0,,0.6093869805335999,0.469435002569258,[0.74313166 0.41437632 0.25079702],0.4787089930173975,[0.77271308 0.36162362 0.30179028],0.471808535393736,[0.71573164 0.48514851 0.21454545],,0.6472382545471191,0.5253232678452063,[0.77347781 0.48152425 0.32096774],0.537718608698131,[0.79249273 0.43123061 0.38943249],0.5244762376830019,[0.75535399 0.54509804 0.27297668],20,15,3,umap,16,,['timeline_index'],[None],True,1,384,True,"(12,)","(256, 256)",0.1,0.0001,1,True,focal,2,True,5,Conv1d,,concatenation,64,16
0,,0.6141762733459473,0.4549491618850179,[0.75126463 0.38443936 0.22914349],0.4678382610999042,[0.75093903 0.35744681 0.29512894],0.45156827539318417,[0.75159051 0.41584158 0.18727273],,0.6602440476417542,0.5199438197185936,[0.78781852 0.47725857 0.29475437],0.536143433493777,[0.77747792 0.45595238 0.375     ],0.5139632807855653,[0.79843789 0.50065359 0.24279835],20,15,3,umap,16,,['timeline_index'],[None],True,1,384,True,"(12,)","(256, 256)",0.1,0.0001,12,True,focal,2,True,5,Conv1d,,concatenation,64,16
0,,0.632758617401123,0.4920503496842917,[0.76294439 0.43537415 0.27783251],0.49452685558783727,[0.77868112 0.40167364 0.30322581],0.49314742578942683,[0.74783112 0.47524752 0.25636364],,0.6652215719223022,0.553092685533301,[0.78569604 0.49876084 0.37482117],0.5541337518366679,[0.7966848  0.47408716 0.3916293 ],0.5535155077120011,[0.7750063  0.52614379 0.35939643],20,15,3,umap,16,,['timeline_index'],[None],True,1,384,True,"(12,)","(256, 256)",0.1,0.0001,123,True,focal,2,True,5,Conv1d,,concatenation,64,16
0,,0.5923371911048889,0.4626841063606639,[0.73549157 0.35455278 0.29800797],0.45711170672396895,[0.7596302  0.34645669 0.26524823],0.47195869847250776,[0.71283979 0.3630363  0.34      ],,0.6618497371673584,0.5622439097099229,[0.78021274 0.48618421 0.42033478],0.5556123382872606,[0.79394888 0.48940397 0.38348416],0.5716569755474207,[0.76694381 0.48300654 0.46502058],20,15,3,umap,16,,['timeline_index'],[None],True,1,384,True,"(12,)","(256, 256)",0.1,0.0005,1,True,focal,2,True,5,Conv1d,,concatenation,64,17
0,,0.6007663011550903,0.4723534258132985,[0.73923517 0.38441749 0.29340761],0.47248003468366656,[0.77104271 0.34658714 0.29981025],0.4762462752926537,[0.70994795 0.43151815 0.28727273],,0.6526975035667419,0.548186042325231,[0.7717476  0.49651832 0.37629221],0.5455839353390832,[0.79614251 0.46249295 0.37811634],0.553078844706607,[0.74880322 0.53594771 0.3744856 ],20,15,3,umap,16,,['timeline_index'],[None],True,1,384,True,"(12,)","(256, 256)",0.1,0.0005,12,True,focal,2,True,5,Conv1d,,concatenation,64,17
0,,0.6260536313056946,0.49687391615158144,[0.75907004 0.418107   0.31344471],0.491188181885831,[0.77784522 0.41707718 0.27864215],0.5061678683773525,[0.74117987 0.41914191 0.35818182],,0.6645793318748474,0.5690261309860306,[0.77994859 0.49566378 0.43146603],0.5612338191070616,[0.7961165  0.50613079 0.38145416],0.5822052826617615,[0.76442429 0.48562092 0.49657064],20,15,3,umap,16,,['timeline_index'],[None],True,1,384,True,"(12,)","(256, 256)",0.1,0.0005,123,True,focal,2,True,5,Conv1d,,concatenation,64,17
0,,0.6360152959823608,0.4914905387494331,[0.76705749 0.37227899 0.33513514],0.4950693697750488,[0.74979287 0.40327238 0.33214286],0.489675768617926,[0.78513592 0.34570957 0.33818182],,0.6666666865348816,0.5526616106838187,[0.78584638 0.46289753 0.40924092],0.5558944149994313,[0.76943506 0.50384615 0.39440204],0.5521058903671209,[0.80297304 0.42810458 0.42524005],20,15,3,umap,16,,['timeline_index'],[None],True,1,384,True,"(12,)","(512, 512)",0.5,0.001,1,True,focal,2,True,5,Conv1d,,concatenation,64,18
0,,0.6478927135467529,0.48226169936153757,[0.7793246  0.37534754 0.29211295],0.49570632045867397,[0.74453516 0.42811839 0.31446541],0.47480342308377743,[0.81752458 0.33415842 0.27272727],,0.6721258759498596,0.5414401353801236,[0.7928923  0.45244957 0.37897853],0.557642617777914,[0.75733945 0.50401284 0.41157556],0.5311903636626117,[0.83194759 0.41045752 0.35116598],20,15,3,umap,16,,['timeline_index'],[None],True,1,384,True,"(12,)","(512, 512)",0.5,0.001,12,True,focal,2,True,5,Conv1d,,concatenation,64,18
0,,0.6454023122787476,0.49634205735855025,[0.77400969 0.41659751 0.29841897],0.5029309648956626,[0.76292135 0.41903172 0.32683983],0.4913873249673146,[0.7854251  0.41419142 0.27454545],,0.6710019111633301,0.5574513068750123,[0.78714462 0.47855228 0.40665702],0.564669580913806,[0.772628   0.49105915 0.43032159],0.5514477944813042,[0.80221718 0.46666667 0.38545953],20,15,3,umap,16,,['timeline_index'],[None],True,1,384,True,"(12,)","(512, 512)",0.5,0.001,123,True,focal,2,True,5,Conv1d,,concatenation,64,18
0,,0.6222222447395325,0.4658009231708376,[0.75500951 0.41688073 0.22551253],0.480359269717348,[0.76383545 0.37541309 0.30182927],0.46501068614669444,[0.74638519 0.46864686 0.18      ],,0.6467565894126892,0.5071857217959047,[0.7764648  0.44015199 0.30494037],0.5294122690484188,[0.75908544 0.42690418 0.40224719],0.4981496027766388,[0.7946586  0.45424837 0.24554184],20,15,3,umap,16,,['timeline_index'],[None],True,1,384,True,"(12,)","(512, 512)",0.5,0.0001,1,True,focal,2,True,5,Conv1d,,concatenation,64,19
0,,0.6358237266540527,0.43348566041919584,[0.77274549 0.32471264 0.20299885],0.4609137652837069,[0.71815247 0.3869863  0.27760252],0.42534151448690266,[0.83632157 0.27970297 0.16      ],,0.6510918140411377,0.47648804434894876,[0.78377757 0.37708091 0.26860565],0.513228819602749,[0.72038015 0.46248813 0.35681818],0.4643581986978605,[0.85941043 0.31830065 0.21536351],20,15,3,umap,16,,['timeline_index'],[None],True,1,384,True,"(12,)","(512, 512)",0.5,0.0001,12,True,focal,2,True,5,Conv1d,,concatenation,64,19
0,,0.6371647715568542,0.4742756574826937,[0.77249268 0.36284722 0.28748707],0.48742576026327034,[0.74616006 0.38278388 0.33333333],0.4661212136251219,[0.80075188 0.34488449 0.25272727],,0.655266523361206,0.5123352234729649,[0.78664417 0.42174515 0.32861635],0.5291514894693693,[0.75410215 0.44845361 0.38489871],0.5022849194547504,[0.82212144 0.39803922 0.2866941 ],20,15,3,umap,16,,['timeline_index'],[None],True,1,384,True,"(12,)","(512, 512)",0.5,0.0001,123,True,focal,2,True,5,Conv1d,,concatenation,64,19
0,,0.5862069129943848,0.46083290374492675,[0.73382821 0.3490566  0.2996139 ],0.4547791180666623,[0.77060134 0.33333333 0.26040268],0.47315625489674473,[0.70040486 0.36633663 0.35272727],,0.6445086598396301,0.5480207627175356,[0.76357451 0.48596382 0.39452396],0.5400248981341699,[0.79422972 0.46479714 0.36104784],0.5597301197570935,[0.73519778 0.50915033 0.43484225],20,15,3,umap,16,,['timeline_index'],[None],True,1,384,True,"(12,)","(512, 512)",0.5,0.0005,1,True,focal,2,True,5,Conv1d,,concatenation,64,20
0,,0.6260536313056946,0.4661383054753146,[0.76429686 0.36813867 0.26597938],0.4752606041474405,[0.75034829 0.36829067 0.30714286],0.46043537031551623,[0.77877386 0.3679868  0.23454545],,0.663294792175293,0.5338908248590623,[0.78575829 0.47189542 0.34401876],0.54689988928176,[0.76880424 0.47189542 0.4       ],0.5257185453056394,[0.80347695 0.47189542 0.30178326],20,15,3,umap,16,,['timeline_index'],[None],True,1,384,True,"(12,)","(512, 512)",0.5,0.0005,12,True,focal,2,True,5,Conv1d,,concatenation,64,20
0,,0.6245210766792297,0.47372423914474454,[0.76035628 0.35510741 0.30570902],0.47746844297751445,[0.74384509 0.37885875 0.30970149],0.47119790579404963,[0.77761712 0.33415842 0.30181818],,0.6578356027603149,0.5346210118218425,[0.78411481 0.45231608 0.36743215],0.5384798799077495,[0.77029655 0.47226174 0.37288136],0.5315215798253458,[0.79843789 0.43398693 0.36213992],20,15,3,umap,16,,['timeline_index'],[None],True,1,384,True,"(12,)","(512, 512)",0.5,0.0005,123,True,focal,2,True,5,Conv1d,,concatenation,64,20
0,,0.6206896305084229,0.48433337573286145,[0.75211186 0.39244986 0.30843841],0.4876988413974795,[0.75762911 0.37490609 0.33056133],0.48249381965379884,[0.74667438 0.41171617 0.28909091],,0.6608863472938538,0.5527496297074516,[0.77669163 0.49541864 0.38613861],0.5536013919530132,[0.78275333 0.4795107  0.39854015],0.5525423338059504,[0.7707231 0.5124183 0.3744856],20,15,3,umap,16,,['timeline_index'],[None],True,1,384,True,"(12,)","(512, 512)",0.1,0.001,1,True,focal,2,True,5,Conv1d,,concatenation,64,21
0,,0.6241379380226135,0.4822036872030073,[0.75831675 0.35384615 0.33444816],0.4823954864938666,[0.74580537 0.39178357 0.30959752],0.4858328950303938,[0.77125506 0.32260726 0.36363636],,0.6764611601829529,0.5607101608774677,[0.79990045 0.47785141 0.40437862],0.5612240388111378,[0.79026309 0.51234106 0.38106796],0.5627384012589947,[0.80977576 0.44771242 0.43072702],20,15,3,umap,16,,['timeline_index'],[None],True,1,384,True,"(12,)","(512, 512)",0.1,0.001,12,True,focal,2,True,5,Conv1d,,concatenation,64,21
0,,0.6252873539924622,0.5057784655298799,[0.7571644  0.4304     0.32977099],0.4977370849130612,[0.79129887 0.41770186 0.28421053],0.5208249188134545,[0.72585309 0.44389439 0.39272727],,0.655427098274231,0.557198513211111,[0.77624381 0.4946446  0.40070713],0.5486622241676731,[0.80345106 0.49129594 0.35123967],0.5717501266624619,[0.75081885 0.49803922 0.46639232],20,15,3,umap,16,,['timeline_index'],[None],True,1,384,True,"(12,)","(512, 512)",0.1,0.001,123,True,focal,2,True,5,Conv1d,,concatenation,64,21
0,,0.6026819944381714,0.47063434544938976,[0.73609216 0.41104509 0.26476578],0.4770001382583362,[0.77349474 0.35657975 0.30092593],0.4745507055043272,[0.70213997 0.48514851 0.23636364],,0.6591200828552246,0.5463435026269753,[0.77626987 0.51036496 0.35239567],0.5539093552061553,[0.79697452 0.46121372 0.40353982],0.5468709294417354,[0.75661376 0.57124183 0.3127572 ],20,15,3,umap,16,,['timeline_index'],[None],True,1,384,True,"(12,)","(512, 512)",0.1,0.0001,1,True,focal,2,True,5,Conv1d,,concatenation,64,22
0,,0.6264367699623108,0.4637262088185523,[0.76350093 0.38830409 0.2393736 ],0.47852500988011987,[0.75645756 0.36807095 0.31104651],0.4587044117945629,[0.77067669 0.41089109 0.19454545],,0.6700385212898254,0.5364002554596556,[0.79180633 0.49297972 0.32441472],0.5558430823804237,[0.7804699  0.47164179 0.41541756],0.5286449284789362,[0.80347695 0.51633987 0.26611797],20,15,3,umap,16,,['timeline_index'],[None],True,1,384,True,"(12,)","(512, 512)",0.1,0.0001,12,True,focal,2,True,5,Conv1d,,concatenation,64,22
0,,0.6509578824043274,0.4990048294103233,[0.78208441 0.42978551 0.28514457],0.5046491419253458,[0.77651083 0.4217633  0.31567329],0.49528579636448317,[0.78773858 0.43811881 0.26      ],,0.6698779463768005,0.5439502516666748,[0.79373368 0.48413477 0.3539823 ],0.5502968737807298,[0.78350515 0.48461035 0.38277512],0.5390370139825478,[0.8042328  0.48366013 0.32921811],20,15,3,umap,16,,['timeline_index'],[None],True,1,384,True,"(12,)","(512, 512)",0.1,0.0001,123,True,focal,2,True,5,Conv1d,,concatenation,64,22
0,,0.5898467302322388,0.46953377426094894,[0.72630781 0.37951807 0.30277544],0.46472963118569793,[0.76346828 0.34903047 0.28169014],0.47857039607951535,[0.69259688 0.41584158 0.32727273],,0.655266523361206,0.5602374955514925,[0.77459232 0.49619019 0.40992998],0.5524929443092944,[0.81017882 0.46487721 0.3824228 ],0.5719092026385314,[0.7420005  0.53202614 0.44170096],20,15,3,umap,16,,['timeline_index'],[None],True,1,384,True,"(12,)","(512, 512)",0.1,0.0005,1,True,focal,2,True,5,Conv1d,,concatenation,64,23
0,,0.6436781883239746,0.509295359890015,[0.77030025 0.45426829 0.30331754],0.5091007352389029,[0.78837421 0.42209632 0.31683168],0.5118982343578488,[0.75303644 0.49174917 0.29090909],,0.6649004220962524,0.5498529072729774,[0.78422921 0.5        0.36532951],0.5514961391167313,[0.78923195 0.48294762 0.38230885],0.5491281286177022,[0.77928949 0.51830065 0.34979424],20,15,3,umap,16,,['timeline_index'],[None],True,1,384,True,"(12,)","(512, 512)",0.1,0.0005,12,True,focal,2,True,5,Conv1d,,concatenation,64,23
0,,0.6348658800125122,0.48409427442884684,[0.76581197 0.39818257 0.28828829],0.49134050539575624,[0.75463223 0.39867659 0.32071269],0.4789452953392505,[0.77732794 0.39768977 0.26181818],,0.6803147196769714,0.5715513001232574,[0.79126944 0.51635664 0.40702782],0.5770855808249723,[0.78790907 0.50692695 0.43642072],0.5673822341007734,[0.7946586  0.52614379 0.38134431],20,15,3,umap,16,,['timeline_index'],[None],True,1,384,True,"(12,)","(512, 512)",0.1,0.0005,123,True,focal,2,True,5,Conv1d,,concatenation,64,23
0,,0.6473180055618286,0.4908498659491624,[0.7768389 0.3746531 0.3210576],0.5019501329630696,[0.7455464  0.42631579 0.33398821],0.48470755404053995,[0.81087334 0.33415842 0.30909091],,0.6860950589179993,0.5643109381273965,[0.80280668 0.47790155 0.41222459],0.5768738328108259,[0.77216663 0.53072626 0.42772861],0.5561415238248935,[0.83597884 0.43464052 0.39780521],20,15,4,umap,16,,['timeline_index'],[None],True,1,384,True,"(10,)","(64, 64)",0.5,0.001,1,True,focal,2,True,5,Conv1d,,concatenation,64,24
0,,0.6477011442184448,0.4925485373154317,[0.77844145 0.37319684 0.32600733],0.5017908192893519,[0.74899759 0.42796158 0.32841328],0.4882631392115499,[0.81029497 0.33085809 0.32363636],,0.6799935698509216,0.5557411417756969,[0.79946589 0.47362756 0.39412998],0.5660480322871284,[0.77137503 0.52505967 0.4017094 ],0.5492946149653277,[0.82968002 0.43137255 0.38683128],20,15,4,umap,16,,['timeline_index'],[None],True,1,384,True,"(10,)","(64, 64)",0.5,0.001,12,True,focal,2,True,5,Conv1d,,concatenation,64,24
0,,0.6434866189956665,0.4979643011352451,[0.77332196 0.4015411  0.31902985],0.5018727457859171,[0.76077224 0.41725979 0.32758621],0.49472181399747833,[0.78629265 0.3869637  0.31090909],,0.6695568561553955,0.5524213668314492,[0.78810409 0.48433243 0.38482759],0.5560243605175628,[0.77542063 0.5056899  0.38696255],0.5495437681245338,[0.80120937 0.46470588 0.38271605],20,15,4,umap,16,,['timeline_index'],[None],True,1,384,True,"(10,)","(64, 64)",0.5,0.001,123,True,focal,2,True,5,Conv1d,,concatenation,64,24
0,,0.629118800163269,0.4142338859899491,[0.76888358 0.30360531 0.17021277],0.4469700244155119,[0.71067485 0.35714286 0.27309237],0.40838035914638304,[0.83747831 0.2640264  0.12363636],,0.6438664197921753,0.46789963920579325,[0.77760968 0.38714286 0.23894638],0.5098485921925051,[0.7225346  0.42677165 0.38023952],0.4567444536113485,[0.84177375 0.35424837 0.17421125],20,15,4,umap,16,,['timeline_index'],[None],True,1,384,True,"(10,)","(64, 64)",0.5,0.0001,1,True,focal,2,True,5,Conv1d,,concatenation,64,25
0,,0.6266283392906189,0.38091733323587357,[0.76884104 0.18203737 0.19187359],0.4249348438236155,[0.68402073 0.33780761 0.25297619],0.38560262330455136,[0.87767496 0.12458746 0.15454545],,0.6345536112785339,0.4253744598953801,[0.77233996 0.25440686 0.24937656],0.4891581111704612,[0.68177435 0.46924429 0.3164557 ],0.4236412260377402,[0.89065256 0.1745098  0.20576132],20,15,4,umap,16,,['timeline_index'],[None],True,1,384,True,"(10,)","(64, 64)",0.5,0.0001,12,True,focal,2,True,5,Conv1d,,concatenation,64,25
0,,0.6325670480728149,0.4570226725259994,[0.7671156  0.3854251  0.21852732],0.47946866653148607,[0.74495913 0.37837838 0.31506849],0.45021414113649655,[0.79063042 0.39273927 0.16727273],,0.655266523361206,0.49804836801615243,[0.78458379 0.45301682 0.2565445 ],0.5211059447939789,[0.75371402 0.45708583 0.35251799],0.48958529914023224,[0.8180902  0.44901961 0.20164609],20,15,4,umap,16,,['timeline_index'],[None],True,1,384,True,"(10,)","(64, 64)",0.5,0.0001,123,True,focal,2,True,5,Conv1d,,concatenation,64,25
0,,0.6074712872505188,0.4368634799130744,[0.74968053 0.34838194 0.21252796],0.45009571997421993,[0.73640167 0.3377227  0.27616279],0.43197010852039525,[0.76344708 0.35973597 0.17272727],,0.6528580784797668,0.526949013753746,[0.77790137 0.44795359 0.35499208],0.5418526327471999,[0.76346434 0.4418309  0.42026266],0.5181378449871032,[0.79289494 0.45424837 0.30727023],20,15,4,umap,16,,['timeline_index'],[None],True,1,384,True,"(10,)","(64, 64)",0.5,0.0005,1,True,focal,2,True,5,Conv1d,,concatenation,64,26
0,,0.6406130194664001,0.48859617207634026,[0.77307639 0.3628692  0.32984293],0.49493718636132283,[0.74750203 0.42019544 0.31711409],0.4878019965096567,[0.8004627  0.31930693 0.34363636],,0.6743738055229187,0.5581672805832664,[0.79435434 0.48251748 0.39763002],0.5606635869127542,[0.78091529 0.51879699 0.38227848],0.5578368521619896,[0.80826405 0.45098039 0.41426612],20,15,4,umap,16,,['timeline_index'],[None],True,1,384,True,"(10,)","(64, 64)",0.5,0.0005,12,True,focal,2,True,5,Conv1d,,concatenation,64,26
0,,0.642145574092865,0.48651154786929823,[0.77541708 0.40571429 0.27840328],0.49493112831148417,[0.76483826 0.40145396 0.31850117],0.48121046286236485,[0.78629265 0.41006601 0.24727273],,0.6663455367088318,0.5387197351781382,[0.79206701 0.46031746 0.36377473],0.5497653256480323,[0.77488551 0.46586345 0.40854701],0.5309253468191116,[0.81002771 0.45490196 0.32784636],20,15,4,umap,16,,['timeline_index'],[None],True,1,384,True,"(10,)","(64, 64)",0.5,0.0005,123,True,focal,2,True,5,Conv1d,,concatenation,64,26
0,,0.6118773818016052,0.4875608102343907,[0.7451507  0.39904988 0.31848185],0.48161038643237153,[0.76972873 0.38356164 0.29154079],0.496281456948471,[0.7220937  0.41584158 0.35090909],,0.6653821468353271,0.5671484428670244,[0.77990183 0.51034044 0.41120306],0.5603265477817302,[0.80015902 0.49721017 0.38361045],0.5759669025360487,[0.760645   0.52418301 0.4430727 ],20,15,4,umap,16,,['timeline_index'],[None],True,1,384,True,"(10,)","(64, 64)",0.1,0.001,1,True,focal,2,True,5,Conv1d,,concatenation,64,27
0,,0.6252873539924622,0.49581903410977407,[0.7555685  0.39273649 0.33915212],0.4918091298096012,[0.76077397 0.40224913 0.31240429],0.5016687446650969,[0.75043378 0.38366337 0.37090909],,0.6799935698509216,0.5767264240379818,[0.79379214 0.52031455 0.41607259],0.5725584301624914,[0.8016444  0.521682   0.39434889],0.5817918937122174,[0.78609221 0.51895425 0.44032922],20,15,4,umap,16,,['timeline_index'],[None],True,1,384,True,"(10,)","(64, 64)",0.1,0.001,12,True,focal,2,True,5,Conv1d,,concatenation,64,27
0,,0.6272030472755432,0.5072375631560279,[0.75189987 0.43647949 0.33333333],0.5004489828454606,[0.77559176 0.42186297 0.30389222],0.5169495387942497,[0.72961249 0.45214521 0.36909091],,0.663294792175293,0.56194335331667,[0.77931123 0.51225806 0.39426076],0.5552166901161303,[0.79836152 0.50573248 0.36155606],0.5711912199722139,[0.7611489  0.51895425 0.43347051],20,15,4,umap,16,,['timeline_index'],[None],True,1,384,True,"(10,)","(64, 64)",0.1,0.001,123,True,focal,2,True,5,Conv1d,,concatenation,64,27
0,,0.6216475367546082,0.43340371376388614,[0.75678686 0.36835797 0.17506631],0.4700937901140525,[0.72966443 0.35708753 0.32352941],0.4287888355058757,[0.78600347 0.38036304 0.12      ],,0.6563904881477356,0.4901778694853472,[0.78162291 0.45338567 0.23552502],0.536695390485649,[0.74246203 0.45383104 0.4137931 ],0.4808983675774836,[0.82514487 0.45294118 0.16460905],20,15,4,umap,16,,['timeline_index'],[None],True,1,384,True,"(10,)","(64, 64)",0.1,0.0001,1,True,focal,2,True,5,Conv1d,,concatenation,64,28
0,,0.6281608939170837,0.4250171403176868,[0.76498316 0.33424408 0.17582418],0.4521772328691282,[0.71590623 0.37296748 0.26765799],0.41833278353861986,[0.82128398 0.30280528 0.13090909],,0.6507707238197327,0.47834811150554707,[0.77995844 0.39804364 0.25704225],0.515829809981693,[0.71979544 0.46897163 0.35872236],0.4657073254541871,[0.85109599 0.34575163 0.20027435],20,15,4,umap,16,,['timeline_index'],[None],True,1,384,True,"(10,)","(64, 64)",0.1,0.0001,12,True,focal,2,True,5,Conv1d,,concatenation,64,28
0,,0.632758617401123,0.4753419282241829,[0.76438875 0.4300112  0.23162584],0.4872754500473789,[0.77033774 0.39263804 0.29885057],0.47428979219495115,[0.75853094 0.47524752 0.18909091],,0.6565510630607605,0.5167599888737239,[0.7819063  0.48195795 0.28641571],0.529971467383799,[0.7714566  0.46348823 0.35496957],0.5115528790391327,[0.79264298 0.50196078 0.24005487],20,15,4,umap,16,,['timeline_index'],[None],True,1,384,True,"(10,)","(64, 64)",0.1,0.0001,123,True,focal,2,True,5,Conv1d,,concatenation,64,28
0,,0.5990421175956726,0.4777845464069374,[0.72559738 0.4410896  0.26666667],0.4850023670409213,[0.78879457 0.36621253 0.3       ],0.488743679457593,[0.67177559 0.55445545 0.24      ],,0.6374437808990479,0.5310734392560023,[0.75835846 0.48056738 0.35429448],0.5389654960056062,[0.79059595 0.4245614  0.40173913],0.5330380711955564,[0.72864701 0.55359477 0.31687243],20,15,4,umap,16,,['timeline_index'],[None],True,1,384,True,"(10,)","(64, 64)",0.1,0.0005,1,True,focal,2,True,5,Conv1d,,concatenation,64,29
0,,0.6360152959823608,0.47769089581395213,[0.77319877 0.35913591 0.30073801],0.4835216618212786,[0.75027203 0.3950495  0.30524345],0.4743808024527149,[0.79757085 0.32920792 0.29636364],,0.6740526556968689,0.5537135418390023,[0.79486863 0.48033126 0.38594073],0.5584068622966266,[0.77863702 0.50877193 0.38781163],0.5502603784998225,[0.81179138 0.45490196 0.38408779],20,15,4,umap,16,,['timeline_index'],[None],True,1,384,True,"(10,)","(64, 64)",0.1,0.0005,12,True,focal,2,True,5,Conv1d,,concatenation,64,29
0,,0.6425287127494812,0.49594710407994363,[0.77333333 0.40942323 0.30508475],0.5025983629184265,[0.76684674 0.4032     0.33774834],0.4913179993534345,[0.7799306  0.41584158 0.27818182],,0.6745343804359436,0.5521168558390585,[0.79393864 0.49704142 0.36537051],0.5585646713457197,[0.78294953 0.5        0.39274448],0.546974015943826,[0.80524061 0.49411765 0.34156379],20,15,4,umap,16,,['timeline_index'],[None],True,1,384,True,"(10,)","(64, 64)",0.1,0.0005,123,True,focal,2,True,5,Conv1d,,concatenation,64,29
0,,0.6316092014312744,0.4890740192748715,[0.76228232 0.37073609 0.33420366],0.49125697490035897,[0.74674064 0.40649606 0.32053422],0.4894448860733384,[0.77848467 0.34075908 0.34909091],,0.6742132306098938,0.5648890050429011,[0.79126638 0.48733744 0.4160632 ],0.5650770923650055,[0.78373702 0.51149425 0.4       ],0.5659239278701879,[0.7989418  0.46535948 0.43347051],20,15,4,umap,16,,['timeline_index'],[None],True,1,384,True,"(10,)","(128, 128)",0.5,0.001,1,True,focal,2,True,5,Conv1d,,concatenation,64,30
0,,0.6302682161331177,0.5032014949106506,[0.75579009 0.42194433 0.33187006],0.5000061816798337,[0.76634958 0.41278611 0.32088285],0.5068907185686758,[0.74551764 0.43151815 0.34363636],,0.6701990962028503,0.5643019712257393,[0.78882225 0.50145208 0.40263158],0.5603976546684979,[0.79912099 0.49521989 0.38685209],0.5687939373280176,[0.77878559 0.50784314 0.41975309],20,15,4,umap,16,,['timeline_index'],[None],True,1,384,True,"(10,)","(128, 128)",0.5,0.001,12,True,focal,2,True,5,Conv1d,,concatenation,64,30
0,,0.6622605323791504,0.5160650117713937,[0.78651685 0.42863699 0.33304119],0.5230118076666345,[0.7646095  0.48293692 0.321489  ],0.5134948919993214,[0.8097166  0.38531353 0.34545455],,0.6724470257759094,0.5553521797039318,[0.79354918 0.46810036 0.404407  ],0.5591416742355596,[0.77587867 0.51825397 0.38329238],0.5556080868561416,[0.81204334 0.42679739 0.42798354],20,15,4,umap,16,,['timeline_index'],[None],True,1,384,True,"(10,)","(128, 128)",0.5,0.001,123,True,focal,2,True,5,Conv1d,,concatenation,64,30
0,,0.6262452006340027,0.3997735691998637,[0.76701299 0.25247783 0.17982989],0.43681952717132827,[0.6961339  0.34326241 0.27106227],0.3960590830627308,[0.85396183 0.19966997 0.13454545],,0.6488439440727234,0.4642014934499205,[0.78010175 0.35952381 0.25297892],0.5154461323334459,[0.70754717 0.45757576 0.38121547],0.45153847547249354,[0.86923658 0.29607843 0.18930041],20,15,4,umap,16,,['timeline_index'],[None],True,1,384,True,"(10,)","(128, 128)",0.5,0.0001,1,True,focal,2,True,5,Conv1d,,concatenation,64,31
0,,0.5994253158569336,0.42122093775809094,[0.73988604 0.36079656 0.16298021],0.4326993029126159,[0.72908478 0.34247591 0.22653722],0.4198243306111988,[0.75101215 0.38118812 0.12727273],,0.6531791687011719,0.4967566309604119,[0.78410629 0.46954875 0.23661485],0.5131294716655455,[0.76610577 0.45393533 0.31934732],0.49239207342745056,[0.80297304 0.48627451 0.18792867],20,15,4,umap,16,,['timeline_index'],[None],True,1,384,True,"(10,)","(128, 128)",0.5,0.0001,12,True,focal,2,True,5,Conv1d,,concatenation,64,31
0,,0.6319923400878906,0.4649718827407245,[0.76186404 0.41860465 0.21444695],0.47818215965985117,[0.75105367 0.40075472 0.2827381 ],0.4612787507784903,[0.77299017 0.43811881 0.17272727],,0.6539820432662964,0.4993941288689365,[0.77928093 0.47285577 0.24604569],0.5206532370635516,[0.75472144 0.46493999 0.34229829],0.49286073825963855,[0.80549257 0.48104575 0.1920439 ],20,15,4,umap,16,,['timeline_index'],[None],True,1,384,True,"(10,)","(128, 128)",0.5,0.0001,123,True,focal,2,True,5,Conv1d,,concatenation,64,31
0,,0.6015325784683228,0.4510501892889392,[0.74707944 0.36333609 0.24273504],0.4490802976957702,[0.75457227 0.36363636 0.22903226],0.45365069069081576,[0.73973395 0.3630363  0.25818182],,0.6515735387802124,0.5376118078343727,[0.77511244 0.45394964 0.38377334],0.5370221748682553,[0.76877323 0.4806428  0.36165049],0.5401338587561225,[0.78155707 0.43006536 0.40877915],20,15,4,umap,16,,['timeline_index'],[None],True,1,384,True,"(10,)","(128, 128)",0.5,0.0005,1,True,focal,2,True,5,Conv1d,,concatenation,64,32
0,,0.6314176321029663,0.4824160230469639,[0.76584022 0.40561622 0.27579162],0.48908550013522395,[0.7679558  0.38461538 0.31468531],0.4794112378270794,[0.76373626 0.4290429  0.24545455],,0.6626525521278381,0.544189108858407,[0.78368169 0.48441397 0.36447167],0.5529389254114111,[0.78328719 0.46305125 0.41247834],0.5394647845420747,[0.78407659 0.50784314 0.32647462],20,15,4,umap,16,,['timeline_index'],[None],True,1,384,True,"(10,)","(128, 128)",0.5,0.0005,12,True,focal,2,True,5,Conv1d,,concatenation,64,32
0,,0.6312260627746582,0.5045361149799635,[0.75897893 0.42813688 0.32649254],0.5039534315608869,[0.77957317 0.39703808 0.33524904],0.5073826786958626,[0.73944477 0.46452145 0.31818182],,0.6640976071357727,0.5576604257338932,[0.77986129 0.50795594 0.38516405],0.5580460568471538,[0.79538905 0.47756041 0.40118871],0.5592607413335705,[0.76492819 0.54248366 0.37037037],20,15,4,umap,16,,['timeline_index'],[None],True,1,384,True,"(10,)","(128, 128)",0.5,0.0005,123,True,focal,2,True,5,Conv1d,,concatenation,64,32
0,,0.6166666746139526,0.48964014411069207,[0.7468336  0.37619642 0.34589041],0.4861175825060828,[0.75197889 0.37951301 0.32686084],0.49398942092011394,[0.74175824 0.37293729 0.36727273],,0.6788696050643921,0.5759547745645064,[0.79120879 0.51241311 0.42424242],0.5735130972081354,[0.79331307 0.51911469 0.40811153],0.5788996531397196,[0.78911565 0.50588235 0.44170096],20,15,4,umap,16,,['timeline_index'],[None],True,1,384,True,"(10,)","(128, 128)",0.1,0.001,1,True,focal,2,True,5,Conv1d,,concatenation,64,33
0,,0.6160919666290283,0.4990074280587799,[0.74420691 0.40921732 0.34359806],0.4916424242390199,[0.77034974 0.39463602 0.30994152],0.5100507523279801,[0.71978022 0.42491749 0.38545455],,0.6679511666297913,0.573536143463616,[0.78093017 0.5135913  0.42608696],0.5652938077156745,[0.80373333 0.50281778 0.38933031],0.5849097938215067,[0.75938524 0.5248366  0.47050754],20,15,4,umap,16,,['timeline_index'],[None],True,1,384,True,"(10,)","(128, 128)",0.1,0.001,12,True,focal,2,True,5,Conv1d,,concatenation,64,33
0,,0.6371647715568542,0.5101750013775835,[0.76286256 0.41579371 0.35186873],0.5093867264838415,[0.76902733 0.40629921 0.35283364],0.511149166969907,[0.75679584 0.42574257 0.35090909],,0.666024386882782,0.5545605604369651,[0.78325249 0.50900062 0.37142857],0.5553017892453438,[0.79379043 0.48463357 0.38748137],0.5551971131388084,[0.77299068 0.53594771 0.35665295],20,15,4,umap,16,,['timeline_index'],[None],True,1,384,True,"(10,)","(128, 128)",0.1,0.001,123,True,focal,2,True,5,Conv1d,,concatenation,64,33
0,,0.6183907985687256,0.4558189547735368,[0.74921451 0.39472664 0.22351572],0.4743839909678543,[0.74012415 0.37234821 0.31067961],0.45101446466219786,[0.75853094 0.419967   0.17454545],,0.6485227942466736,0.5036376016212467,[0.77516164 0.44954722 0.28620394],0.5258800103551731,[0.75141911 0.44494238 0.38127854],0.4945942711789792,[0.80045351 0.45424837 0.22908093],20,15,4,umap,16,,['timeline_index'],[None],True,1,384,True,"(10,)","(128, 128)",0.1,0.0001,1,True,focal,2,True,5,Conv1d,,concatenation,64,34
0,,0.6088122725486755,0.4422565283193449,[0.74504084 0.3968139  0.18491484],0.4615262503262141,[0.7516186  0.35354839 0.27941176],0.4429680816548977,[0.73857721 0.45214521 0.13818182],,0.6520552635192871,0.49333415474516434,[0.78348968 0.47908073 0.21743205],0.519099144220918,[0.77794337 0.4361588  0.34319527],0.49320342677537404,[0.78911565 0.53137255 0.15912209],20,15,4,umap,16,,['timeline_index'],[None],True,1,384,True,"(10,)","(128, 128)",0.1,0.0001,12,True,focal,2,True,5,Conv1d,,concatenation,64,34
0,,0.6340996026992798,0.4823122281042327,[0.7618624  0.45669291 0.22838137],0.4925673991143144,[0.78180158 0.40328698 0.29261364],0.48553011576461286,[0.74291498 0.52640264 0.18727273],,0.662813127040863,0.5305348803752922,[0.78411534 0.50582263 0.30166667],0.5457102781095725,[0.78720163 0.46564046 0.38428875],0.5276444185355899,[0.78105316 0.55359477 0.24828532],20,15,4,umap,16,,['timeline_index'],[None],True,1,384,True,"(10,)","(128, 128)",0.1,0.0001,123,True,focal,2,True,5,Conv1d,,concatenation,64,34
0,,0.615517258644104,0.5006088921684305,[0.7429357  0.43587843 0.32301255],0.49407591704554127,[0.78730981 0.39569314 0.29922481],0.5131181030190931,[0.7032967  0.48514851 0.35090909],,0.6404945254325867,0.5388824647074905,[0.76339228 0.46433204 0.38892308],0.5320380952494504,[0.78268925 0.46074646 0.35267857],0.5488227664179527,[0.74502394 0.46797386 0.43347051],20,15,4,umap,16,,['timeline_index'],[None],True,1,384,True,"(10,)","(128, 128)",0.1,0.0005,1,True,focal,2,True,5,Conv1d,,concatenation,64,35
0,,0.6168582439422607,0.4843803476489696,[0.75036841 0.39699486 0.30577778],0.4817745991552877,[0.76502404 0.38116932 0.29913043],0.4877274760443078,[0.73626374 0.41419142 0.31272727],,0.6729286909103394,0.5677867421219376,[0.78821737 0.50714286 0.408     ],0.5650765295848018,[0.79447146 0.50387097 0.39688716],0.570757191765595,[0.78206097 0.51045752 0.41975309],20,15,4,umap,16,,['timeline_index'],[None],True,1,384,True,"(10,)","(128, 128)",0.1,0.0005,12,True,focal,2,True,5,Conv1d,,concatenation,64,35
0,,0.6362069249153137,0.498941208721678,[0.76903152 0.3885516  0.33924051],0.4971461886894611,[0.76539673 0.4095064  0.31653543],0.5025974974594046,[0.77270098 0.36963696 0.36545455],,0.6748554706573486,0.5595422485199614,[0.79257885 0.48765217 0.39839572],0.5627139915215073,[0.77842566 0.52118959 0.38852673],0.5580684399960258,[0.80725624 0.45816993 0.40877915],20,15,4,umap,16,,['timeline_index'],[None],True,1,384,True,"(10,)","(128, 128)",0.1,0.0005,123,True,focal,2,True,5,Conv1d,,concatenation,64,35
0,,0.6390804648399353,0.4924403666438872,[0.77038293 0.38363636 0.32330181],0.4956868923126329,[0.75324675 0.42712551 0.30668842],0.4927733155039043,[0.78831695 0.34818482 0.34181818],,0.6732498407363892,0.5587180816001583,[0.79294935 0.48598794 0.39721695],0.5604888768600507,[0.78150232 0.53141971 0.3685446 ],0.561058717039628,[0.80473671 0.44771242 0.43072702],20,15,4,umap,16,,['timeline_index'],[None],True,1,384,True,"(10,)","(256, 256)",0.5,0.001,1,True,focal,2,True,5,Conv1d,,concatenation,64,36
0,,0.6170498132705688,0.4716349824117139,[0.74985836 0.35409253 0.31095406],0.47381496646223575,[0.73486952 0.38416988 0.3024055 ],0.47128473633945234,[0.76547137 0.32838284 0.32      ],,0.6724470257759094,0.554425985857388,[0.79350811 0.49098196 0.37878788],0.5562825977666968,[0.786439   0.50204918 0.38035961],0.5527755683892212,[0.80070547 0.48039216 0.37722908],20,15,4,umap,16,,['timeline_index'],[None],True,1,384,True,"(10,)","(256, 256)",0.5,0.001,12,True,focal,2,True,5,Conv1d,,concatenation,64,36
0,,0.6599617004394531,0.5095075771105483,[0.78438455 0.40645161 0.33768657],0.5206300528237712,[0.75481283 0.46033403 0.3467433 ],0.5031067126377183,[0.81636784 0.36386139 0.32909091],,0.6748554706573486,0.5523265165129173,[0.79411049 0.4679646  0.39490446],0.5620882820614027,[0.7679454  0.51042471 0.40789474],0.5456212114475419,[0.82212144 0.43202614 0.38271605],20,15,4,umap,16,,['timeline_index'],[None],True,1,384,True,"(10,)","(256, 256)",0.5,0.001,123,True,focal,2,True,5,Conv1d,,concatenation,64,36
0,,0.6383141875267029,0.43931479762852504,[0.77244871 0.32460733 0.22088836],0.4749405061910732,[0.71615613 0.38357705 0.32508834],0.4289905757493042,[0.83834586 0.28135314 0.16727273],,0.6509312987327576,0.46390162384698663,[0.78310114 0.36470129 0.24390244],0.5166772806351142,[0.71131687 0.45295829 0.38575668],0.45151849491511276,[0.87100025 0.30522876 0.17832647],20,15,4,umap,16,,['timeline_index'],[None],True,1,384,True,"(10,)","(256, 256)",0.5,0.0001,1,True,focal,2,True,5,Conv1d,,concatenation,64,37
0,,0.6354405879974365,0.43509841415358386,[0.77147095 0.34734411 0.18648019],0.45898034770361223,[0.72265724 0.39454355 0.25974026],0.427680807409833,[0.82735685 0.31023102 0.14545455],,0.6435452699661255,0.4596716580540396,[0.77941855 0.38034509 0.21925134],0.4927187576032273,[0.71887636 0.44630282 0.3129771 ],0.45039760760271186,[0.85109599 0.33137255 0.16872428],20,15,4,umap,16,,['timeline_index'],[None],True,1,384,True,"(10,)","(256, 256)",0.5,0.0001,12,True,focal,2,True,5,Conv1d,,concatenation,64,37
0,,0.640421450138092,0.4764815426262848,[0.76933976 0.41445018 0.24565469],0.4974042416262179,[0.75416667 0.39938791 0.33865815],0.4695187529163558,[0.78513592 0.43069307 0.19272727],,0.6514129638671875,0.5018032681419823,[0.7809016  0.44333666 0.28117155],0.5212572851208431,[0.75227644 0.45098039 0.36051502],0.4927305901784582,[0.81179138 0.43594771 0.23045267],20,15,4,umap,16,,['timeline_index'],[None],True,1,384,True,"(10,)","(256, 256)",0.5,0.0001,123,True,focal,2,True,5,Conv1d,,concatenation,64,37
0,,0.5923371911048889,0.4576279884706822,[0.73413897 0.39002268 0.24872232],0.45410264790807536,[0.76850095 0.35983264 0.23397436],0.46463848466975094,[0.70271833 0.42574257 0.26545455],,0.639531135559082,0.5343901080620514,[0.76606154 0.45375443 0.38335435],0.5285284129566233,[0.783307   0.44755245 0.35472579],0.542233134680484,[0.74955908 0.46013072 0.4170096 ],20,15,4,umap,16,,['timeline_index'],[None],True,1,384,True,"(10,)","(256, 256)",0.5,0.0005,1,True,focal,2,True,5,Conv1d,,concatenation,64,38
0,,0.629118800163269,0.5061509576601259,[0.75472831 0.44973139 0.31399317],0.5002790525691857,[0.78464419 0.42037303 0.29581994],0.515017878884476,[0.72700983 0.48349835 0.33454545],,0.6636159420013428,0.5616692382925828,[0.78080782 0.50239693 0.40180296],0.5559442303864548,[0.79763469 0.49155722 0.37864078],0.5687950900524819,[0.76467624 0.51372549 0.42798354],20,15,4,umap,16,,['timeline_index'],[None],True,1,384,True,"(10,)","(256, 256)",0.5,0.0005,12,True,focal,2,True,5,Conv1d,,concatenation,64,38
0,,0.6298850774765015,0.49385196706884876,[0.76313446 0.43515964 0.2832618 ],0.489579306642123,[0.78384146 0.41660377 0.26829268],0.4996462977703207,[0.74349335 0.45544554 0.3       ],,0.65815669298172,0.5445105798752846,[0.78134111 0.48561032 0.36658031],0.5416971163483371,[0.78622449 0.4916276  0.34723926],0.5481531981791344,[0.77651801 0.47973856 0.38820302],20,15,4,umap,16,,['timeline_index'],[None],True,1,384,True,"(10,)","(256, 256)",0.5,0.0005,123,True,focal,2,True,5,Conv1d,,concatenation,64,38
0,,0.6189655065536499,0.5030369368849296,[0.74239659 0.44436337 0.32235085],0.49901816849457514,[0.78287364 0.39829954 0.31588133],0.5124885068032541,[0.70589936 0.50247525 0.32909091],,0.6589595079421997,0.5614801451514756,[0.7718885  0.51740696 0.39514498],0.5566853734359188,[0.80310458 0.47835738 0.38859416],0.5694424820682731,[0.74300831 0.56339869 0.40192044],20,15,4,umap,16,,['timeline_index'],[None],True,1,384,True,"(10,)","(256, 256)",0.1,0.001,1,True,focal,2,True,5,Conv1d,,concatenation,64,39
0,,0.6212643384933472,0.500579845686565,[0.75130073 0.40561122 0.34482759],0.4939262274001968,[0.77301927 0.39438815 0.31437126],0.51002638725411,[0.73076923 0.41749175 0.38181818],,0.6687540411949158,0.5650727044405105,[0.78737113 0.50888325 0.39896373],0.559407126601406,[0.80585597 0.49445129 0.37791411],0.5721316235684947,[0.76971529 0.52418301 0.42249657],20,15,4,umap,16,,['timeline_index'],[None],True,1,384,True,"(10,)","(256, 256)",0.1,0.001,12,True,focal,2,True,5,Conv1d,,concatenation,64,39
0,,0.6168582439422607,0.49961240814308144,[0.74495138 0.41315684 0.340729  ],0.491870153031201,[0.7716145  0.40202966 0.30196629],0.5119653289793987,[0.7200694  0.42491749 0.39090909],,0.6570327281951904,0.5561754801400162,[0.77743271 0.49305331 0.39804042],0.5487339734005848,[0.79914871 0.48753994 0.35951327],0.5671249020870351,[0.75686571 0.49869281 0.44581619],20,15,4,umap,16,,['timeline_index'],[None],True,1,384,True,"(10,)","(256, 256)",0.1,0.001,123,True,focal,2,True,5,Conv1d,,concatenation,64,39
0,,0.6371647715568542,0.44231566884294055,[0.77184466 0.34228493 0.21281741],0.4741692966519051,[0.72309247 0.38172589 0.31768953],0.43262568709155463,[0.82764604 0.31023102 0.16      ],,0.6555876731872559,0.48663816936700616,[0.78555516 0.42030529 0.25405405],0.5215707743163193,[0.73464912 0.45998446 0.37007874],0.4747950208890141,[0.84404132 0.3869281  0.19341564],20,15,4,umap,16,,['timeline_index'],[None],True,1,384,True,"(10,)","(256, 256)",0.1,0.0001,1,True,focal,2,True,5,Conv1d,,concatenation,64,40
0,,0.6216475367546082,0.46681585669167003,[0.75219941 0.42373498 0.22451317],0.4818324647220679,[0.76293873 0.37915309 0.30340557],0.4667126932473467,[0.74175824 0.48019802 0.17818182],,0.6522157788276672,0.5117984121733031,[0.77987421 0.48007192 0.2754491 ],0.529294686204441,[0.77869882 0.44327615 0.36590909],0.5084776846266628,[0.78105316 0.52352941 0.22085048],20,15,4,umap,16,,['timeline_index'],[None],True,1,384,True,"(10,)","(256, 256)",0.1,0.0001,12,True,focal,2,True,5,Conv1d,,concatenation,64,40
0,,0.6398467421531677,0.5065413316295624,[0.7657228  0.45628215 0.29761905],0.5095815316434202,[0.7899754  0.41125828 0.32751092],0.5093394967027066,[0.74291498 0.51237624 0.27272727],,0.6573538780212402,0.5371711582691102,[0.78037028 0.48982148 0.34132171],0.5394796676220118,[0.78555017 0.47023452 0.36265432],0.5362429196644364,[0.77525825 0.51111111 0.3223594 ],20,15,4,umap,16,,['timeline_index'],[None],True,1,384,True,"(10,)","(256, 256)",0.1,0.0001,123,True,focal,2,True,5,Conv1d,,concatenation,64,40
0,,0.6137930750846863,0.4875561185715944,[0.74906367 0.40566038 0.30794431],0.481562588917471,[0.77712154 0.38738739 0.28017884],0.4968406684508821,[0.72296125 0.42574257 0.34181818],,0.6610468626022339,0.5605865723969171,[0.77689345 0.49791198 0.40695428],0.5550037271806442,[0.79193928 0.48957675 0.38349515],0.5674717074758573,[0.76240867 0.50653595 0.43347051],20,15,4,umap,16,,['timeline_index'],[None],True,1,384,True,"(10,)","(256, 256)",0.1,0.0005,1,True,focal,2,True,5,Conv1d,,concatenation,64,41
0,,0.6212643384933472,0.48883851488354785,[0.75572519 0.39473684 0.31605351],0.48448471428622014,[0.76744186 0.39344262 0.29256966],0.49467895661746625,[0.7443609  0.3960396  0.34363636],,0.6647399067878723,0.5610563829016179,[0.78505393 0.49786815 0.40024707],0.5547290358230846,[0.80047133 0.49967084 0.36404494],0.5702473582025404,[0.7702192  0.49607843 0.44444444],20,15,4,umap,16,,['timeline_index'],[None],True,1,384,True,"(10,)","(256, 256)",0.1,0.0005,12,True,focal,2,True,5,Conv1d,,concatenation,64,41
0,,0.6427202820777893,0.5133627019872927,[0.77190946 0.41241685 0.35576179],0.5099973551806923,[0.77460687 0.44582934 0.30955585],0.5236919845830738,[0.76923077 0.38366337 0.41818182],,0.665542721748352,0.5590386202777409,[0.78370221 0.48673505 0.40667859],0.5574948060023388,[0.78232488 0.5304549  0.35970464],0.5675072223676851,[0.7850844  0.4496732  0.46776406],20,15,4,umap,16,,['timeline_index'],[None],True,1,384,True,"(10,)","(256, 256)",0.1,0.0005,123,True,focal,2,True,5,Conv1d,,concatenation,64,41
0,,0.6026819944381714,0.4832109352389353,[0.73179612 0.41432792 0.30350877],0.4792812744493598,[0.76962348 0.375      0.29322034],0.49164325165888484,[0.69751301 0.46287129 0.31454545],,0.6592806577682495,0.557485981716689,[0.7750453  0.50631352 0.39109912],0.5534232688640172,[0.79691243 0.47874199 0.38461538],0.5631354324994744,[0.75434618 0.5372549  0.39780521],20,15,4,umap,16,,['timeline_index'],[None],True,1,384,True,"(10,)","(512, 512)",0.5,0.001,1,True,focal,2,True,5,Conv1d,,concatenation,64,42
0,,0.6465517282485962,0.5033461361228458,[0.77270148 0.41286397 0.32447296],0.5072825690810824,[0.75849582 0.43617998 0.3271719 ],0.5003939219832915,[0.78744939 0.39191419 0.32181818],,0.6788696050643921,0.5609987298423238,[0.79488755 0.49121598 0.39689266],0.5680790848959923,[0.77591171 0.5193008  0.40902475],0.5554291401059738,[0.81481481 0.46601307 0.38545953],20,15,4,umap,16,,['timeline_index'],[None],True,1,384,True,"(10,)","(512, 512)",0.5,0.001,12,True,focal,2,True,5,Conv1d,,concatenation,64,42
0,,0.6511494517326355,0.4986377809760458,[0.77656904 0.40595399 0.31339031],0.5085976677249934,[0.75       0.44776119 0.32803181],0.4921255919692606,[0.80508965 0.37128713 0.3       ],,0.671162486076355,0.5456401378574935,[0.79058939 0.48136752 0.3649635 ],0.5547453891780668,[0.76956107 0.5046595  0.3900156 ],0.5386218136088455,[0.81279919 0.46013072 0.34293553],20,15,4,umap,16,,['timeline_index'],[None],True,1,384,True,"(10,)","(512, 512)",0.5,0.001,123,True,focal,2,True,5,Conv1d,,concatenation,64,42
0,,0.6295019388198853,0.4197898829090469,[0.76623892 0.2985782  0.19455253],0.4654384176257255,[0.70616923 0.35077951 0.33936652],0.411247645875056,[0.83747831 0.25990099 0.13636364],,0.6526975035667419,0.46404722884099886,[0.7834677  0.37813212 0.23054187],0.5244274847618846,[0.71310459 0.45108696 0.40909091],0.45174020225374106,[0.86923658 0.3254902  0.16049383],20,15,4,umap,16,,['timeline_index'],[None],True,1,384,True,"(10,)","(512, 512)",0.5,0.0001,1,True,focal,2,True,5,Conv1d,,concatenation,64,43
0,,0.6218391060829163,0.4364707786565287,[0.75777594 0.35021459 0.2014218 ],0.45900157170799144,[0.72295168 0.36493739 0.28911565],0.42910134853855547,[0.79612493 0.33663366 0.15454545],,0.6504495739936829,0.4823886295793766,[0.78192488 0.40965566 0.25558534],0.515641054665445,[0.73192705 0.44832945 0.36666667],0.4708458417660617,[0.83925422 0.37712418 0.19615912],20,15,4,umap,16,,['timeline_index'],[None],True,1,384,True,"(10,)","(512, 512)",0.5,0.0001,12,True,focal,2,True,5,Conv1d,,concatenation,64,43
0,,0.6204980611801147,0.47791406791406793,[0.75       0.43076923 0.25297297],0.4882742587777684,[0.77253219 0.38029059 0.312     ],0.4793906273218415,[0.72874494 0.49669967 0.21272727],,0.649807333946228,0.5142199445075161,[0.777      0.47055157 0.29510826],0.5253031129789705,[0.77102456 0.44967242 0.35521236],0.5096444613510699,[0.78306878 0.49346405 0.25240055],20,15,4,umap,16,,['timeline_index'],[None],True,1,384,True,"(10,)","(512, 512)",0.5,0.0001,123,True,focal,2,True,5,Conv1d,,concatenation,64,43
0,,0.6074712872505188,0.47099763300215053,[0.74035608 0.4        0.27263682],0.47491951768783286,[0.76020719 0.36345246 0.3010989 ],0.4717752359388628,[0.72151533 0.44471947 0.24909091],,0.6345536112785339,0.5201380505941237,[0.76247151 0.4350855  0.36285714],0.5222941422668964,[0.76635276 0.42199017 0.37853949],0.5186904940302596,[0.75862938 0.44901961 0.3484225 ],20,15,4,umap,16,,['timeline_index'],[None],True,1,384,True,"(10,)","(512, 512)",0.5,0.0005,1,True,focal,2,True,5,Conv1d,,concatenation,64,44
0,,0.620881199836731,0.46594966643839403,[0.75456332 0.35208244 0.29120324],0.47614145406097147,[0.73335153 0.36705461 0.32801822],0.4590469203079938,[0.77703875 0.33828383 0.26181818],,0.6724470257759094,0.5490928574646633,[0.79161045 0.47609495 0.37957317],0.5619033837706243,[0.77127151 0.48733744 0.4271012 ],0.5399914698389644,[0.81305115 0.46535948 0.34156379],20,15,4,umap,16,,['timeline_index'],[None],True,1,384,True,"(10,)","(512, 512)",0.5,0.0005,12,True,focal,2,True,5,Conv1d,,concatenation,64,44
0,,0.6465517282485962,0.5111331374209567,[0.77046315 0.44349182 0.31944444],0.515959914844522,[0.77611502 0.42023634 0.35152838],0.5090307405523664,[0.764893   0.46947195 0.29272727],,0.6618497371673584,0.5412912193762361,[0.78226009 0.4861244  0.35548917],0.5476339606304534,[0.77797159 0.47476636 0.39016393],0.5370366527955489,[0.78659612 0.49803922 0.32647462],20,15,4,umap,16,,['timeline_index'],[None],True,1,384,True,"(10,)","(512, 512)",0.5,0.0005,123,True,focal,2,True,5,Conv1d,,concatenation,64,44
0,,0.6005747318267822,0.4857344947095769,[0.73322274 0.38712274 0.33685801],0.47737106862938944,[0.76615191 0.3778476  0.2881137 ],0.5017755835733949,[0.70300752 0.39686469 0.40545455],,0.6514129638671875,0.5574000238654103,[0.77040147 0.49349    0.40830861],0.547827161193415,[0.80372297 0.47992588 0.35983264],0.5731517847193747,[0.73973293 0.50784314 0.47187929],20,15,4,umap,16,,['timeline_index'],[None],True,1,384,True,"(10,)","(512, 512)",0.1,0.001,1,True,focal,2,True,5,Conv1d,,concatenation,64,45
0,,0.6264367699623108,0.4954503080302007,[0.75361464 0.42073629 0.312     ],0.5007168905507086,[0.76927711 0.3862069  0.34666667],0.4947532601727495,[0.73857721 0.4620462  0.28363636],,0.6644187569618225,0.5520415406216347,[0.78031949 0.50827068 0.36753446],0.5594832472991961,[0.79175311 0.47075209 0.41594454],0.5502390256514128,[0.76921139 0.55228758 0.32921811],20,15,4,umap,16,,['timeline_index'],[None],True,1,384,True,"(10,)","(512, 512)",0.1,0.001,12,True,focal,2,True,5,Conv1d,,concatenation,64,45
0,,0.6076628565788269,0.49594190899542584,[0.73449969 0.4235963  0.32972973],0.49378609228964904,[0.78253761 0.37203496 0.32678571],0.5054983184842486,[0.69201851 0.49174917 0.33272727],,0.652536928653717,0.5495458613572471,[0.77076238 0.50278674 0.37508846],0.5487496934630993,[0.80272851 0.45609367 0.3874269 ],0.5549623415895851,[0.74124465 0.56013072 0.36351166],20,15,4,umap,16,,['timeline_index'],[None],True,1,384,True,"(10,)","(512, 512)",0.1,0.001,123,True,focal,2,True,5,Conv1d,,concatenation,64,45
0,,0.6164751052856445,0.46123084584479984,[0.7505787  0.39568068 0.23743316],0.4702649851720266,[0.75101332 0.37146995 0.28831169],0.45841003360023685,[0.75014459 0.42326733 0.20181818],,0.6541425585746765,0.5222085832011168,[0.7794524  0.47985235 0.307321  ],0.5339767141335184,[0.77710994 0.45322487 0.37159533],0.5178718949857034,[0.78180902 0.50980392 0.26200274],20,15,4,umap,16,,['timeline_index'],[None],True,1,384,True,"(10,)","(512, 512)",0.1,0.0001,1,True,focal,2,True,5,Conv1d,,concatenation,64,46
0,,0.6187739372253418,0.4586787840591502,[0.75014611 0.42082111 0.20506912],0.47220795322325965,[0.75812168 0.37862797 0.27987421],0.459250717437273,[0.74233661 0.47359736 0.16181818],,0.6555876731872559,0.5098128284781872,[0.78408382 0.4774037  0.26795096],0.5307601724851368,[0.77643281 0.44538766 0.37046005],0.5053809177992185,[0.79188713 0.51437908 0.20987654],20,15,4,umap,16,,['timeline_index'],[None],True,1,384,True,"(10,)","(512, 512)",0.1,0.0001,12,True,focal,2,True,5,Conv1d,,concatenation,64,46
0,,0.6379310488700867,0.5007016967805907,[0.76317365 0.46197584 0.2769556 ],0.5092248093472121,[0.79112353 0.40574282 0.33080808],0.5038722461025744,[0.73713129 0.53630363 0.23818182],,0.6568722128868103,0.5322491200951057,[0.78035714 0.49462366 0.32176656],0.5413864300405757,[0.79023508 0.45544554 0.37847866],0.5305783218637249,[0.7707231  0.54117647 0.27983539],20,15,4,umap,16,,['timeline_index'],[None],True,1,384,True,"(10,)","(512, 512)",0.1,0.0001,123,True,focal,2,True,5,Conv1d,,concatenation,64,46
0,,0.6245210766792297,0.4881607393717718,[0.75432628 0.425548   0.28460794],0.4896604489245806,[0.77202543 0.39260809 0.30434783],0.4897382178935071,[0.73742047 0.46452145 0.26727273],,0.6640976071357727,0.5658755323285068,[0.7758219  0.51465201 0.40715268],0.5629348903547416,[0.79771094 0.48281787 0.40827586],0.5707060327560379,[0.75510204 0.55098039 0.40603567],20,15,4,umap,16,,['timeline_index'],[None],True,1,384,True,"(10,)","(512, 512)",0.1,0.0005,1,True,focal,2,True,5,Conv1d,,concatenation,64,47
0,,0.601915717124939,0.48020067770546926,[0.73519687 0.39622642 0.30917874],0.473722230119316,[0.76533166 0.37837838 0.27745665],0.49075925984732655,[0.70734529 0.41584158 0.34909091],,0.6634553670883179,0.568485325119931,[0.77808148 0.51075949 0.416615  ],0.5599917328790512,[0.80479268 0.49509202 0.3800905 ],0.580480916646494,[0.75308642 0.52745098 0.46090535],20,15,4,umap,16,,['timeline_index'],[None],True,1,384,True,"(10,)","(512, 512)",0.1,0.0005,12,True,focal,2,True,5,Conv1d,,concatenation,64,47
0,,0.6281608939170837,0.4874692989585056,[0.75991891 0.40081301 0.30167598],0.48840441276536545,[0.76102088 0.39503205 0.30916031],0.48671041945143045,[0.75882013 0.40676568 0.29454545],,0.6719653010368347,0.5600824975956832,[0.7898395  0.50175551 0.38865248],0.5616743051023962,[0.7923428  0.49033063 0.40234949],0.5589782689481828,[0.78735198 0.51372549 0.37585734],20,15,4,umap,16,,['timeline_index'],[None],True,1,384,True,"(10,)","(512, 512)",0.1,0.0005,123,True,focal,2,True,5,Conv1d,,concatenation,64,47
