,loss,accuracy,f1,f1_scores,precision,precision_scores,recall,recall_scores,valid_loss,valid_accuracy,valid_f1,valid_f1_scores,valid_precision,valid_precision_scores,valid_recall,valid_recall_scores,hidden_dim,dropout_rate,learning_rate,seed,loss_function,gamma,k_fold,n_splits,batch_size,model_id,input_dim,dimension,sig_depth,method,log_signature
0,0.28599164591116066,0.4718779921531677,0.46039896303779415,[0.5391015  0.38169643],0.46399484894890713,[0.49617152 0.43181818],0.4660819672131148,[0.59016393 0.342     ],0.24213337600231172,0.6476868391036987,0.5439881976887141,[0.76144578 0.32653061],0.601412429378531,[0.66949153 0.53333333],0.5589878409464344,[0.88268156 0.23529412],"(64, 64)",0.5,0.001,1,focal,2,False,,64,0.0,790,28,2,umap,True
0,0.27686600825365854,0.4575786590576172,0.4418673586272997,[0.5355102  0.34822451],0.4463569015022923,[0.4852071 0.4075067],0.45072495446265937,[0.59744991 0.304     ],0.25695946514606477,0.6120996475219727,0.4392860411899314,[0.75057208 0.128     ],0.49174250084260196,[0.63565891 0.34782609],0.4973162449337277,[0.91620112 0.07843137],"(64, 64)",0.5,0.001,12,focal,2,False,,64,0.0,790,28,2,umap,True
0,0.28655659801819744,0.45090562105178833,0.4416582884854219,[0.51351351 0.36980306],0.4434763589333942,[0.47874016 0.40821256],0.4458670309653916,[0.55373406 0.338     ],0.24736040830612183,0.5943060517311096,0.5368131868131868,[0.7        0.37362637],0.5433457711442786,[0.66169154 0.425     ],0.5381750465549349,[0.74301676 0.33333333],"(64, 64)",0.5,0.001,123,focal,2,False,,64,0.0,790,28,2,umap,True
0,0.2776428180582383,0.5052430629730225,0.4999425940332698,[0.5514261  0.44845909],0.5015645512591002,[0.52467105 0.47845805],0.501528233151184,[0.58105647 0.422     ],0.24727445542812349,0.5765124559402466,0.4998728705822527,[0.69565217 0.30409357],0.5091605140825813,[0.64150943 0.37681159],0.5073392485485815,[0.75977654 0.25490196],"(64, 64)",0.5,0.0001,1,focal,2,False,,64,0.1,790,28,2,umap,True
0,0.26059138950179606,0.49475690722465515,0.4770550212951676,[0.57326892 0.38084112],0.4857868411239198,[0.51370851 0.45786517],0.48722586520947175,[0.64845173 0.326     ],0.24109470546245576,0.6227757930755615,0.4515760789512447,[0.75799087 0.14516129],0.5250087750087751,[0.64092664 0.40909091],0.5078047978968123,[0.9273743  0.08823529],"(64, 64)",0.5,0.0001,12,focal,2,False,,64,0.1,790,28,2,umap,True
0,0.2639305144548416,0.5052430629730225,0.5003317776951774,[0.5498699  0.45079365],0.5017430612396756,[0.52483444 0.47865169],0.5017067395264116,[0.57741348 0.426     ],0.23824881315231322,0.6690391302108765,0.537149536848444,[0.78422274 0.29007634],0.6629036672140121,[0.67063492 0.65517241],0.565204294008106,[0.94413408 0.18627451],"(64, 64)",0.5,0.0001,123,focal,2,False,,64,0.1,790,28,2,umap,True
0,0.2634876046110602,0.4880838990211487,0.4739409254802641,[0.56019656 0.38768529],0.47992847669571803,[0.50892857 0.45092838],0.4814754098360656,[0.62295082 0.34      ],0.23467957675457002,0.5978647470474243,0.5281661886859741,[0.70951157 0.34682081],0.5398390342052314,[0.65714286 0.42253521],0.5325336838646073,[0.77094972 0.29411765],"(64, 64)",0.5,0.0005,1,focal,2,False,,64,0.2,790,28,2,umap,True
0,0.3505079904023339,0.5081029534339905,0.5080023559866785,[0.51503759 0.50096712],0.5085287807716083,[0.53203883 0.48501873],0.508544626593807,[0.49908925 0.518     ],0.25108658969402314,0.6370106935501099,0.5194164989939638,[0.75714286 0.28169014],0.5798755186721991,[0.65975104 0.5       ],0.5421732938985651,[0.88826816 0.19607843],"(64, 64)",0.5,0.0005,12,focal,2,False,,64,0.2,790,28,2,umap,True
0,0.3096681412528543,0.4899904727935791,0.4898996096182075,[0.49670743 0.48309179],0.4904541983344849,[0.51361868 0.46728972],0.49043715846994534,[0.48087432 0.5       ],0.23459809720516206,0.6512455344200134,0.5652077807250221,[0.75862069 0.37179487],0.6077255669766684,[0.6784141  0.53703704],0.5723244605104612,[0.8603352  0.28431373],"(64, 64)",0.5,0.0005,123,focal,2,False,,64,0.2,790,28,2,umap,True
0,0.3432760378893684,0.49285033345222473,0.48211952487008164,[0.40757238 0.55666667],0.500749079001228,[0.5243553  0.47714286],0.5006666666666667,[0.33333333 0.668     ],0.23809211552143097,0.6014235019683838,0.584319526627219,[0.66863905 0.5       ],0.584854108670997,[0.71069182 0.45901639],0.5901522620221273,[0.63128492 0.54901961],"(64, 64)",0.1,0.001,1,focal,2,False,,64,0.3,790,28,2,umap,True
0,0.32958490532987256,0.4690181016921997,0.46799510145363,[0.4913242 0.444666 ],0.46800697645628064,[0.49267399 0.44333996],0.46799089253187615,[0.48998179 0.446     ],0.23862523436546326,0.6619216799736023,0.5544670127009029,[0.77326969 0.33566434],0.6301829268292682,[0.675      0.58536585],0.5701610253039764,[0.90502793 0.23529412],"(64, 64)",0.1,0.001,12,focal,2,False,,64,0.3,790,28,2,umap,True
0,0.2848845159306246,0.5090562701225281,0.5086543804871482,[0.49460255 0.52270621],0.5116084224451549,[0.53617021 0.48704663],0.5115081967213114,[0.45901639 0.564     ],0.2305735468864441,0.626334547996521,0.5557613261664934,[0.73282443 0.37869822],0.5752545682800948,[0.6728972  0.47761194],0.5590973819695476,[0.80446927 0.31372549],"(64, 64)",0.1,0.001,123,focal,2,False,,64,0.3,790,28,2,umap,True
0,0.2700156727257897,0.48617732524871826,0.48437609718418656,[0.51485149 0.45390071],0.48442786469560895,[0.5088968  0.45995893],0.4844735883424408,[0.52094718 0.448     ],0.24350934028625487,0.5800711512565613,0.544031903190319,[0.67222222 0.41584158],0.5442541436464088,[0.66850829 0.42      ],0.543871179756819,[0.67597765 0.41176471],"(64, 64)",0.1,0.0001,1,focal,2,False,,64,0.4,790,28,2,umap,True
0,0.28902071714401245,0.49380362033843994,0.4931384940448079,[0.47477745 0.51149954],0.49653753401623923,[0.51948052 0.47359455],0.49657923497267764,[0.43715847 0.556     ],0.23498909771442414,0.6583629846572876,0.529641512065839,[0.77570093 0.28358209],0.6302083333333333,[0.66666667 0.59375   ],0.5568244057399496,[0.9273743  0.18627451],"(64, 64)",0.1,0.0001,12,focal,2,False,,64,0.4,790,28,2,umap,True
0,0.2899242586949292,0.4690181016921997,0.4682449324308951,[0.48852158 0.44796829],0.4683002255693808,[0.49259259 0.44400786],0.4682586520947177,[0.4845173 0.452    ],0.22810131311416626,0.6725978851318359,0.5537834852250759,[0.78403756 0.32352941],0.6615860919266492,[0.67611336 0.64705882],0.5743235841822762,[0.93296089 0.21568627],"(64, 64)",0.1,0.0001,123,focal,2,False,,64,0.4,790,28,2,umap,True
0,0.3151460307485917,0.49475690722465515,0.49390652422461573,[0.51465201 0.47316103],0.49392556358686557,[0.5174954  0.47035573],0.49391985428051,[0.51183971 0.476     ],0.23050756454467775,0.6512455344200134,0.58108190337106,[0.75252525 0.40963855],0.6089429723502304,[0.68663594 0.53125   ],0.5828677839851024,[0.83240223 0.33333333],"(64, 64)",0.1,0.0005,1,focal,2,False,,64,0.5,790,28,2,umap,True
0,0.29750559172209573,0.49571019411087036,0.49482140987650947,[0.47363184 0.51601098],0.49873894263483326,[0.52192982 0.47554806],0.4987577413479053,[0.43351548 0.564     ],0.23308126330375672,0.6298932433128357,0.5490123456790122,[0.74       0.35802469],0.5765082956259426,[0.66968326 0.48333333],0.5555646839741484,[0.82681564 0.28431373],"(64, 64)",0.1,0.0005,12,focal,2,False,,64,0.5,790,28,2,umap,True
0,0.31904437261469226,0.522402286529541,0.5214821289555989,[0.5004985  0.54246575],0.5260115499944471,[0.55286344 0.49915966],0.5255974499089253,[0.4571949 0.594    ],0.23702519237995148,0.6370106935501099,0.5238237639553429,[0.75598086 0.29166667],0.5805439330543933,[0.66108787 0.5       ],0.5442819585934933,[0.88268156 0.20588235],"(64, 64)",0.1,0.0005,123,focal,2,False,,64,0.5,790,28,2,umap,True
0,0.29258522391319275,0.5014299154281616,0.4983646908547954,[0.53757737 0.45915202],0.4988557510467486,[0.52233677 0.47537473],0.49886703096539164,[0.55373406 0.444     ],0.24587728679180146,0.6049821972846985,0.5575556406655602,[0.70241287 0.41269841],0.5617667970138642,[0.67525773 0.44827586],0.5570982582977324,[0.73184358 0.38235294],"(128, 128)",0.5,0.001,1,focal,2,False,,64,0.6,790,28,2,umap,True
0,0.29416943911243887,0.4766444265842438,0.4725877042356839,[0.51884312 0.42633229],0.4731947483588621,[0.5       0.4463895],0.47358105646630233,[0.53916211 0.408     ],0.24369363784790038,0.5978647470474243,0.5495836702271019,[0.69705094 0.4021164 ],0.5534423509894537,[0.67010309 0.43678161],0.5494030014240333,[0.72625698 0.37254902],"(128, 128)",0.5,0.001,12,focal,2,False,,64,0.6,790,28,2,umap,True
0,0.32972827027825746,0.4899904727935791,0.4893203282749007,[0.50781969 0.47082097],0.48938228853694554,[0.51301115 0.46575342],0.4893661202185792,[0.50273224 0.476     ],0.2706317096948624,0.6334519386291504,0.5726393503137689,[0.73385013 0.41142857],0.5879214963119073,[0.68269231 0.49315068],0.5731186329280316,[0.79329609 0.35294118],"(128, 128)",0.5,0.001,123,focal,2,False,,64,0.6,790,28,2,umap,True
0,0.3011421701487373,0.48236414790153503,0.4799140261701562,[0.51561106 0.44421699],0.4800856899913504,[0.50524476 0.45492662],0.4802058287795993,[0.52641166 0.434     ],0.2423628032207489,0.6298932433128357,0.5421732046622384,[0.74257426 0.34177215],0.5744047619047619,[0.66666667 0.48214286],0.5513473545842918,[0.83798883 0.26470588],"(128, 128)",0.5,0.0001,1,focal,2,False,,64,0.7,790,28,2,umap,True
0,0.27472053994150725,0.5138226747512817,0.5101362487638721,[0.55263158 0.46764092],0.5110389466450912,[0.53299492 0.48908297],0.5108852459016393,[0.57377049 0.448     ],0.24515702426433564,0.6405693888664246,0.5570797634096478,[0.74937965 0.36477987],0.5914395363408522,[0.67410714 0.50877193],0.5639445722423048,[0.84357542 0.28431373],"(128, 128)",0.5,0.0001,12,focal,2,False,,64,0.7,790,28,2,umap,True
0,0.25828051917693196,0.5367016196250916,0.5197646553478172,[0.60995185 0.42957746],0.5325400254336767,[0.54519369 0.51988636],0.5290837887067394,[0.69216758 0.366     ],0.23673838078975679,0.6441280841827393,0.5413892153022588,[0.75845411 0.32432432],0.5949121184088806,[0.66808511 0.52173913],0.556194544857049,[0.87709497 0.23529412],"(128, 128)",0.5,0.0001,123,focal,2,False,,64,0.7,790,28,2,umap,True
0,0.29970401700805216,0.4680648148059845,0.4622588468746555,[0.51813472 0.40638298],0.4633508732646664,[0.49261084 0.43409091],0.464224043715847,[0.54644809 0.382     ],0.24755191206932067,0.6405693888664246,0.5501149243084726,[0.75184275 0.3483871 ],0.5902432969215492,[0.67105263 0.50943396],0.5597272428524482,[0.8547486  0.26470588],"(128, 128)",0.5,0.0005,1,focal,2,False,,64,0.8,790,28,2,umap,True
0,0.35445757823831897,0.5147759914398193,0.5122155989494119,[0.47687564 0.54755556],0.5199849056603774,[0.54716981 0.4928    ],0.5192932604735884,[0.42258652 0.616     ],0.2503777027130127,0.6334519386291504,0.5671168543695129,[0.73657289 0.39766082],0.5859994531036369,[0.67924528 0.49275362],0.568901303538175,[0.80446927 0.33333333],"(128, 128)",0.5,0.0005,12,focal,2,False,,64,0.8,790,28,2,umap,True
0,0.32547856429043936,0.5004766583442688,0.5002363911436967,[0.51119403 0.48927875],0.5005434427004195,[0.52390057 0.47718631],0.5005446265938069,[0.49908925 0.502     ],0.256538587808609,0.6298932433128357,0.5749854566608493,[0.72774869 0.42222222],0.585954275609448,[0.68472906 0.48717949],0.5745426662285026,[0.77653631 0.37254902],"(128, 128)",0.5,0.0005,123,focal,2,False,,64,0.8,790,28,2,umap,True
0,0.33954522890203137,0.4890371859073639,0.47226664864580753,[0.37819026 0.56634304],0.49815512571190446,[0.52076677 0.47554348],0.49845173041894353,[0.29690346 0.7       ],0.24755374491214752,0.5907473564147949,0.5750542441975147,[0.65671642 0.49339207],0.5765641025641026,[0.70512821 0.448     ],0.5817723737539708,[0.61452514 0.54901961],"(128, 128)",0.1,0.001,1,focal,2,False,,64,0.9,790,28,2,umap,True
0,0.3250042392927058,0.48427072167396545,0.48424073715598037,[0.48817408 0.4803074 ],0.484990612310245,[0.50787402 0.46210721],0.48497267759562845,[0.46994536 0.5       ],0.23769782185554506,0.6370106935501099,0.5280887776606955,[0.75480769 0.30136986],0.5812236286919832,[0.66244726 0.5       ],0.5463906232884215,[0.87709497 0.21568627],"(128, 128)",0.1,0.001,12,focal,2,False,,64,0.9,790,28,2,umap,True
0,0.29457104381392984,0.4899904727935791,0.48345432070812355,[0.42534909 0.54155955],0.4960438628853113,[0.51832461 0.47376312],0.49632786885245905,[0.36065574 0.632     ],0.23421263098716735,0.6405693888664246,0.6034234611891288,[0.72479564 0.48205128],0.60641157629833,[0.70744681 0.50537634],0.6019005367510133,[0.74301676 0.46078431],"(128, 128)",0.1,0.001,123,focal,2,False,,64,0.9,790,28,2,umap,True
0,0.2732097848373301,0.4795042872428894,0.4774981389849805,[0.50987433 0.44512195],0.4775671030498062,[0.50265487 0.45247934],0.47765209471766845,[0.51730419 0.438     ],0.23471733927726746,0.6156583428382874,0.5749103541012999,[0.70652174 0.44329897],0.5776109960892569,[0.68783069 0.4673913 ],0.573912805345602,[0.72625698 0.42156863],"(128, 128)",0.1,0.0001,1,focal,2,False,,64,0.1,790,28,2,umap,True
0,0.2972022093394223,0.47378456592559814,0.4717563602925078,[0.50448833 0.43902439],0.47181306223945,[0.49734513 0.44628099],0.47191985428051,[0.51183971 0.432     ],0.25048744678497314,0.6049821972846985,0.5720048849431234,[0.6908078  0.45320197],0.5721672167216721,[0.68888889 0.45544554],0.5718589111622303,[0.69273743 0.45098039],"(128, 128)",0.1,0.0001,12,focal,2,False,,64,0.1,790,28,2,umap,True
0,0.2987700034590328,0.5367016196250916,0.5366978313182938,[0.53802281 0.53537285],0.5377223836468369,[0.56262425 0.51282051],0.5377413479052824,[0.5154827 0.56     ],0.2469932407140732,0.6334519386291504,0.5671168543695129,[0.73657289 0.39766082],0.5859994531036369,[0.67924528 0.49275362],0.568901303538175,[0.80446927 0.33333333],"(128, 128)",0.1,0.0001,123,focal,2,False,,64,0.1,790,28,2,umap,True
0,0.29943163429989533,0.5109628438949585,0.49679781190826844,[0.41237113 0.58122449],0.5232950191570882,[0.55555556 0.49103448],0.5199344262295081,[0.32786885 0.712     ],0.24521906077861785,0.5729537606239319,0.5636645962732919,[0.62732919 0.5       ],0.5705381574946792,[0.70629371 0.43478261],0.5762405520867565,[0.56424581 0.58823529],"(128, 128)",0.1,0.0005,1,focal,2,False,,64,0.11,790,28,2,umap,True
0,0.3148532369557549,0.5367016196250916,0.5362966601178782,[0.55       0.52259332],0.5364177737059093,[0.55932203 0.51351351],0.5364918032786885,[0.54098361 0.532     ],0.26658852100372316,0.6120996475219727,0.5356780110664746,[0.72405063 0.34730539],0.5540954415954417,[0.66203704 0.44615385],0.5415982035272209,[0.79888268 0.28431373],"(128, 128)",0.1,0.0005,12,focal,2,False,,64,0.11,790,28,2,umap,True
0,0.3068782143733081,0.5319351553916931,0.5278140662286384,[0.48370137 0.57192677],0.5395472406130091,[0.5721393  0.50695518],0.537471766848816,[0.41894353 0.656     ],0.24443140923976897,0.6227757930755615,0.5740963166323496,[0.71808511 0.43010753],0.5807348320038674,[0.68527919 0.47619048],0.5731734034395881,[0.75418994 0.39215686],"(128, 128)",0.1,0.0005,123,focal,2,False,,64,0.11,790,28,2,umap,True
0,0.2881919355953441,0.503336489200592,0.5019170391837888,[0.47532729 0.52850679],0.5070880798153525,[0.53153153 0.48264463],0.506936247723133,[0.4298725 0.584    ],0.23322334587574006,0.626334547996521,0.5721494757906643,[0.72440945 0.4198895 ],0.5820904875297657,[0.68316832 0.48101266],0.5717493701391171,[0.77094972 0.37254902],"(256, 256)",0.5,0.001,1,focal,2,False,,64,0.12,790,28,2,umap,True
0,0.2780766346875359,0.49571019411087036,0.48430531612867256,[0.56099585 0.40761478],0.48917411406938494,[0.5152439  0.46310433],0.48983242258652093,[0.61566485 0.364     ],0.23955168724060058,0.6334519386291504,0.5549763980503406,[0.74185464 0.36809816],0.5822652757078987,[0.67272727 0.49180328],0.5604666447584621,[0.82681564 0.29411765],"(256, 256)",0.5,0.001,12,focal,2,False,,64,0.12,790,28,2,umap,True
0,0.29689373163615956,0.519542396068573,0.5194686211635364,[0.52542373 0.51351351],0.5200641529196125,[0.54385965 0.49626866],0.5200983606557377,[0.50819672 0.532     ],0.2518358021974564,0.6370106935501099,0.5669869470630892,[0.74111675 0.39285714],0.5895348837209302,[0.67906977 0.5       ],0.5695859349326323,[0.81564246 0.32352941],"(256, 256)",0.5,0.001,123,focal,2,False,,64,0.12,790,28,2,umap,True
0,0.2779656385674196,0.5147759914398193,0.5142657005490132,[0.53000923 0.49852217],0.5143576597214646,[0.53745318 0.49126214],0.514384335154827,[0.52276867 0.506     ],0.23886176347732543,0.6227757930755615,0.5717448815274901,[0.71957672 0.42391304],0.5795134207623482,[0.68341709 0.47560976],0.5710647387446599,[0.75977654 0.38235294],"(256, 256)",0.5,0.0001,1,focal,2,False,,64,0.13,790,28,2,umap,True
0,0.28264651579015393,0.4976167678833008,0.49656268981701984,[0.51959891 0.47352647],0.49656344245814943,[0.52007299 0.47305389],0.49656284153005464,[0.51912568 0.474     ],0.24523893892765045,0.6192170977592468,0.5472996371410934,[0.72773537 0.36686391],0.5654554331147998,[0.6682243  0.46268657],0.5514021250958484,[0.79888268 0.30392157],"(256, 256)",0.5,0.0001,12,focal,2,False,,64,0.13,790,28,2,umap,True
0,0.29556259337593527,0.4995233416557312,0.49715444519214,[0.53166815 0.46264074],0.4973867851226341,[0.52097902 0.47379455],0.4974025500910747,[0.5428051 0.452    ],0.24298550486564635,0.6370106935501099,0.5438311688311688,[0.75       0.33766234],0.5840611353711791,[0.66812227 0.5       ],0.5548252820681345,[0.8547486  0.25490196],"(256, 256)",0.5,0.0001,123,focal,2,False,,64,0.13,790,28,2,umap,True
0,0.26676474336315603,0.5090562701225281,0.5087544613426084,[0.49657869 0.52093023],0.511410750321042,[0.53586498 0.48695652],0.5113296903460838,[0.46265938 0.56      ],0.23610246777534485,0.608540952205658,0.5730662983425414,[0.6961326 0.45     ],0.5738541318166611,[0.68852459 0.45918367],0.5725435425566875,[0.70391061 0.44117647],"(256, 256)",0.5,0.0005,1,focal,2,False,,64,0.14,790,28,2,umap,True
0,0.2733968110645519,0.5214489698410034,0.5169711979453311,[0.56347826 0.47046414],0.5184346773235085,[0.5391015  0.49776786],0.5180819672131147,[0.59016393 0.446     ],0.2396417647600174,0.6334519386291504,0.5483090656553834,[0.74441687 0.35220126],0.5804354636591478,[0.66964286 0.49122807],0.5562493153686056,[0.83798883 0.2745098 ],"(256, 256)",0.5,0.0005,12,focal,2,False,,64,0.14,790,28,2,umap,True
0,0.3171811226536246,0.522402286529541,0.5217747373191126,[0.53909844 0.50445104],0.521815595923148,[0.54460967 0.49902153],0.5218488160291439,[0.53369763 0.51      ],0.2561797708272934,0.6512455344200134,0.5617201426024956,[0.75980392 0.36363636],0.6076587168290225,[0.6768559  0.53846154],0.5702157958155329,[0.86592179 0.2745098 ],"(256, 256)",0.5,0.0005,123,focal,2,False,,64,0.14,790,28,2,umap,True
0,0.33544398931895986,0.5090562701225281,0.49091921669586325,[0.39482961 0.58700882],0.5231256150429533,[0.55629139 0.48995984],0.5190054644808744,[0.30601093 0.732     ],0.246932053565979,0.6014235019683838,0.5909327233024853,[0.65644172 0.52542373],0.595288861813382,[0.72789116 0.46268657],0.6028042501916968,[0.59776536 0.60784314],"(256, 256)",0.1,0.001,1,focal,2,False,,64,0.15,790,28,2,umap,True
0,0.3546033229898004,0.5519542694091797,0.5506274426879776,[0.52620968 0.57504521],0.556958630400286,[0.58916479 0.52475248],0.5557049180327869,[0.47540984 0.636     ],0.28366008400917053,0.5871886014938354,0.5573120382442416,[0.67231638 0.44230769],0.5569811320754717,[0.68       0.43396226],0.5578924307153029,[0.66480447 0.45098039],"(256, 256)",0.1,0.001,12,focal,2,False,,64,0.15,790,28,2,umap,True
0,0.28420327691470876,0.4976167678833008,0.4938913358131138,[0.45046924 0.53731343],0.5028512538646513,[0.52682927 0.47887324],0.5027213114754099,[0.39344262 0.612     ],0.22988509833812715,0.6192170977592468,0.5924610651015899,[0.69688385 0.48803828],0.5917660328714147,[0.70689655 0.47663551],0.5935754189944134,[0.68715084 0.5       ],"(256, 256)",0.1,0.001,123,focal,2,False,,64,0.15,790,28,2,umap,True
0,0.3045584033517277,0.4899904727935791,0.4890078622579749,[0.4666002  0.51141553],0.4930033687483804,[0.5154185  0.47058824],0.4931147540983607,[0.42622951 0.56      ],0.2310798078775406,0.626334547996521,0.5857028518471713,[0.71544715 0.45595855],0.5891266628108733,[0.69473684 0.48351648],0.5844013583086867,[0.73743017 0.43137255],"(256, 256)",0.1,0.0001,1,focal,2,False,,64,0.16,790,28,2,umap,True
0,0.2967565094723421,0.4690181016921997,0.4688617251337861,[0.45974782 0.47797563],0.47071834727436385,[0.49170124 0.44973545],0.47084699453551915,[0.43169399 0.51      ],0.23998130559921266,0.5978647470474243,0.5044555768840614,[0.71960298 0.28930818],0.5254151002506265,[0.64732143 0.40350877],0.5177730310001095,[0.81005587 0.2254902 ],"(256, 256)",0.1,0.0001,12,focal,2,False,,64,0.16,790,28,2,umap,True
0,0.2954688615658704,0.5081029534339905,0.5035002751788663,[0.55130435 0.4556962 ],0.5047985500356549,[0.52745424 0.48214286],0.5047067395264117,[0.57741348 0.432     ],0.24736143946647643,0.6156583428382874,0.5532854451248234,[0.72020725 0.38636364],0.5654785220002612,[0.67149758 0.45945946],0.5549348230912476,[0.77653631 0.33333333],"(256, 256)",0.1,0.0001,123,focal,2,False,,64,0.16,790,28,2,umap,True
0,0.3282414657228133,0.522402286529541,0.5183685626177046,[0.47429171 0.56244541],0.5293153733978049,[0.55940594 0.49922481],0.5278287795992714,[0.41165756 0.644     ],0.22159278094768525,0.6832740306854248,0.6330031550370534,[0.76883117 0.49717514],0.6525566343042071,[0.7184466  0.58666667],0.6290940957388542,[0.82681564 0.43137255],"(256, 256)",0.1,0.0005,1,focal,2,False,,64,0.17,790,28,2,umap,True
0,0.32207223422387066,0.47569113969802856,0.4740272763738468,[0.50361011 0.44444444],0.4740425687269541,[0.49910555 0.44897959],0.47409836065573774,[0.50819672 0.44      ],0.25659128129482267,0.5800711512565613,0.5024309723889556,[0.69897959 0.30588235],0.5127727147196907,[0.64319249 0.38235294],0.510132544637967,[0.76536313 0.25490196],"(256, 256)",0.1,0.0005,12,focal,2,False,,64,0.17,790,28,2,umap,True
0,0.3252431785359102,0.5319351553916931,0.5304998828663026,[0.50454087 0.5564589 ],0.5365121843947311,[0.56561086 0.50741351],0.5356867030965391,[0.45537341 0.616     ],0.23653148710727692,0.6583629846572876,0.5740810913224706,[0.7635468  0.38461538],0.6191874694077337,[0.68281938 0.55555556],0.5800197173841604,[0.86592179 0.29411765],"(256, 256)",0.1,0.0005,123,focal,2,False,,64,0.17,790,28,2,umap,True
0,0.3043775488348568,0.4785510003566742,0.47823046670758595,[0.49116279 0.46529814],0.4784840311452646,[0.50190114 0.45506692],0.47843715846994533,[0.48087432 0.476     ],0.22756448090076448,0.6334519386291504,0.5671168543695129,[0.73657289 0.39766082],0.5859994531036369,[0.67924528 0.49275362],0.568901303538175,[0.80446927 0.33333333],"(512, 512)",0.5,0.001,1,focal,2,False,,64,0.18,790,28,2,umap,True
0,0.28490298109896045,0.49571019411087036,0.4919706198199947,[0.44838373 0.53555751],0.5008492690560709,[0.52439024 0.47730829],0.5008105646630236,[0.39162113 0.61      ],0.2404252380132675,0.5943060517311096,0.5755961844197138,[0.66470588 0.48648649],0.5759316770186336,[0.70186335 0.45      ],0.5803483404534998,[0.63128492 0.52941176],"(512, 512)",0.5,0.001,12,focal,2,False,,64,0.18,790,28,2,umap,True
0,0.2941869786557029,0.4766444265842438,0.4760940463681891,[0.4591133  0.49307479],0.47898799313893653,[0.5        0.45797599],0.4792040072859745,[0.42440801 0.534     ],0.23236630260944366,0.6227757930755615,0.5904015401540154,[0.70555556 0.47524752],0.590828729281768,[0.70165746 0.48      ],0.5900427209990141,[0.70949721 0.47058824],"(512, 512)",0.5,0.001,123,focal,2,False,,64,0.18,790,28,2,umap,True
0,0.28918443707858815,0.44327932596206665,0.4408601365411997,[0.47763864 0.40408163],0.440872144112478,[0.46924429 0.4125    ],0.4411693989071038,[0.4863388 0.396    ],0.23473090529441834,0.6441280841827393,0.566358024691358,[0.75       0.38271605],0.5976998491704375,[0.67873303 0.51666667],0.5709551977215467,[0.83798883 0.30392157],"(512, 512)",0.5,0.0001,1,focal,2,False,,64,0.19,790,28,2,umap,True
0,0.26494313513531403,0.503336489200592,0.5031559062219034,[0.51262862 0.49368319],0.5035371528282682,[0.52692308 0.48015123],0.5035446265938069,[0.49908925 0.508     ],0.24221336841583252,0.6192170977592468,0.5532193114106126,[0.72493573 0.38150289],0.5681086519114688,[0.67142857 0.46478873],0.5556194544857049,[0.7877095  0.32352941],"(512, 512)",0.5,0.0001,12,focal,2,False,,64,0.19,790,28,2,umap,True
0,0.2997157906784731,0.47283127903938293,0.4728293515885631,[0.47182426 0.47383444],0.47394478093863657,[0.49598394 0.45190563],0.4739544626593807,[0.44990893 0.498     ],0.23517430126667022,0.5943060517311096,0.549070945945946,[0.69189189 0.40625   ],0.5517452006980803,[0.67015707 0.43333333],0.5487183700295761,[0.7150838  0.38235294],"(512, 512)",0.5,0.0001,123,focal,2,False,,64,0.19,790,28,2,umap,True
0,0.32590260049876046,0.4766444265842438,0.4654203993884694,[0.54288093 0.38795987],0.46914357682619645,[0.5        0.43828715],0.47090346083788703,[0.59380692 0.348     ],0.24343571066856384,0.6441280841827393,0.5597819275598447,[0.75247525 0.36708861],0.5967063492063492,[0.67555556 0.51785714],0.5667378683316902,[0.84916201 0.28431373],"(512, 512)",0.5,0.0005,1,focal,2,False,,64,0.2,790,28,2,umap,True
0,0.312643356182996,0.5004766583442688,0.4958026050266006,[0.44725738 0.54434783],0.5064333911702332,[0.53132832 0.48153846],0.5060783242258652,[0.38615665 0.626     ],0.23663049340248107,0.608540952205658,0.5580244795241364,[0.70744681 0.40860215],0.563753927967126,[0.6751269  0.45238095],0.5577828896921897,[0.74301676 0.37254902],"(512, 512)",0.5,0.0005,12,focal,2,False,,64,0.2,790,28,2,umap,True
0,0.2941700281465755,0.5138226747512817,0.5119488111398169,[0.48170732 0.54219031],0.5183421318656632,[0.54482759 0.49185668],0.5178469945355191,[0.43169399 0.604     ],0.2351296663284302,0.6014235019683838,0.5672167216721673,[0.68888889 0.44554455],0.5675414364640884,[0.68508287 0.45      ],0.5669569503779166,[0.69273743 0.44117647],"(512, 512)",0.5,0.0005,123,focal,2,False,,64,0.2,790,28,2,umap,True
0,0.34647342913291035,0.49380362033843994,0.47914159478224283,[0.39175258 0.56653061],0.5031992337164751,[0.52777778 0.47862069],0.5027377049180328,[0.31147541 0.694     ],0.28541038036346433,0.5658363103866577,0.5623723447712419,[0.60130719 0.5234375 ],0.5797371919419163,[0.72440945 0.43506494],0.5854146127724833,[0.51396648 0.65686275],"(512, 512)",0.1,0.001,1,focal,2,False,,64,0.21,790,28,2,umap,True
0,0.33143054737764244,0.5367016196250916,0.5345694566170027,[0.50306748 0.56607143],0.5423584480036092,[0.57342657 0.51129032],0.5410437158469945,[0.44808743 0.634     ],0.24637902677059173,0.6298932433128357,0.5821322351864562,[0.72340426 0.44086022],0.5892252840222383,[0.69035533 0.48809524],0.5808686603132873,[0.75977654 0.40196078],"(512, 512)",0.1,0.001,12,focal,2,False,,64,0.21,790,28,2,umap,True
0,0.33845239702393026,0.519542396068573,0.5189439433974625,[0.50197628 0.5359116 ],0.5225915715138694,[0.54859611 0.49658703],0.5223296903460838,[0.46265938 0.582     ],0.2372390478849411,0.6583629846572876,0.563495145631068,[0.76699029 0.36      ],0.6203057939914163,[0.67811159 0.5625    ],0.5736937232993756,[0.88268156 0.26470588],"(512, 512)",0.1,0.001,123,focal,2,False,,64,0.21,790,28,2,umap,True
0,0.28001100964405956,0.4918970465660095,0.4781927408373861,[0.39362912 0.56275636],0.5006469423020188,[0.52424242 0.47705146],0.5005591985428051,[0.3151184 0.686    ],0.24242906272411346,0.5658363103866577,0.5563923395445134,[0.62111801 0.49166667],0.5634184655923786,[0.6993007  0.42753623],0.5685452952130573,[0.55865922 0.57843137],"(512, 512)",0.1,0.0001,1,focal,2,False,,64,0.22,790,28,2,umap,True
0,0.27484070290537443,0.5081029534339905,0.5064339643287011,[0.47773279 0.53513514],0.51223533365697,[0.53758542 0.48688525],0.511936247723133,[0.4298725 0.594    ],0.2356349676847458,0.626334547996521,0.6016121845505731,[0.7008547  0.50236967],0.6006774055899297,[0.71511628 0.48623853],0.6033793405630409,[0.68715084 0.51960784],"(512, 512)",0.1,0.0001,12,focal,2,False,,64,0.22,790,28,2,umap,True
0,0.2901017823640038,0.4785510003566742,0.47823046670758595,[0.49116279 0.46529814],0.4784840311452646,[0.50190114 0.45506692],0.47843715846994533,[0.48087432 0.476     ],0.2252136290073395,0.626334547996521,0.5557613261664934,[0.73282443 0.37869822],0.5752545682800948,[0.6728972  0.47761194],0.5590973819695476,[0.80446927 0.31372549],"(512, 512)",0.1,0.0001,123,focal,2,False,,64,0.22,790,28,2,umap,True
0,0.3262955879463869,0.4995233416557312,0.48729561879687977,[0.40811725 0.56647399],0.5089610432843149,[0.53550296 0.48241913],0.5078451730418944,[0.32969035 0.686     ],0.2600271999835968,0.5943060517311096,0.5826297686053784,[0.65243902 0.51282051],0.586333129957291,[0.71812081 0.45454545],0.5930003286230694,[0.59776536 0.58823529],"(512, 512)",0.1,0.0005,1,focal,2,False,,64,0.23,790,28,2,umap,True
0,0.28481753433451934,0.5052430629730225,0.5041164913776379,[0.48048048 0.5277525 ],0.5087367835281024,[0.53333333 0.48414023],0.5085792349726775,[0.43715847 0.58      ],0.23776569664478303,0.6014235019683838,0.5499885609700297,[0.70212766 0.39784946],0.5552634759487551,[0.67005076 0.44047619],0.5500876328184905,[0.73743017 0.3627451 ],"(512, 512)",0.1,0.0005,12,focal,2,False,,64,0.23,790,28,2,umap,True
0,0.29004882889635425,0.4909437596797943,0.48655352193233314,[0.43907563 0.53403141],0.49614731618127206,[0.51861042 0.47368421],0.4963460837887067,[0.38069217 0.612     ],0.22938655316829681,0.6156583428382874,0.580828729281768,[0.70165746 0.46      ],0.5816884130701461,[0.69398907 0.46938776],0.5802387994303867,[0.70949721 0.45098039],"(512, 512)",0.1,0.0005,123,focal,2,False,,64,0.23,790,28,2,umap,True
0,0.266664478708716,0.503336489200592,0.4976095203689456,[0.55124892 0.44397012],0.49942417851961535,[0.52287582 0.47597254],0.4994389799635701,[0.58287796 0.416     ],0.245159712433815,0.5978647470474243,0.5395513406128101,[0.70341207 0.37569061],0.5468730417345532,[0.66336634 0.43037975],0.5409683426443203,[0.74860335 0.33333333],"(64, 64)",0.5,0.001,1,focal,2,False,,64,1.0,769,10,3,umap,True
0,0.3063144228037666,0.5271687507629395,0.5257685352622061,[0.55153707 0.5       ],0.5258206711331027,[0.5475763  0.50406504],0.5257777777777778,[0.55555556 0.496     ],0.2473618984222412,0.6192170977592468,0.5924610651015899,[0.69688385 0.48803828],0.5917660328714147,[0.70689655 0.47663551],0.5935754189944134,[0.68715084 0.5       ],"(64, 64)",0.5,0.001,12,focal,2,False,,64,1.0,769,10,3,umap,True
0,0.31068262896117044,0.4880838990211487,0.4755766615122371,[0.55656482 0.3945885 ],0.48062991326885096,[0.50906344 0.45219638],0.4819216757741348,[0.61384335 0.35      ],0.23513179421424865,0.6405693888664246,0.5755223523429204,[0.74168798 0.40935673],0.5956043204812689,[0.68396226 0.50724638],0.5765965604118742,[0.81005587 0.34313725],"(64, 64)",0.5,0.001,123,focal,2,False,,64,1.0,769,10,3,umap,True
0,0.28388744417358847,0.5395615100860596,0.5255931408303924,[0.60699756 0.44418872],0.5357823210585047,[0.54852941 0.52303523],0.5327085610200364,[0.67941712 0.386     ],0.2833637297153473,0.5622775554656982,0.5296591141049193,[0.65352113 0.4057971 ],0.5295454545454545,[0.65909091 0.4       ],0.5299046993098915,[0.64804469 0.41176471],"(64, 64)",0.5,0.0001,1,focal,2,False,,64,1.1,769,10,3,umap,True
0,0.28124210764380064,0.5100095272064209,0.5099342684088447,[0.51600753 0.503861  ],0.5105266794681562,[0.53411306 0.4869403 ],0.510544626593807,[0.49908925 0.522     ],0.244373419880867,0.6192170977592468,0.5908416683676941,[0.69859155 0.48309179],0.5903679653679654,[0.70454545 0.47619048],0.5914667542994851,[0.69273743 0.49019608],"(64, 64)",0.5,0.0001,12,focal,2,False,,64,1.1,769,10,3,umap,True
0,0.28478249381570253,0.5481410622596741,0.5463994832946535,[0.57450628 0.51829268],0.5466155927740803,[0.56637168 0.5268595 ],0.5464389799635702,[0.58287796 0.51      ],0.2481171041727066,0.6298932433128357,0.5348866819455054,[0.74509804 0.32467532],0.5722623446422573,[0.66375546 0.48076923],0.5471300251944353,[0.84916201 0.24509804],"(64, 64)",0.5,0.0001,123,focal,2,False,,64,1.1,769,10,3,umap,True
0,0.2629864969674279,0.5471878051757812,0.5471614605343635,[0.54370797 0.55061495],0.548822451869043,[0.57520325 0.52244165],0.5487413479052823,[0.5154827 0.582    ],0.2798964738845825,0.5587188601493835,0.5424414329236265,[0.62874251 0.45614035],0.5450588837685612,[0.67741935 0.41269841],0.5481980501697885,[0.58659218 0.50980392],"(64, 64)",0.5,0.0005,1,focal,2,False,,64,1.2,769,10,3,umap,True
0,0.29928888906450835,0.5128694176673889,0.5120108515064202,[0.53247941 0.49154229],0.5120176907396622,[0.53492647 0.48910891],0.5120273224043717,[0.53005464 0.494     ],0.24752492010593413,0.6405693888664246,0.6071126984786189,[0.72176309 0.49246231],0.608555580457194,[0.71195652 0.50515464],0.6061178661408697,[0.73184358 0.48039216],"(64, 64)",0.5,0.0005,12,focal,2,False,,64,1.2,769,10,3,umap,True
0,0.31035597096471224,0.5071496367454529,0.5041195892388703,[0.5428824  0.46535677],0.504645062069067,[0.52749141 0.48179872],0.5045992714025501,[0.55919854 0.45      ],0.2447711020708084,0.6334519386291504,0.5169484453494,[0.75417661 0.27972028],0.5730691056910568,[0.65833333 0.48780488],0.5393799978091796,[0.88268156 0.19607843],"(64, 64)",0.5,0.0005,123,focal,2,False,,64,1.2,769,10,3,umap,True
0,0.27832820485619936,0.5633937120437622,0.5631837159233074,[0.57276119 0.55360624],0.5634610211633673,[0.58699809 0.53992395],0.5635992714025501,[0.55919854 0.568     ],0.25014146566390993,0.608540952205658,0.5785153267153922,[0.69101124 0.46601942],0.5782268578878749,[0.69491525 0.46153846],0.5788695366414722,[0.68715084 0.47058824],"(64, 64)",0.1,0.001,1,focal,2,False,,64,1.3,769,10,3,umap,True
0,0.30767108324696035,0.5557674169540405,0.5552140429032094,[0.57090239 0.53952569],0.5552421584031657,[0.57728119 0.53320312],0.5553315118397086,[0.56466302 0.546     ],0.26412775218486784,0.6298932433128357,0.5643410852713178,[0.73333333 0.39534884],0.581719702098849,[0.67772512 0.48571429],0.5661080074487895,[0.79888268 0.33333333],"(64, 64)",0.1,0.001,12,focal,2,False,,64,1.3,769,10,3,umap,True
0,0.3972231728189132,0.522402286529541,0.52072806064801,[0.54905491 0.49240122],0.5208389661446725,[0.54270463 0.49897331],0.5207777777777778,[0.55555556 0.486     ],0.31224036812782285,0.608540952205658,0.5421554686574239,[0.71649485 0.36781609],0.5547581073896863,[0.66507177 0.44444444],0.5451309015226202,[0.77653631 0.31372549],"(64, 64)",0.1,0.001,123,focal,2,False,,64,1.3,769,10,3,umap,True
0,0.2762479931116104,0.5395615100860596,0.5368678822048609,[0.57218778 0.50154799],0.5375101095507683,[0.55689655 0.51812367],0.5371712204007286,[0.58834244 0.486     ],0.265109246969223,0.5943060517311096,0.5224508050089445,[0.70769231 0.3372093 ],0.5341570751523358,[0.65402844 0.41428571],0.5276317230802936,[0.77094972 0.28431373],"(64, 64)",0.1,0.0001,1,focal,2,False,,64,1.4,769,10,3,umap,True
0,0.29475123742047477,0.5309818983078003,0.5308586762075134,[0.53846154 0.52325581],0.5313222611654862,[0.55512573 0.5075188 ],0.531384335154827,[0.52276867 0.54      ],0.26185130774974824,0.5765124559402466,0.5256677589117268,[0.68096515 0.37037037],0.5284690129162223,[0.65463918 0.40229885],0.5263172308029357,[0.70949721 0.34313725],"(64, 64)",0.1,0.0001,12,focal,2,False,,64,1.4,769,10,3,umap,True
0,0.30853409977520213,0.5052430629730225,0.5047227870038072,[0.52077562 0.48866995],0.5048216428493509,[0.52808989 0.4815534 ],0.5048306010928962,[0.5136612 0.496    ],0.26210637092590333,0.5907473564147949,0.46067059432214563,[0.72553699 0.1958042 ],0.48739837398373986,[0.63333333 0.34146341],0.4932084565669843,[0.84916201 0.1372549 ],"(64, 64)",0.1,0.0001,123,focal,2,False,,64,1.4,769,10,3,umap,True
0,0.2819780234028311,0.5900858044624329,0.5900228315482552,[0.59510358 0.58494208],0.5906414564603881,[0.61598441 0.56529851],0.5907959927140255,[0.57559199 0.606     ],0.33572609424591066,0.5658363103866577,0.5285753575357536,[0.66111111 0.3960396 ],0.5287292817679559,[0.65745856 0.4       ],0.5284806660094206,[0.66480447 0.39215686],"(64, 64)",0.1,0.0005,1,focal,2,False,,64,1.5,769,10,3,umap,True
0,0.31603991459397707,0.5023832321166992,0.5016944525334885,[0.52022059 0.48316832],0.5017388773691295,[0.52504638 0.47843137],0.5017413479052824,[0.5154827 0.488    ],0.2492055356502533,0.6334519386291504,0.5993327519138392,[0.71625344 0.48241206],0.6006835499775885,[0.70652174 0.49484536],0.5984226092671705,[0.72625698 0.47058824],"(64, 64)",0.1,0.0005,12,focal,2,False,,64,1.5,769,10,3,umap,True
0,0.4308757150874418,0.5262154340744019,0.5108364100374834,[0.59757085 0.42410197],0.5210165530202635,[0.53790087 0.50413223],0.5190655737704918,[0.67213115 0.366     ],0.42182530760765075,0.6120996475219727,0.5505319539217844,[0.71688312 0.38418079],0.5616181229773463,[0.66990291 0.45333333],0.5521415270018621,[0.77094972 0.33333333],"(64, 64)",0.1,0.0005,123,focal,2,False,,64,1.5,769,10,3,umap,True
0,0.26215021136929006,0.5376549363136292,0.528264798140375,[0.59482038 0.46170921],0.5340429789723222,[0.54938272 0.51870324],0.5322258652094718,[0.64845173 0.416     ],0.24723042249679567,0.5765124559402466,0.48951988397832225,[0.70025189 0.27878788],0.5013470219892238,[0.63761468 0.36507937],0.5010132544637967,[0.77653631 0.2254902 ],"(128, 128)",0.5,0.001,1,focal,2,False,,64,1.6,769,10,3,umap,True
0,0.2895343216026531,0.48331743478775024,0.4758752037286961,[0.53833049 0.41341991],0.4780358490566038,[0.5056    0.4504717],0.4787959927140255,[0.57559199 0.382     ],0.24284863471984863,0.6156583428382874,0.556004213483146,[0.71875    0.39325843],0.5668485237483953,[0.67317073 0.46052632],0.5570434877861759,[0.77094972 0.34313725],"(128, 128)",0.5,0.001,12,focal,2,False,,64,1.6,769,10,3,umap,True
0,0.2636169607148451,0.5510009527206421,0.5418818967507559,[0.60651629 0.4772475 ],0.5481723930913458,[0.56018519 0.5361596 ],0.5456010928961749,[0.66120219 0.43      ],0.254418408870697,0.5658363103866577,0.5243367743367744,[0.66483516 0.38383838],0.5249436936936936,[0.65405405 0.39583333],0.524263336619564,[0.67597765 0.37254902],"(128, 128)",0.5,0.001,123,focal,2,False,,64,1.6,769,10,3,umap,True
0,0.27890147181118236,0.5424213409423828,0.5342435342435343,[0.5959596  0.47252747],0.5391904271155388,[0.55399061 0.52439024],0.5374043715846994,[0.64480874 0.43      ],0.22502422332763672,0.6405693888664246,0.5907983332612425,[0.73350923 0.44808743],0.6005864197530864,[0.695      0.50617284],0.5892485485814438,[0.77653631 0.40196078],"(128, 128)",0.5,0.0001,1,focal,2,False,,64,1.7,769,10,3,umap,True
0,0.2981896453043994,0.5767397284507751,0.5595904503986565,[0.64649682 0.47268409],0.578064385385907,[0.57425743 0.58187135],0.5687632058287796,[0.73952641 0.398     ],0.23531947433948516,0.6654804348945618,0.5893345771144278,[0.76616915 0.4125    ],0.6297742384413174,[0.69058296 0.56896552],0.5919323036477161,[0.8603352  0.32352941],"(128, 128)",0.5,0.0001,12,focal,2,False,,64,1.7,769,10,3,umap,True
0,0.2658281939871171,0.54146808385849,0.538365332272039,[0.57621145 0.50051921],0.5392694181735085,[0.55802048 0.52051836],0.5388142076502732,[0.59562842 0.482     ],0.26818870306015014,0.5871886014938354,0.5201954780970326,[0.69948187 0.34090909],0.5287896592244419,[0.65217391 0.40540541],0.5241537955964509,[0.75418994 0.29411765],"(128, 128)",0.5,0.0001,123,focal,2,False,,64,1.7,769,10,3,umap,True
0,0.27469448131673474,0.5061963796615601,0.49034493366948806,[0.5802269  0.40046296],0.49895123125050134,[0.52262774 0.47527473],0.49904735883424406,[0.65209472 0.346     ],0.24191817343235017,0.608540952205658,0.533025138989606,[0.72081218 0.3452381 ],0.5499295278365046,[0.66046512 0.43939394],0.5388049074378355,[0.79329609 0.28431373],"(128, 128)",0.5,0.0005,1,focal,2,False,,64,1.8,769,10,3,umap,True
0,0.27878687486929055,0.5262154340744019,0.5260759019595901,[0.51794374 0.53420806],0.5282937056795978,[0.55394191 0.5026455 ],0.5281693989071038,[0.4863388 0.57     ],0.2424086183309555,0.5907473564147949,0.5565816375536863,[0.67966574 0.43349754],0.5567106710671067,[0.67777778 0.43564356],0.5564683974148319,[0.68156425 0.43137255],"(128, 128)",0.5,0.0005,12,focal,2,False,,64,1.8,769,10,3,umap,True
0,0.2658785274800132,0.5853193402290344,0.5825133462335488,[0.61674009 0.5482866 ],0.5837320045113115,[0.59726962 0.57019438],0.5827613843351549,[0.63752277 0.528     ],0.28905060291290285,0.5765124559402466,0.5349558445170711,[0.6739726  0.39593909],0.5359083191850594,[0.66129032 0.41052632],0.5347518895826486,[0.68715084 0.38235294],"(128, 128)",0.5,0.0005,123,focal,2,False,,64,1.8,769,10,3,umap,True
0,0.3750431520097396,0.567206859588623,0.555952753908581,[0.62664474 0.48526077],0.5657119084436839,[0.57121439 0.56020942],0.5609945355191257,[0.69398907 0.428     ],0.28793359398841856,0.6619216799736023,0.5624129169740185,[0.77108434 0.3537415 ],0.6278719397363465,[0.6779661  0.57777778],0.5743783546938328,[0.89385475 0.25490196],"(128, 128)",0.1,0.001,1,focal,2,False,,64,1.9,769,10,3,umap,True
0,0.32755540837259856,0.5872259140014648,0.5866835554075365,[0.60165593 0.57171118],0.5866822106955529,[0.60780669 0.56555773],0.5868142076502731,[0.59562842 0.578     ],0.25717306435108184,0.6298932433128357,0.5998466425676415,[0.70949721 0.49019608],0.5998466425676415,[0.70949721 0.49019608],0.5998466425676415,[0.70949721 0.49019608],"(128, 128)",0.1,0.001,12,focal,2,False,,64,1.9,769,10,3,umap,True
0,0.30657761763123903,0.5081029534339905,0.5069375113864092,[0.48296593 0.53090909],0.5117074981440237,[0.53674833 0.48666667],0.5114899817850638,[0.43897996 0.584     ],0.24333036541938782,0.6120996475219727,0.5831938490848473,[0.69295775 0.47342995],0.5827651515151515,[0.69886364 0.46666667],0.5837714974257859,[0.68715084 0.48039216],"(128, 128)",0.1,0.001,123,focal,2,False,,64,1.9,769,10,3,umap,True
0,0.336186508045477,0.4976167678833008,0.48741350230923214,[0.55973266 0.41509434],0.49165473661525194,[0.51697531 0.46633416],0.49210018214936246,[0.61020036 0.374     ],0.23713043034076692,0.626334547996521,0.5322976935880162,[0.74201474 0.32258065],0.5669894074809665,[0.6622807  0.47169811],0.5443367291050498,[0.84357542 0.24509804],"(128, 128)",0.1,0.0001,1,focal,2,False,,64,1.1,769,10,3,umap,True
0,0.3056691464255838,0.5281220078468323,0.5257620384957874,[0.55921638 0.49230769],0.5261507427104346,[0.54703833 0.50526316],0.5259744990892532,[0.571949 0.48    ],0.25328280627727506,0.6049821972846985,0.5804108317526939,[0.68194842 0.47887324],0.5797297297297297,[0.7        0.45945946],0.5824022346368716,[0.66480447 0.5       ],"(128, 128)",0.1,0.0001,12,focal,2,False,,64,1.1,769,10,3,umap,True
0,0.2705918252468109,0.5204957127571106,0.5204102871737539,[0.52681091 0.51400966],0.5209716716971526,[0.54474708 0.49719626],0.5210091074681239,[0.51001821 0.532     ],0.2656489610671997,0.6192170977592468,0.5409968704679032,[0.73047859 0.35151515],0.5627275374981797,[0.66513761 0.46031746],0.5471847957059919,[0.81005587 0.28431373],"(128, 128)",0.1,0.0001,123,focal,2,False,,64,1.1,769,10,3,umap,True
0,0.3628525313209085,0.5119161009788513,0.5080494471271864,[0.55166375 0.46443515],0.5090197035590663,[0.5311973  0.48684211],0.5088852459016393,[0.57377049 0.444     ],0.2791074275970459,0.6014235019683838,0.5672167216721673,[0.68888889 0.44554455],0.5675414364640884,[0.68508287 0.45      ],0.5669569503779166,[0.69273743 0.44117647],"(128, 128)",0.1,0.0005,1,focal,2,False,,64,1.11,769,10,3,umap,True
0,0.29572393526049223,0.5662536025047302,0.5661763035070737,[0.57196613 0.56038647],0.5667478817411542,[0.59143969 0.54205607],0.5668670309653916,[0.55373406 0.58      ],0.2510291874408722,0.6120996475219727,0.5505319539217844,[0.71688312 0.38418079],0.5616181229773463,[0.66990291 0.45333333],0.5521415270018621,[0.77094972 0.33333333],"(128, 128)",0.1,0.0005,12,focal,2,False,,64,1.11,769,10,3,umap,True
0,0.2768583595752716,0.5529075264930725,0.5522565050450445,[0.53518335 0.56932966],0.5566361556064073,[0.58695652 0.52631579],0.5559016393442623,[0.49180328 0.62      ],0.24157715141773223,0.6156583428382874,0.572804054054054,[0.70810811 0.4375    ],0.5762652705061082,[0.68586387 0.46666667],0.5718041406506736,[0.73184358 0.41176471],"(128, 128)",0.1,0.0005,123,focal,2,False,,64,1.11,769,10,3,umap,True
0,0.27361224767039805,0.5347950458526611,0.5347235855710432,[0.54048964 0.52895753],0.5353241104419424,[0.55945419 0.51119403],0.535384335154827,[0.52276867 0.548     ],0.23896602988243104,0.6049821972846985,0.5598283964380972,[0.70080863 0.41884817],0.5632607677902621,[0.67708333 0.4494382 ],0.5592069229926607,[0.72625698 0.39215686],"(256, 256)",0.5,0.001,1,focal,2,False,,64,1.12,769,10,3,umap,True
0,0.25851135569460254,0.5481410622596741,0.5455637201140602,[0.57978723 0.51134021],0.5462132069231618,[0.56476684 0.52765957],0.5458142076502732,[0.59562842 0.496     ],0.2354864299297333,0.6049821972846985,0.5502833167524548,[0.70712401 0.39344262],0.5572222222222223,[0.67       0.44444444],0.5507722642129478,[0.74860335 0.35294118],"(256, 256)",0.5,0.001,12,focal,2,False,,64,1.12,769,10,3,umap,True
0,0.264960873652907,0.5271687507629395,0.5091471698113208,[0.6032     0.41509434],0.5217751324052667,[0.53780314 0.50574713],0.519351548269581,[0.6867031 0.352    ],0.23471542894840242,0.6156583428382874,0.5415155910079767,[0.72588832 0.35714286],0.559830866807611,[0.66511628 0.45454545],0.5465001643115347,[0.79888268 0.29411765],"(256, 256)",0.5,0.001,123,focal,2,False,,64,1.12,769,10,3,umap,True
0,0.27338558435440063,0.5719733238220215,0.5718176619839437,[0.56365403 0.57998129],0.5744910661980082,[0.60416667 0.54481547],0.5741165755919855,[0.52823315 0.62      ],0.2654964178800583,0.5907473564147949,0.5619908643615219,[0.67422096 0.44976077],0.5615801912128048,[0.68390805 0.43925234],0.5627943914996166,[0.66480447 0.46078431],"(256, 256)",0.5,0.0001,1,focal,2,False,,64,1.13,769,10,3,umap,True
0,0.37500834990950194,0.5471878051757812,0.545388191178282,[0.51678535 0.57399103],0.5527893297366153,[0.58525346 0.5203252 ],0.5513296903460838,[0.46265938 0.64      ],0.23149303793907167,0.6298932433128357,0.629851048738474,[0.63380282 0.62589928],0.6757305194805194,[0.85714286 0.49431818],0.6778672362799869,[0.5027933  0.85294118],"(256, 256)",0.5,0.0001,12,focal,2,False,,64,1.13,769,10,3,umap,True
0,0.44630980316330404,0.4289799928665161,0.4267105821385071,[0.46278027 0.3906409 ],0.42667295832144503,[0.45583039 0.39751553],0.4269726775956284,[0.46994536 0.384     ],0.26235873699188234,0.6334519386291504,0.5581558659644302,[0.74055416 0.37575758],0.5831877093344983,[0.67431193 0.49206349],0.5625753094533903,[0.82122905 0.30392157],"(256, 256)",0.5,0.0001,123,focal,2,False,,64,1.13,769,10,3,umap,True
0,0.31619389793452096,0.5367016196250916,0.5361245168475531,[0.55248619 0.51976285],0.5361655464385475,[0.55865922 0.51367188],0.536224043715847,[0.54644809 0.526     ],0.27190521359443665,0.5658363103866577,0.5544088593116356,[0.62576687 0.48305085],0.5596253426743831,[0.69387755 0.42537313],0.5643279658232008,[0.5698324  0.55882353],"(256, 256)",0.5,0.0005,1,focal,2,False,,64,1.14,769,10,3,umap,True
0,0.29307238231686983,0.557673990726471,0.5573807462588845,[0.56877323 0.54598826],0.5575639599555061,[0.58064516 0.53448276],0.5576885245901639,[0.55737705 0.558     ],0.24104903936386107,0.6441280841827393,0.6024335031126202,[0.7311828  0.47368421],0.6080134243994347,[0.70466321 0.51136364],0.6004765034505422,[0.75977654 0.44117647],"(256, 256)",0.5,0.0005,12,focal,2,False,,64,1.14,769,10,3,umap,True
0,0.31299762427806854,0.5233556032180786,0.5230395972617289,[0.51076321 0.53531599],0.5258985200845666,[0.55179704 0.5       ],0.5257049180327868,[0.47540984 0.576     ],0.27633528113365174,0.5800711512565613,0.5657674174960713,[0.64457831 0.48695652],0.5684232026143791,[0.69934641 0.4375    ],0.5733924854858145,[0.59776536 0.54901961],"(256, 256)",0.5,0.0005,123,focal,2,False,,64,1.14,769,10,3,umap,True
0,0.28966838033760295,0.5290753245353699,0.5251810558414332,[0.48218029 0.56818182],0.5362798098305345,[0.56790123 0.50465839],0.534471766848816,[0.41894353 0.65      ],0.25804738104343417,0.6049821972846985,0.5931095659887551,[0.66261398 0.52360515],0.5961577608142494,[0.72666667 0.46564885],0.603488881586154,[0.60893855 0.59803922],"(256, 256)",0.1,0.001,1,focal,2,False,,64,1.15,769,10,3,umap,True
0,0.337376768098158,0.5519542694091797,0.5516996188314711,[0.56238361 0.54101562],0.5519320247182842,[0.5752381  0.52862595],0.5520455373406193,[0.55009107 0.554     ],0.24117108285427094,0.6725978851318359,0.6094392071549433,[0.76649746 0.45238095],0.6390415785764623,[0.70232558 0.57575758],0.6080622193011282,[0.84357542 0.37254902],"(256, 256)",0.1,0.001,12,focal,2,False,,64,1.15,769,10,3,umap,True
0,0.3406267367741641,0.5586272478103638,0.5519562885083906,[0.60662702 0.49728556],0.5562071652268636,[0.56847134 0.54394299],0.5541366120218579,[0.65027322 0.458     ],0.35962754487991333,0.5943060517311096,0.5666396103896104,[0.67613636 0.45714286],0.5661528580603725,[0.68786127 0.44444444],0.5676963522839303,[0.66480447 0.47058824],"(256, 256)",0.1,0.001,123,focal,2,False,,64,1.15,769,10,3,umap,True
0,0.2999538358520059,0.5767397284507751,0.5767393675027263,[0.57714286 0.57633588],0.5779426548363128,[0.60479042 0.55109489],0.5779562841530055,[0.55191257 0.604     ],0.27726516127586365,0.5978647470474243,0.5495836702271019,[0.69705094 0.4021164 ],0.5534423509894537,[0.67010309 0.43678161],0.5494030014240333,[0.72625698 0.37254902],"(256, 256)",0.1,0.0001,1,focal,2,False,,64,1.16,769,10,3,umap,True
0,0.33654028966146354,0.538608193397522,0.531744802042292,[0.47505423 0.58843537],0.5494828434094261,[0.58713137 0.51183432],0.5454535519125683,[0.3989071 0.692    ],0.23322761356830596,0.6441280841827393,0.6310011555835697,[0.7005988  0.56140351],0.6313876088069637,[0.75483871 0.50793651],0.640541132654179,[0.65363128 0.62745098],"(256, 256)",0.1,0.0001,12,focal,2,False,,64,1.16,769,10,3,umap,True
0,0.3760126934332006,0.44423261284828186,0.44306650505374295,[0.46855059 0.41758242],0.44307188542622783,[0.4689781  0.41716567],0.44306193078324224,[0.46812386 0.418     ],0.27074654698371886,0.6370106935501099,0.5576851851851852,[0.745      0.37037037],0.5871040723981901,[0.67420814 0.5       ],0.5632599408478475,[0.83240223 0.29411765],"(256, 256)",0.1,0.0001,123,focal,2,False,,64,1.16,769,10,3,umap,True
0,0.30040478355744304,0.5776930451393127,0.5770781060446797,[0.56095144 0.59320478],0.5818022440392707,[0.61521739 0.5483871 ],0.5807413479052823,[0.5154827 0.646    ],0.27072443068027496,0.5836299061775208,0.5741155744394212,[0.6377709  0.51046025],0.5802666261151663,[0.71527778 0.44525547],0.5867291050498411,[0.57541899 0.59803922],"(256, 256)",0.1,0.0005,1,focal,2,False,,64,1.17,769,10,3,umap,True
0,0.3235745237154119,0.5204957127571106,0.5062799599894079,[0.59005705 0.42250287],0.5149400885750861,[0.5339233  0.49595687],0.5136903460837887,[0.65938069 0.368     ],0.2526774376630783,0.6476868391036987,0.5989013365630002,[0.73878628 0.45901639],0.6092592592592592,[0.7        0.51851852],0.5969438054551429,[0.78212291 0.41176471],"(256, 256)",0.1,0.0005,12,focal,2,False,,64,1.17,769,10,3,umap,True
0,0.3819713715244742,0.5881792306900024,0.5833443664768967,[0.62822719 0.53846154],0.5867069757696395,[0.5954323  0.57798165],0.5844225865209471,[0.66484517 0.504     ],0.32864253520965575,0.6192170977592468,0.5689009964872034,[0.71618037 0.42162162],0.5758488499452354,[0.68181818 0.46987952],0.5682714426552744,[0.75418994 0.38235294],"(256, 256)",0.1,0.0005,123,focal,2,False,,64,1.17,769,10,3,umap,True
0,0.27001971970586214,0.586272656917572,0.55985389886615,[0.6676876 0.4520202],0.5944857132516603,[0.57595773 0.6130137 ],0.5760856102003643,[0.79417122 0.358     ],0.23568822145462037,0.6512455344200134,0.5424973418394471,[0.76555024 0.31944444],0.6085375572823272,[0.66945607 0.54761905],0.5596724723408917,[0.89385475 0.2254902 ],"(512, 512)",0.5,0.001,1,focal,2,False,,64,1.18,769,10,3,umap,True
0,0.25300901076372934,0.5653002858161926,0.5610685341789993,[0.60416667 0.5179704 ],0.5632208910603931,[0.57711443 0.54932735],0.5619398907103825,[0.63387978 0.49      ],0.2227047026157379,0.6049821972846985,0.5477008744072737,[0.70866142 0.38674033],0.5556774031833563,[0.66831683 0.44303797],0.5486635995180196,[0.75418994 0.34313725],"(512, 512)",0.5,0.001,12,focal,2,False,,64,1.18,769,10,3,umap,True
0,0.24954521656036377,0.5757864713668823,0.5735480187278748,[0.60444444 0.54265159],0.5742086563307494,[0.59027778 0.55813953],0.5736539162112932,[0.61930783 0.528     ],0.24861947000026702,0.5658363103866577,0.5149688737973968,[0.67204301 0.35789474],0.5170160150730099,[0.64766839 0.38636364],0.515828677839851,[0.69832402 0.33333333],"(512, 512)",0.5,0.001,123,focal,2,False,,64,1.18,769,10,3,umap,True
0,0.48585119317559633,0.4699713885784149,0.46208700399899655,[0.52721088 0.39696312],0.4640335759692208,[0.49441786 0.43364929],0.46533151183970856,[0.56466302 0.366     ],0.2494747072458267,0.6156583428382874,0.5504799146818343,[0.72164948 0.37931034],0.5640948963317385,[0.66985646 0.45833333],0.5528261583963194,[0.78212291 0.32352941],"(512, 512)",0.5,0.0001,1,focal,2,False,,64,1.19,769,10,3,umap,True
0,0.27756520930458517,0.5500476360321045,0.5437752010555879,[0.49028078 0.59726962],0.5614776746242264,[0.60212202 0.52083333],0.5567395264116575,[0.41347905 0.7       ],0.297990220785141,0.5622775554656982,0.5398777906465912,[0.64139942 0.43835616],0.5404940587867417,[0.67073171 0.41025641],0.5425566874794611,[0.61452514 0.47058824],"(512, 512)",0.5,0.0001,12,focal,2,False,,64,1.19,769,10,3,umap,True
0,0.28935440585893746,0.5328884720802307,0.5299457161878425,[0.56713781 0.49275362],0.5306649783935394,[0.55060034 0.51072961],0.5303497267759563,[0.58469945 0.476     ],0.263195663690567,0.5871886014938354,0.5006128201985538,[0.70854271 0.29268293],0.5154661953159523,[0.64383562 0.38709677],0.5115018074268813,[0.7877095  0.23529412],"(512, 512)",0.5,0.0001,123,focal,2,False,,64,1.19,769,10,3,umap,True
0,0.2583494519486147,0.5605338215827942,0.5536792305683151,[0.60899067 0.49836779],0.558190324658105,[0.56984127 0.54653938],0.5559581056466303,[0.65391621 0.458     ],0.24294231235980987,0.5693950057029724,0.5293132328308208,[0.66666667 0.3919598 ],0.5298352756611385,[0.6576087  0.40206186],0.5291652974038777,[0.67597765 0.38235294],"(512, 512)",0.5,0.0005,1,focal,2,False,,64,1.2,769,10,3,umap,True
0,0.32288093777263865,0.5157292485237122,0.5154540560986964,[0.52700186 0.50390625],0.5157070156306798,[0.53904762 0.49236641],0.5157413479052824,[0.5154827 0.516    ],0.27195621728897096,0.5800711512565613,0.537777406044385,[0.67759563 0.39795918],0.5389976106496757,[0.6631016  0.41489362],0.5375451856720341,[0.69273743 0.38235294],"(512, 512)",0.5,0.0005,12,focal,2,False,,64,1.2,769,10,3,umap,True
0,0.3532006635385401,0.503336489200592,0.503076398517946,[0.51444548 0.49170732],0.5033587786259541,[0.52671756 0.48      ],0.5033661202185793,[0.50273224 0.504     ],0.27064632773399355,0.5729537606239319,0.5204232563431562,[0.67914439 0.36170213],0.5233154442456768,[0.65128205 0.39534884],0.521415270018622,[0.70949721 0.33333333],"(512, 512)",0.5,0.0005,123,focal,2,False,,64,1.2,769,10,3,umap,True
0,0.2834180383121266,0.5204957127571106,0.519025338252037,[0.54561879 0.49243189],0.5190818240880655,[0.54121864 0.49694501],0.5190455373406193,[0.55009107 0.488     ],0.2350439578294754,0.608540952205658,0.5648930180180181,[0.7027027  0.42708333],0.5680919139034323,[0.68062827 0.45555556],0.5641088837769745,[0.72625698 0.40196078],"(512, 512)",0.1,0.001,1,focal,2,False,,64,1.21,769,10,3,umap,True
0,0.301733020473929,0.6015252470970154,0.5995861459337835,[0.62745098 0.57172131],0.6002225497528855,[0.61431065 0.58613445],0.5995828779599272,[0.64116576 0.558     ],0.2452430546283722,0.608540952205658,0.5648930180180181,[0.7027027  0.42708333],0.5680919139034323,[0.68062827 0.45555556],0.5641088837769745,[0.72625698 0.40196078],"(512, 512)",0.1,0.001,12,focal,2,False,,64,1.21,769,10,3,umap,True
0,0.3290306224542506,0.538608193397522,0.536237549964559,[0.50308008 0.56939502],0.5446455505279034,[0.57647059 0.51282051],0.5431329690346084,[0.44626594 0.64      ],0.2371012806892395,0.608540952205658,0.576760871946544,[0.69273743 0.46078431],0.576760871946544,[0.69273743 0.46078431],0.576760871946544,[0.69273743 0.46078431],"(512, 512)",0.1,0.001,123,focal,2,False,,64,1.21,769,10,3,umap,True
0,0.35031846340964823,0.4814108610153198,0.4812406821570125,[0.47184466 0.4906367 ],0.483232555415654,[0.50519751 0.46126761],0.4833114754098361,[0.44262295 0.524     ],0.27860180139541624,0.6227757930755615,0.6088612249185839,[0.68263473 0.53508772],0.609805427547363,[0.73548387 0.48412698],0.6174553620330814,[0.63687151 0.59803922],"(512, 512)",0.1,0.0001,1,focal,2,False,,64,1.22,769,10,3,umap,True
0,0.34783605267019835,0.5214489698410034,0.5147778621396295,[0.45788337 0.57167235],0.530423061134268,[0.56233422 0.4985119 ],0.5280783242258652,[0.38615665 0.67      ],0.3459410160779953,0.5444839596748352,0.5388717948717949,[0.58974359 0.488     ],0.5519457427352163,[0.69172932 0.41216216],0.5560028480666009,[0.51396648 0.59803922],"(512, 512)",0.1,0.0001,12,focal,2,False,,64,1.22,769,10,3,umap,True
0,0.30814798088634715,0.5748331546783447,0.5748296970534137,[0.57361377 0.57604563],0.5762673869302772,[0.60362173 0.54891304],0.576224043715847,[0.54644809 0.606     ],0.35867703557014463,0.5693950057029724,0.545835837841448,[0.64927536 0.44239631],0.5460450497642745,[0.6746988 0.4173913],0.548143279658232,[0.62569832 0.47058824],"(512, 512)",0.1,0.0001,123,focal,2,False,,64,1.22,769,10,3,umap,True
0,0.33426736733492685,0.4480457603931427,0.4449770953023667,[0.48624667 0.40370752],0.4450921620053042,[0.47404844 0.41613588],0.4455446265938069,[0.49908925 0.392     ],0.26235342025756836,0.5800711512565613,0.5514339826839827,[0.66477273 0.43809524],0.551113251980304,[0.67630058 0.42592593],0.5523058385365319,[0.65363128 0.45098039],"(512, 512)",0.1,0.0005,1,focal,2,False,,64,1.23,769,10,3,umap,True
0,0.3003491662880954,0.5815061926841736,0.5753800050713446,[0.62638298 0.52437703],0.5799817219163287,[0.58785942 0.57210402],0.5771548269581057,[0.67030965 0.484     ],0.3172114849090576,0.5800711512565613,0.5607048224695284,[0.65294118 0.46846847],0.5613871635610765,[0.68944099 0.43333333],0.5649578267061014,[0.62011173 0.50980392],"(512, 512)",0.1,0.0005,12,focal,2,False,,64,1.23,769,10,3,umap,True
0,0.3027623786645777,0.5748331546783447,0.5747678671407486,[0.56949807 0.58003766],0.576896095639656,[0.60574949 0.5480427 ],0.5766703096539162,[0.53734062 0.616     ],0.3094260931015015,0.5907473564147949,0.5439663566701006,[0.69002695 0.39790576],0.5468164794007491,[0.66666667 0.42696629],0.5438164092452624,[0.7150838  0.37254902],"(512, 512)",0.1,0.0005,123,focal,2,False,,64,1.23,769,10,3,umap,True
0,0.30985939064446616,0.5776930451393127,0.53952796133956,[0.67209474 0.40696118],0.5907347017072704,[0.56608479 0.61538462],0.5654790528233151,[0.82695811 0.304     ],0.24785191416740418,0.6334519386291504,0.4818375494566482,[0.76212471 0.20155039],0.5655438903470399,[0.6496063  0.48148148],0.5246193449446818,[0.92178771 0.12745098],"(64, 64)",0.5,0.001,1,focal,2,False,,64,2.0,790,6,4,umap,True
0,0.38008827672285195,0.5309818983078003,0.5228432590751753,[0.5851602  0.46052632],0.5272248555882397,[0.54474097 0.50970874],0.5260291438979964,[0.63205829 0.42      ],0.26646933853626253,0.5338078141212463,0.4255192970956817,[0.67493797 0.17610063],0.4263784461152882,[0.60714286 0.24561404],0.44851571913681676,[0.75977654 0.1372549 ],"(64, 64)",0.5,0.001,12,focal,2,False,,64,2.0,790,6,4,umap,True
0,0.24494668052476995,0.644423246383667,0.6428328226081035,[0.66666667 0.61899898],0.6434769072995642,[0.65438596 0.63256785],0.6427085610200365,[0.67941712 0.606     ],0.30826416313648225,0.5551601648330688,0.4746563766620302,[0.68030691 0.26900585],0.48034591194968557,[0.62735849 0.33333333],0.48425347792748386,[0.74301676 0.2254902 ],"(64, 64)",0.5,0.001,123,focal,2,False,,64,2.0,790,6,4,umap,True
0,0.27312862785423503,0.6530028581619263,0.6471590573067597,[0.69256757 0.60175055],0.6549602495340257,[0.64566929 0.66425121],0.6484061930783243,[0.74681239 0.55      ],0.2514648616313934,0.6192170977592468,0.4784109636568653,[0.74941452 0.20740741],0.5347018572825024,[0.64516129 0.42424242],0.5155548252820681,[0.89385475 0.1372549 ],"(64, 64)",0.5,0.0001,1,focal,2,False,,64,2.1,790,6,4,umap,True
0,0.5582905885051278,0.5452812314033508,0.5452795672834441,[0.54441261 0.54614653],0.5465801500010934,[0.57228916 0.52087114],0.5465628415300546,[0.51912568 0.574     ],0.2795497298240662,0.6476868391036987,0.5989013365630002,[0.73878628 0.45901639],0.6092592592592592,[0.7        0.51851852],0.5969438054551429,[0.78212291 0.41176471],"(64, 64)",0.5,0.0001,12,focal,2,False,,64,2.1,790,6,4,umap,True
0,0.5805433971040389,0.6015252470970154,0.595406732117812,[0.64516129 0.54565217],0.6008762964645318,[0.60413355 0.59761905],0.5970837887067395,[0.69216758 0.502     ],0.317889079451561,0.5373665690422058,0.4831635540464063,[0.65053763 0.31578947],0.483926048045219,[0.62694301 0.34090909],0.48504765034505426,[0.67597765 0.29411765],"(64, 64)",0.5,0.0001,123,focal,2,False,,64,2.1,790,6,4,umap,True
0,0.3110584108268513,0.6234509348869324,0.6054607346044896,[0.68970935 0.52121212],0.6339460263493413,[0.60635359 0.66153846],0.6148178506375228,[0.7996357 0.43     ],0.24693388342857361,0.6227757930755615,0.46962250712250714,[0.75462963 0.18461538],0.536420101637493,[0.64426877 0.42857143],0.5141307919815971,[0.91061453 0.11764706],"(64, 64)",0.5,0.0005,1,focal,2,False,,64,2.2,790,6,4,umap,True
0,0.3646771697437062,0.5757864713668823,0.5634990766065876,[0.63673469 0.49026346],0.5753248092390184,[0.57692308 0.57372654],0.5691912568306011,[0.71038251 0.428     ],0.27032880783081054,0.626334547996521,0.5075688035115243,[0.74940334 0.26573427],0.5587906504065041,[0.65416667 0.46341463],0.5316847409354803,[0.87709497 0.18627451],"(64, 64)",0.5,0.0005,12,focal,2,False,,64,2.2,790,6,4,umap,True
0,0.25959598492173586,0.644423246383667,0.6440039850605721,[0.6562212  0.63178677],0.6439803904454336,[0.6641791  0.62378168],0.6442258652094718,[0.64845173 0.64      ],0.25441537201404574,0.5444839596748352,0.4911148839841539,[0.65591398 0.32631579],0.49219853980216677,[0.63212435 0.35227273],0.49274290721875336,[0.68156425 0.30392157],"(64, 64)",0.5,0.0005,123,focal,2,False,,64,2.2,790,6,4,umap,True
0,0.3956307944129495,0.6558627486228943,0.6381642248969737,[0.71818891 0.55813953],0.673829101377325,[0.6284153 0.7192429],0.646943533697632,[0.83788707 0.456     ],0.2780261695384979,0.626334547996521,0.5245806545173297,[0.74452555 0.30463576],0.5644352568613652,[0.65948276 0.46938776],0.5401193997151934,[0.8547486 0.2254902],"(64, 64)",0.1,0.001,1,focal,2,False,,64,2.3,790,6,4,umap,True
0,0.44015978189075694,0.5557674169540405,0.5436405392285,[0.61803279 0.46924829],0.5534107665255206,[0.56184799 0.54497354],0.549351548269581,[0.6867031 0.412    ],0.250917050242424,0.6370106935501099,0.5639832055494706,[0.74242424 0.38554217],0.5887096774193548,[0.67741935 0.5       ],0.567477270237704,[0.82122905 0.31372549],"(64, 64)",0.1,0.001,12,focal,2,False,,64,2.3,790,6,4,umap,True
0,0.42718396467321057,0.6482363939285278,0.6448788391160709,[0.67940921 0.61034847],0.6480170498041576,[0.64950166 0.64653244],0.6451020036429873,[0.71220401 0.578     ],0.33067889213562013,0.6156583428382874,0.5532854451248234,[0.72020725 0.38636364],0.5654785220002612,[0.67149758 0.45945946],0.5549348230912476,[0.77653631 0.33333333],"(64, 64)",0.1,0.001,123,focal,2,False,,64,2.3,790,6,4,umap,True
0,0.33709319286486683,0.5977120995521545,0.5970966215232271,[0.61284404 0.58134921],0.5970734422984558,[0.61737523 0.57677165],0.5971894353369763,[0.60837887 0.586     ],0.2624694049358368,0.6227757930755615,0.5468845077278812,[0.73232323 0.36144578],0.5684763824884793,[0.66820276 0.46875   ],0.5520867564903056,[0.81005587 0.29411765],"(64, 64)",0.1,0.0001,1,focal,2,False,,64,2.4,790,6,4,umap,True
0,0.37457995905595665,0.6244041919708252,0.6198352428677601,[0.66151203 0.57815846],0.6240680379154022,[0.62601626 0.62211982],0.6206375227686703,[0.70127505 0.54      ],0.25590771436691284,0.6761565804481506,0.594658001109614,[0.77641278 0.41290323],0.6483780205230056,[0.69298246 0.60377358],0.5982035272209443,[0.88268156 0.31372549],"(64, 64)",0.1,0.0001,12,focal,2,False,,64,2.4,790,6,4,umap,True
0,0.3340781006742926,0.6844614148139954,0.6824250350987109,[0.70785525 0.65699482],0.6841821328619826,[0.68664384 0.68172043],0.6822094717668488,[0.73041894 0.634     ],0.3004704236984253,0.6049821972846985,0.5450355178902226,[0.71018277 0.37988827],0.5541125541125541,[0.66666667 0.44155844],0.5465549348230913,[0.75977654 0.33333333],"(64, 64)",0.1,0.0001,123,focal,2,False,,64,2.4,790,6,4,umap,True
0,0.3525940197355607,0.6415634155273438,0.6279018867924528,[0.6992     0.55660377],0.6507780346631249,[0.62339515 0.67816092],0.6339963570127505,[0.79599271 0.472     ],0.32343252301216124,0.6049821972846985,0.5204114580930854,[0.72180451 0.3190184 ],0.5403874813710879,[0.65454545 0.42622951],0.5296856172636653,[0.80446927 0.25490196],"(64, 64)",0.1,0.0005,1,focal,2,False,,64,2.5,790,6,4,umap,True
0,0.41185518047388864,0.6091516017913818,0.6025692678455261,[0.65371622 0.55142232],0.6090722355357754,[0.60944882 0.60869565],0.6044590163934427,[0.70491803 0.504     ],0.25709937810897826,0.6654804348945618,0.5796091163738223,[0.76960784 0.38961039],0.6312562982868659,[0.68558952 0.57692308],0.5856063095629314,[0.87709497 0.29411765],"(64, 64)",0.1,0.0005,12,focal,2,False,,64,2.5,790,6,4,umap,True
0,0.2978285235517165,0.6510962843894958,0.6500630723910634,[0.66907776 0.63104839],0.6502258761366788,[0.66427289 0.63617886],0.6499763205828779,[0.67395264 0.626     ],0.2815881073474884,0.5871886014938354,0.5411599099099099,[0.68648649 0.39583333],0.5435718440954043,[0.66492147 0.42222222],0.5410231131558769,[0.70949721 0.37254902],"(64, 64)",0.1,0.0005,123,focal,2,False,,64,2.5,790,6,4,umap,True
0,0.2726984970709857,0.6291706562042236,0.5900635406986965,[0.71667881 0.46344828],0.6718770226537216,[0.59708738 0.74666667],0.616087431693989,[0.89617486 0.336     ],0.24870363175868987,0.626334547996521,0.4260285964400351,[0.76510067 0.08695652],0.511337543053961,[0.6380597  0.38461538],0.5021634352064849,[0.95530726 0.04901961],"(128, 128)",0.5,0.001,1,focal,2,False,,64,2.6,790,6,4,umap,True
0,0.3262912683627185,0.49475690722465515,0.49365209471766847,[0.47       0.51730419],0.49799034475598636,[0.5210643  0.47491639],0.4980255009107468,[0.428051 0.568   ],0.2800912708044052,0.5053380727767944,0.5052378238013807,[0.5122807  0.49819495],0.5414824797843666,[0.68867925 0.39428571],0.5421459086427868,[0.40782123 0.67647059],"(128, 128)",0.5,0.001,12,focal,2,False,,64,2.6,790,6,4,umap,True
0,0.2455851260353537,0.6205910444259644,0.5656775605655839,[0.72011252 0.4112426 ],0.6881280589399146,[0.58648339 0.78977273],0.6053023679417122,[0.93260474 0.278     ],0.256363120675087,0.6049821972846985,0.4415919222299801,[0.74364896 0.13953488],0.48359580052493434,[0.63385827 0.33333333],0.493838317449885,[0.89944134 0.08823529],"(128, 128)",0.5,0.001,123,focal,2,False,,64,2.6,790,6,4,umap,True
0,0.6266621123341953,0.5967588424682617,0.5289507291424494,[0.70767104 0.35023041],0.6625613947108364,[0.5701559  0.75496689],0.5803023679417122,[0.93260474 0.228     ],0.3002781331539154,0.6654804348945618,0.5079359165424739,[0.78636364 0.2295082 ],0.6814176245210728,[0.66283525 0.7       ],0.5518676744440794,[0.96648045 0.1372549 ],"(128, 128)",0.5,0.0001,1,focal,2,False,,64,2.7,790,6,4,umap,True
0,0.3451201731667799,0.6158245801925659,0.6088576898059865,[0.66105971 0.55665567],0.6163222035452323,[0.6140625  0.61858191],0.6109234972677595,[0.71584699 0.506     ],0.27434176206588745,0.5587188601493835,0.4961827646038173,[0.67368421 0.31868132],0.499657960199005,[0.63681592 0.3625    ],0.4996987621864388,[0.7150838  0.28431373],"(128, 128)",0.5,0.0001,12,focal,2,False,,64,2.7,790,6,4,umap,True
0,0.4116401426932391,0.5805529356002808,0.5805067800923402,[0.5761079  0.58490566],0.5825116856558574,[0.61145194 0.55357143],0.5823132969034608,[0.54462659 0.62      ],0.3871499001979828,0.5444839596748352,0.49860599977695996,[0.65027322 0.34693878],0.49903288201160545,[0.63636364 0.36170213],0.4990689013035382,[0.66480447 0.33333333],"(128, 128)",0.5,0.0001,123,focal,2,False,,64,2.7,790,6,4,umap,True
0,0.7574141498874215,0.5290753245353699,0.4211230663366071,[0.67110519 0.17114094],0.5300531217208815,[0.52885624 0.53125   ],0.510016393442623,[0.91803279 0.102     ],0.3436316907405853,0.6227757930755615,0.4314780882577492,[0.76126126 0.10169492],0.5063679245283019,[0.63773585 0.375     ],0.5014788038120276,[0.94413408 0.05882353],"(128, 128)",0.5,0.0005,1,focal,2,False,,64,2.8,790,6,4,umap,True
0,0.342581850640914,0.5958055257797241,0.5863010640672669,[0.64900662 0.52359551],0.5961382825570989,[0.59484067 0.5974359 ],0.5900127504553734,[0.7140255 0.466    ],0.2642266064882278,0.5444839596748352,0.5219564061669324,[0.62573099 0.41818182],0.5231361131329937,[0.65644172 0.38983051],0.5243728776426771,[0.59776536 0.45098039],"(128, 128)",0.5,0.0005,12,focal,2,False,,64,2.8,790,6,4,umap,True
0,0.2695727602523916,0.5938989520072937,0.5790529695024078,[0.65810594 0.5       ],0.5966744652406417,[0.58823529 0.60511364],0.5864061930783242,[0.74681239 0.426     ],0.28349611163139343,0.5800711512565613,0.4722752737458619,[0.71078431 0.23376623],0.4896708095398052,[0.63318777 0.34615385],0.4932632270785409,[0.81005587 0.17647059],"(128, 128)",0.5,0.0005,123,focal,2,False,,64,2.8,790,6,4,umap,True
0,0.35835935087764964,0.6234509348869324,0.6162189197575174,[0.66890193 0.56353591],0.624597423510467,[0.61956522 0.62962963],0.6183879781420765,[0.72677596 0.51      ],0.3389284074306488,0.5943060517311096,0.5284679698539803,[0.70466321 0.35227273],0.5379618749183966,[0.65700483 0.41891892],0.53184905247015,[0.75977654 0.30392157],"(128, 128)",0.1,0.001,1,focal,2,False,,64,2.9,790,6,4,umap,True
0,0.40018651240012226,0.5757864713668823,0.5471012559364707,[0.66108149 0.43312102],0.5822770276476532,[0.56806283 0.59649123],0.565264116575592,[0.79052823 0.34      ],0.357020777463913,0.5551601648330688,0.5274896753971777,[0.64183381 0.41314554],0.5276099629040806,[0.65882353 0.3963964 ],0.5285354365209771,[0.62569832 0.43137255],"(128, 128)",0.1,0.001,12,focal,2,False,,64,2.9,790,6,4,umap,True
0,0.40687187980203066,0.5891324877738953,0.5803209328532429,[0.64113239 0.51950948],0.5886962803850968,[0.5904908  0.58690176],0.5836375227686703,[0.70127505 0.466     ],0.34676838517189024,0.5266903638839722,0.4871770243012199,[0.62952646 0.34482759],0.48715621562156214,[0.62777778 0.34653465],0.487211085551539,[0.63128492 0.34313725],"(128, 128)",0.1,0.001,123,focal,2,False,,64,2.9,790,6,4,umap,True
0,0.47727374820148244,0.5653002858161926,0.5594385499557912,[0.61025641 0.50862069],0.5631405481060092,[0.57487923 0.55140187],0.5611366120218579,[0.65027322 0.472     ],0.30905882716178895,0.6156583428382874,0.5475849731663686,[0.72307692 0.37209302],0.5626946513202438,[0.66824645 0.45714286],0.5507174937013912,[0.7877095  0.31372549],"(128, 128)",0.1,0.0001,1,focal,2,False,,64,2.1,790,6,4,umap,True
0,0.43069618589737835,0.5805529356002808,0.5788347969545,[0.60573477 0.55193483],0.5791802966768389,[0.59611993 0.56224066],0.5788324225865209,[0.61566485 0.542     ],0.2874070793390274,0.5907473564147949,0.5546505698653547,[0.68144044 0.4278607 ],0.5550838050838052,[0.67582418 0.43434343],0.5543597327199036,[0.68715084 0.42156863],"(128, 128)",0.1,0.0001,12,focal,2,False,,64,2.1,790,6,4,umap,True
0,0.42489827029845295,0.564346969127655,0.5531572594363584,[0.62386831 0.48244621],0.5626024196520281,[0.56906907 0.55613577],0.5581730418943534,[0.69034608 0.426     ],0.33457576632499697,0.6049821972846985,0.5477008744072737,[0.70866142 0.38674033],0.5556774031833563,[0.66831683 0.44303797],0.5486635995180196,[0.75418994 0.34313725],"(128, 128)",0.1,0.0001,123,focal,2,False,,64,2.1,790,6,4,umap,True
0,0.41861384581117067,0.6291706562042236,0.6139942126706377,[0.69053302 0.53745541],0.6378754742614775,[0.61299435 0.6627566 ],0.621264116575592,[0.79052823 0.452     ],0.38403051495552065,0.608540952205658,0.533025138989606,[0.72081218 0.3452381 ],0.5499295278365046,[0.66046512 0.43939394],0.5388049074378355,[0.79329609 0.28431373],"(128, 128)",0.1,0.0005,1,focal,2,False,,64,2.11,790,6,4,umap,True
0,0.28161611802437725,0.660629153251648,0.6591544667956628,[0.68157424 0.63673469],0.6597978910369069,[0.66959578 0.65      ],0.6589945355191257,[0.69398907 0.624     ],0.35798407196998594,0.5836299061775208,0.5082783685556602,[0.70076726 0.31578947],0.5187653814602133,[0.64622642 0.39130435],0.5150345054222807,[0.76536313 0.26470588],"(128, 128)",0.1,0.0005,12,focal,2,False,,64,2.11,790,6,4,umap,True
0,0.3106873342219521,0.628217339515686,0.6213767445304113,[0.67226891 0.57048458],0.6294144412835336,[0.62402496 0.63480392],0.6232987249544626,[0.72859745 0.518     ],0.30495077967643736,0.5943060517311096,0.5368131868131868,[0.7        0.37362637],0.5433457711442786,[0.66169154 0.425     ],0.5381750465549349,[0.74301676 0.33333333],"(128, 128)",0.1,0.0005,123,focal,2,False,,64,2.11,790,6,4,umap,True
0,0.2643129527568817,0.5843660831451416,0.5346089349093159,[0.68678161 0.38243626],0.6111811721890152,[0.56702254 0.65533981],0.5703369763205829,[0.87067395 0.27      ],0.2420519083738327,0.6298932433128357,0.47393433179723504,[0.76036866 0.1875    ],0.5542986425339367,[0.64705882 0.46153846],0.5197173841603681,[0.92178771 0.11764706],"(256, 256)",0.5,0.001,1,focal,2,False,,64,2.12,790,6,4,umap,True
0,0.2421774329508052,0.6434699892997742,0.6431167857714644,[0.65434381 0.63188976],0.6431290632226536,[0.6641651  0.62209302],0.6434043715846995,[0.64480874 0.642     ],0.32231212854385377,0.6014235019683838,0.5212364609954971,[0.71717172 0.3253012 ],0.5381264400921659,[0.65437788 0.421875  ],0.5290009858692081,[0.79329609 0.26470588],"(256, 256)",0.5,0.001,12,focal,2,False,,64,2.12,790,6,4,umap,True
0,0.3461054791422451,0.6015252470970154,0.5847236428382013,[0.66825397 0.50119332],0.606712772243444,[0.59212377 0.62130178],0.593424408014572,[0.76684882 0.42      ],0.3567842751741409,0.5480427145957947,0.5013344511982114,[0.65395095 0.34871795],0.5019446350949439,[0.63829787 0.3655914 ],0.5018621973929236,[0.67039106 0.33333333],"(256, 256)",0.5,0.001,123,focal,2,False,,64,2.12,790,6,4,umap,True
0,0.32363908957032594,0.6120114326477051,0.611960660100322,[0.61639962 0.6075217 ],0.6126320268854748,[0.63867188 0.58659218],0.6128142076502732,[0.59562842 0.63      ],0.3004971146583557,0.5836299061775208,0.5526025719534599,[0.67042254 0.43478261],0.5523538961038961,[0.67613636 0.42857143],0.5529904699309891,[0.66480447 0.44117647],"(256, 256)",0.5,0.0001,1,focal,2,False,,64,2.13,790,6,4,umap,True
0,0.4017806035630843,0.6120114326477051,0.6109025622798503,[0.63167421 0.59013092],0.6110091642710173,[0.62769784 0.59432049],0.6108506375227687,[0.63570128 0.586     ],0.2936202347278595,0.6014235019683838,0.5708519690193083,[0.68539326 0.45631068],0.5705943068231204,[0.68926554 0.45192308],0.571174279767773,[0.68156425 0.46078431],"(256, 256)",0.5,0.0001,12,focal,2,False,,64,2.13,790,6,4,umap,True
0,0.7999260250259849,0.5910390615463257,0.5490776061346632,[0.68663258 0.41152263],0.6140962828842262,[0.57317073 0.65502183],0.5780510018214936,[0.856102 0.3     ],0.37444167733192446,0.6476868391036987,0.5357077290251515,[0.76372315 0.30769231],0.6016260162601625,[0.66666667 0.53658537],0.554770511556578,[0.89385475 0.21568627],"(256, 256)",0.5,0.0001,123,focal,2,False,,64,2.13,790,6,4,umap,True
0,0.2759500321219949,0.5710200071334839,0.5709322871976847,[0.57706767 0.56479691],0.571466492127559,[0.5961165  0.54681648],0.5715992714025501,[0.55919854 0.584     ],0.30129562616348265,0.5266903638839722,0.4972490146225971,[0.61891117 0.37558685],0.49782723900370957,[0.63529412 0.36036036],0.4977544090261803,[0.60335196 0.39215686],"(256, 256)",0.5,0.0005,1,focal,2,False,,64,2.14,790,6,4,umap,True
0,0.3228528280468548,0.6062917113304138,0.6060496942417422,[0.61581395 0.59628543],0.6062257813579162,[0.62927757 0.583174  ],0.6064571948998179,[0.60291439 0.61      ],0.24904147088527678,0.6192170977592468,0.5874281323325603,[0.70194986 0.4729064 ],0.5876237623762376,[0.7        0.47524752],0.5872494249096287,[0.70391061 0.47058824],"(256, 256)",0.5,0.0005,12,focal,2,False,,64,2.14,790,6,4,umap,True
0,0.28320834215949564,0.6091516017913818,0.5854154617312513,[0.68461538 0.48621554],0.6217749935209429,[0.59254328 0.65100671],0.5992823315118397,[0.81056466 0.388     ],0.2594182699918747,0.6192170977592468,0.5376939280717131,[0.73182957 0.34355828],0.5613263785394933,[0.66363636 0.45901639],0.5450761310110637,[0.81564246 0.2745098 ],"(256, 256)",0.5,0.0005,123,focal,2,False,,64,2.14,790,6,4,umap,True
0,0.6554634185398326,0.5691134333610535,0.5567782414262425,[0.63071895 0.48283753],0.5680114874232521,[0.57185185 0.56417112],0.5625482695810564,[0.70309654 0.422     ],0.37351000905036924,0.6441280841827393,0.5982040722946694,[0.73404255 0.46236559],0.60620618805898,[0.70050761 0.51190476],0.5962591740606857,[0.77094972 0.42156863],"(256, 256)",0.1,0.001,1,focal,2,False,,64,2.15,790,6,4,umap,True
0,0.4917748062049641,0.5653002858161926,0.5620041753653444,[0.6        0.52400835],0.5633575687717509,[0.5786802  0.54803493],0.5624754098360656,[0.62295082 0.502     ],0.29009023904800413,0.608540952205658,0.5730662983425414,[0.6961326 0.45     ],0.5738541318166611,[0.68852459 0.45918367],0.5725435425566875,[0.70391061 0.44117647],"(256, 256)",0.1,0.001,12,focal,2,False,,64,2.15,790,6,4,umap,True
0,0.35292984632884755,0.6072449684143066,0.5896866265645887,[0.67456556 0.50480769],0.6140335400178119,[0.59553696 0.63253012],0.5988888888888889,[0.77777778 0.42      ],0.2514196425676346,0.626334547996521,0.5615703523188256,[0.73007712 0.39306358],0.577531857813548,[0.67619048 0.47887324],0.5633147113594041,[0.79329609 0.33333333],"(256, 256)",0.1,0.001,123,focal,2,False,,64,2.15,790,6,4,umap,True
0,0.5493492694462047,0.6101048588752747,0.5870225826044353,[0.6846569  0.48938826],0.6223728391991046,[0.59358289 0.65116279],0.6003715846994535,[0.80874317 0.392     ],0.263120111823082,0.6370106935501099,0.5362135922330097,[0.75242718 0.32      ],0.5826180257510729,[0.66523605 0.5       ],0.550607952678278,[0.86592179 0.23529412],"(256, 256)",0.1,0.0001,1,focal,2,False,,64,2.16,790,6,4,umap,True
0,0.4624801120337318,0.6072449684143066,0.5951931362631598,[0.66504065 0.52534562],0.6100762944518929,[0.60058737 0.61956522],0.6004954462659381,[0.74499089 0.456     ],0.3632124483585358,0.5978647470474243,0.554137354845051,[0.69376694 0.41450777],0.5566223250433777,[0.67368421 0.43956044],0.5536203308138898,[0.7150838  0.39215686],"(256, 256)",0.1,0.0001,12,focal,2,False,,64,2.16,790,6,4,umap,True
0,0.3477411620757159,0.6139180064201355,0.6133558305826077,[0.62809917 0.59861249],0.6133267845448591,[0.63333333 0.59332024],0.6134754098360655,[0.62295082 0.604     ],0.2916876971721649,0.6014235019683838,0.5708519690193083,[0.68539326 0.45631068],0.5705943068231204,[0.68926554 0.45192308],0.571174279767773,[0.68156425 0.46078431],"(256, 256)",0.1,0.0001,123,focal,2,False,,64,2.16,790,6,4,umap,True
0,0.29111455380916595,0.6539561748504639,0.6537749187370718,[0.66169618 0.64585366],0.6539785532533624,[0.67748092 0.63047619],0.6543151183970857,[0.64663024 0.662     ],0.3033888041973114,0.608540952205658,0.5450129533678756,[0.71502591 0.375     ],0.5563063063063063,[0.66666667 0.44594595],0.5472395662175484,[0.77094972 0.32352941],"(256, 256)",0.1,0.0005,1,focal,2,False,,64,2.17,790,6,4,umap,True
0,0.5083189869628233,0.5519542694091797,0.5405879371137632,[0.61285008 0.46832579],0.5492304981203007,[0.5593985 0.5390625],0.5457978142076503,[0.67759563 0.414     ],0.2723356783390045,0.6619216799736023,0.595315697718487,[0.75949367 0.43113772],0.6241452991452991,[0.69444444 0.55384615],0.5954650016431153,[0.83798883 0.35294118],"(256, 256)",0.1,0.0005,12,focal,2,False,,64,2.17,790,6,4,umap,True
0,0.39165932904271517,0.5900858044624329,0.5879796414974388,[0.61743772 0.55852156],0.5886589616584113,[0.60347826 0.57383966],0.5880291438979963,[0.63205829 0.544     ],0.3196190446615219,0.6192170977592468,0.5983837574300408,[0.68985507 0.50691244],0.5975641697223677,[0.71686747 0.47826087],0.6020100777741264,[0.66480447 0.53921569],"(256, 256)",0.1,0.0005,123,focal,2,False,,64,2.17,790,6,4,umap,True
0,0.2494423336842481,0.5748331546783447,0.49861325445816185,[0.69410151 0.303125  ],0.6247564042118497,[0.55665567 0.69285714],0.5578378870673952,[0.92167577 0.194     ],0.2390492469072342,0.6370106935501099,0.4896367521367521,[0.76388889 0.21538462],0.5760869565217391,[0.65217391 0.5       ],0.5295213057289955,[0.92178771 0.1372549 ],"(512, 512)",0.5,0.001,1,focal,2,False,,64,2.18,790,6,4,umap,True
0,0.2929165293188656,0.535748302936554,0.530199879529706,[0.58125537 0.47914439],0.5327155640420832,[0.5504886  0.51494253],0.531832422586521,[0.61566485 0.448     ],0.24669839143753053,0.5693950057029724,0.5541261785803271,[0.63663664 0.47161572],0.5567542693526946,[0.68831169 0.42519685],0.5607952678278015,[0.59217877 0.52941176],"(512, 512)",0.5,0.001,12,focal,2,False,,64,2.18,790,6,4,umap,True
0,0.2552581455777673,0.6034318208694458,0.6023386696993556,[0.62318841 0.58148893],0.6024200313673997,[0.61981982 0.58502024],0.6022969034608379,[0.62659381 0.578     ],0.24803469181060792,0.5444839596748352,0.5301985370950888,[0.61212121 0.44827586],0.5344370860927152,[0.66887417 0.4       ],0.5370248658122467,[0.56424581 0.50980392],"(512, 512)",0.5,0.001,123,focal,2,False,,64,2.18,790,6,4,umap,True
0,0.6476649221251992,0.6358436346054077,0.5992467337125666,[0.72035139 0.47814208],0.6782567636010636,[0.60220318 0.75431034],0.6230874316939891,[0.89617486 0.35      ],0.2846837192773819,0.6192170977592468,0.5071387591181051,[0.74216867 0.27210884],0.5484934086629002,[0.65254237 0.44444444],0.5282068134516377,[0.8603352  0.19607843],"(512, 512)",0.5,0.0001,1,focal,2,False,,64,2.19,790,6,4,umap,True
0,0.3884384141248815,0.5624403953552246,0.5570235844499952,[0.60600858 0.50803859],0.5601980294532258,[0.57305195 0.54734411],0.5584936247723133,[0.64298725 0.474     ],0.30623042583465576,0.5622775554656982,0.5122422771341076,[0.66846361 0.35602094],0.5139279026217228,[0.64583333 0.38202247],0.5130353817504656,[0.69273743 0.33333333],"(512, 512)",0.5,0.0001,12,focal,2,False,,64,2.19,790,6,4,umap,True
0,0.5405275348354789,0.538608193397522,0.5266104248717031,[0.60197368 0.45124717],0.5348340227791863,[0.54872564 0.52094241],0.5323333333333333,[0.66666667 0.398     ],0.3497136175632477,0.5444839596748352,0.5395801331285203,[0.58709677 0.49206349],0.5539949109414759,[0.69465649 0.41333333],0.5581115127615291,[0.50837989 0.60784314],"(512, 512)",0.5,0.0001,123,focal,2,False,,64,2.19,790,6,4,umap,True
0,0.24856198359938228,0.6167778968811035,0.5749697629414611,[0.70827286 0.44166667],0.6556941550608619,[0.58866104 0.72272727],0.6034444444444444,[0.88888889 0.318     ],0.25017039477825165,0.626334547996521,0.5163511187607573,[0.74698795 0.28571429],0.5617231638418079,[0.65677966 0.46666667],0.5359020703253369,[0.86592179 0.20588235],"(512, 512)",0.5,0.0005,1,focal,2,False,,64,2.2,790,6,4,umap,True
0,0.25102437857319326,0.6291706562042236,0.6251978209613525,[0.66378565 0.58660999],0.6287146437522377,[0.63157895 0.62585034],0.6257267759562841,[0.69945355 0.552     ],0.28554007709026336,0.6227757930755615,0.5403395061728394,[0.735      0.34567901],0.5659125188536953,[0.66515837 0.46666667],0.5478694271004492,[0.82122905 0.2745098 ],"(512, 512)",0.5,0.0005,12,focal,2,False,,64,2.2,790,6,4,umap,True
0,0.2758955771432203,0.6081982851028442,0.6046050948229138,[0.64229765 0.56691254],0.607054565701559,[0.615      0.59910913],0.6050655737704917,[0.67213115 0.538     ],0.28659611344337466,0.5871886014938354,0.5667729930887826,[0.66081871 0.47272727],0.5669647499220131,[0.69325153 0.44067797],0.5705444188848723,[0.63128492 0.50980392],"(512, 512)",0.5,0.0005,123,focal,2,False,,64,2.2,790,6,4,umap,True
0,0.3500506702591391,0.6186844706535339,0.6026063567829677,[0.68253968 0.52267303],0.6263554956349504,[0.604782   0.64792899],0.6106211293260474,[0.78324226 0.438     ],0.31391866207122804,0.6405693888664246,0.5726847042172938,[0.74300254 0.40236686],0.5948528386106848,[0.68224299 0.50746269],0.574487895716946,[0.81564246 0.33333333],"(512, 512)",0.1,0.001,1,focal,2,False,,64,2.21,790,6,4,umap,True
0,0.31793191152460437,0.6072449684143066,0.605227005341732,[0.63345196 0.57700205],0.6059787195010089,[0.61913043 0.592827  ],0.6052258652094717,[0.64845173 0.562     ],0.28622826337814333,0.6156583428382874,0.572804054054054,[0.70810811 0.4375    ],0.5762652705061082,[0.68586387 0.46666667],0.5718041406506736,[0.73184358 0.41176471],"(512, 512)",0.1,0.001,12,focal,2,False,,64,2.21,790,6,4,umap,True
0,0.2814386399353252,0.6596758961677551,0.6589618221341103,[0.674567   0.64335664],0.6589485263050541,[0.67518248 0.64271457],0.658976320582878,[0.67395264 0.644     ],0.3761081397533417,0.5587188601493835,0.5448798328108674,[0.62424242 0.46551724],0.5487519103413143,[0.68211921 0.41538462],0.5524153795596451,[0.57541899 0.52941176],"(512, 512)",0.1,0.001,123,focal,2,False,,64,2.21,790,6,4,umap,True
0,0.3995398072635426,0.6234509348869324,0.6172045692852755,[0.66610313 0.56830601],0.6239785640986659,[0.6214511  0.62650602],0.6188342440801458,[0.71766849 0.52      ],0.2933974862098694,0.6725978851318359,0.6240255962769052,[0.7591623  0.48888889],0.6391941391941391,[0.71428571 0.56410256],0.6207142074706977,[0.81005587 0.43137255],"(512, 512)",0.1,0.0001,1,focal,2,False,,64,2.22,790,6,4,umap,True
0,0.8523612898938796,0.5767397284507751,0.5763204622527545,[0.5896488  0.56299213],0.5763813139025844,[0.59849906 0.55426357],0.576528233151184,[0.58105647 0.572     ],0.3611425459384918,0.5373665690422058,0.48831801882563874,[0.64673913 0.32989691],0.4887278582930757,[0.62962963 0.34782609],0.48926497973491073,[0.66480447 0.31372549],"(512, 512)",0.1,0.0001,12,focal,2,False,,64,2.22,790,6,4,umap,True
0,0.5040385880891014,0.5853193402290344,0.5803633420850558,[0.62596733 0.53475936],0.5837732599498296,[0.59283388 0.57471264],0.581511839708561,[0.66302368 0.5       ],0.5210407674312592,0.5302491188049316,0.514248297537978,[0.60240964 0.42608696],0.518203635620915,[0.65359477 0.3828125 ],0.51952568736992,[0.55865922 0.48039216],"(512, 512)",0.1,0.0001,123,focal,2,False,,64,2.22,790,6,4,umap,True
0,0.3900577864226173,0.6120114326477051,0.5878471065803637,[0.6876439  0.48805031],0.6258957874387447,[0.59416446 0.65762712],0.6020145719489982,[0.81602914 0.388     ],0.38608420491218565,0.6334519386291504,0.5412063089482444,[0.74692875 0.33548387],0.5786163522012578,[0.66666667 0.49056604],0.552031985978749,[0.84916201 0.25490196],"(512, 512)",0.1,0.0005,1,focal,2,False,,64,2.23,790,6,4,umap,True
0,0.4570208945695092,0.6091516017913818,0.6038811523725317,[0.64957265 0.55818966],0.6085282255030325,[0.61191626 0.60514019],0.6050837887067395,[0.69216758 0.518     ],0.44249250292778014,0.6441280841827393,0.5959857372900852,[0.73544974 0.45652174],0.6053437921313887,[0.69849246 0.51219512],0.5941505093657575,[0.77653631 0.41176471],"(512, 512)",0.1,0.0005,12,focal,2,False,,64,2.23,790,6,4,umap,True
0,0.34548680396641,0.6539561748504639,0.6537094279189937,[0.64446621 0.66295265],0.6578757013189203,[0.6970339 0.6187175],0.6566357012750454,[0.5992714 0.714    ],0.49444788992404937,0.608540952205658,0.6048931383577053,[0.64285714 0.56692913],0.620563035495716,[0.76744186 0.47368421],0.6294774893197503,[0.55307263 0.70588235],"(512, 512)",0.1,0.0005,123,focal,2,False,,64,2.23,790,6,4,umap,True
