,loss,accuracy,f1,f1_scores,precision,precision_scores,recall,recall_scores,valid_loss,valid_accuracy,valid_f1,valid_f1_scores,valid_precision,valid_precision_scores,valid_recall,valid_recall_scores,k,shift,window_size,n,dimensions,sig_depth,method,input_channels,output_channels,features,standardise_method,include_features_in_path,embedding_dim,num_features,log_signature,swnu_hidden_dim,lstm_hidden_dim,ffn_hidden_dim,dropout_rate,learning_rate,seed,BiLSTM,loss_function,gamma,k_fold,n_splits,augmentation_type,hidden_dim_aug,comb_method,batch_size,model_id
0,0.5358767456868115,0.5958055257797241,0.5822444302513431,[0.50697674 0.65751212],0.6262275725651147,[0.70096463 0.55149051],0.6055428051001821,[0.39708561 0.814     ],0.21235943138599395,0.7615658044815063,0.7476442597681121,[0.80691643 0.68837209],0.7441002949852508,[0.83333333 0.65486726],0.7538065505531821,[0.78212291 0.7254902 ],35,3,5,11,15,3,umap,17,,"['time_encoding', 'timeline_index']","['z_score', None]",True,384,2,True,"(12,)",384,"(128, 128)",0.5,0.001,1,False,focal,2,False,,Conv1d,,concatenation,64,0
0,0.3996522128582001,0.583412766456604,0.5832612879442836,[0.59120674 0.57531584],0.5836193107459648,[0.60769231 0.55954631],0.5837959927140255,[0.57559199 0.592     ],0.20084104537963868,0.7686832547187805,0.7422418537700569,[0.82479784 0.65968586],0.7523700842696629,[0.796875   0.70786517],0.7361978310877424,[0.8547486  0.61764706],35,3,5,11,15,3,umap,17,,"['time_encoding', 'timeline_index']","['z_score', None]",True,384,2,True,"(12,)",384,"(128, 128)",0.5,0.001,12,False,focal,2,False,,Conv1d,,concatenation,64,0
0,0.424965302733814,0.5881792306900024,0.5878192534381139,[0.57563851 0.6       ],0.5916770825674582,[0.62473348 0.55862069],0.5908488160291439,[0.53369763 0.648     ],0.1849796175956726,0.7971529960632324,0.7663695902679524,[0.85117493 0.68156425],0.7956137000254648,[0.79901961 0.79220779],0.7543268704129696,[0.91061453 0.59803922],35,3,5,11,15,3,umap,17,,"['time_encoding', 'timeline_index']","['z_score', None]",True,384,2,True,"(12,)",384,"(128, 128)",0.5,0.001,123,False,focal,2,False,,Conv1d,,concatenation,64,0
0,0.3444836981156293,0.5977120995521545,0.5856471601332884,[0.51494253 0.65635179],0.6256953716065865,[0.69781931 0.55357143],0.6070072859744992,[0.40801457 0.806     ],0.22988726198673248,0.6192170977592468,0.5798644588835324,[0.70844687 0.45128205],0.58230382063601,[0.69148936 0.47311828],0.5788147661299157,[0.72625698 0.43137255],35,3,5,11,15,3,umap,17,,"['time_encoding', 'timeline_index']","['z_score', None]",True,384,2,True,"(12,)",384,"(128, 128)",0.5,0.0001,1,False,focal,2,False,,Conv1d,,concatenation,64,1
0,0.260056569295771,0.5843660831451416,0.552236058897243,[0.43229167 0.67218045],0.6482725422236892,[0.75799087 0.53855422],0.598183970856102,[0.30236794 0.894     ],0.23972900807857514,0.6334519386291504,0.6242388834793898,[0.68307692 0.56540084],0.6282851344495181,[0.76027397 0.4962963 ],0.6384872384708074,[0.62011173 0.65686275],35,3,5,11,15,3,umap,17,,"['time_encoding', 'timeline_index']","['z_score', None]",True,384,2,True,"(12,)",384,"(128, 128)",0.5,0.0001,12,False,focal,2,False,,Conv1d,,concatenation,64,1
0,0.5680285008514628,0.6101048588752747,0.6045796179811525,[0.55783784 0.6513214 ],0.6268889696816414,[0.68617021 0.56760773],0.6169726775956285,[0.46994536 0.764     ],0.2035423845052719,0.7651245594024658,0.7348146877144819,[0.82446809 0.64516129],0.7505438723712836,[0.78680203 0.71428571],0.7270785409135722,[0.86592179 0.58823529],35,3,5,11,15,3,umap,17,,"['time_encoding', 'timeline_index']","['z_score', None]",True,384,2,True,"(12,)",384,"(128, 128)",0.5,0.0001,123,False,focal,2,False,,Conv1d,,concatenation,64,1
0,0.30680013053557453,0.6139180064201355,0.5996549179841255,[0.52408931 0.67522053],0.6509991400480509,[0.7384106  0.56358768],0.6240965391621129,[0.40619308 0.842     ],0.1695282757282257,0.7864768505096436,0.7575914423740511,[0.84126984 0.67391304],0.7775462679249908,[0.79899497 0.75609756],0.7480556468397415,[0.88826816 0.60784314],35,3,5,11,15,3,umap,17,,"['time_encoding', 'timeline_index']","['z_score', None]",True,384,2,True,"(12,)",384,"(128, 128)",0.5,0.0005,1,False,focal,2,False,,Conv1d,,concatenation,64,2
0,0.40610067809329314,0.5719733238220215,0.5716681353598572,[0.56023506 0.58310121],0.5750631554210851,[0.6059322  0.54419411],0.5744735883424408,[0.52094718 0.628     ],0.1880507856607437,0.7224199175834656,0.6985973597359736,[0.78333333 0.61386139],0.6995027624309392,[0.77900552 0.62      ],0.6977763172308029,[0.7877095  0.60784314],35,3,5,11,15,3,umap,17,,"['time_encoding', 'timeline_index']","['z_score', None]",True,384,2,True,"(12,)",384,"(128, 128)",0.5,0.0005,12,False,focal,2,False,,Conv1d,,concatenation,64,2
0,0.35893793228794546,0.6034318804740906,0.6029378580423499,[0.61694291 0.58893281],0.6029336883147114,[0.62383613 0.58203125],0.6031001821493625,[0.61020036 0.596     ],0.20851699411869049,0.7330960631370544,0.668553904222694,[0.81481481 0.52229299],0.7377715205148834,[0.7300885  0.74545455],0.6618742469054661,[0.92178771 0.40196078],35,3,5,11,15,3,umap,17,,"['time_encoding', 'timeline_index']","['z_score', None]",True,384,2,True,"(12,)",384,"(128, 128)",0.5,0.0005,123,False,focal,2,False,,Conv1d,,concatenation,64,2
0,0.31722895362797904,0.5948522686958313,0.5944748707677165,[0.60684551 0.58210423],0.5945376012565262,[0.61654135 0.57253385],0.5947249544626594,[0.59744991 0.592     ],0.18590377271175385,0.7935943007469177,0.7406098803157628,[0.85784314 0.62337662],0.8436345314074571,[0.76419214 0.92307692],0.7241209332895169,[0.97765363 0.47058824],35,3,5,11,15,3,umap,17,,"['time_encoding', 'timeline_index']","['z_score', None]",True,384,2,True,"(12,)",384,"(128, 128)",0.1,0.001,1,False,focal,2,False,,Conv1d,,concatenation,64,3
0,0.5681274182656232,0.5853193402290344,0.5800049149682874,[0.62724936 0.53276047],0.5838195210956683,[0.59223301 0.57540603],0.5813333333333333,[0.66666667 0.496     ],0.2924873560667038,0.754448413848877,0.6875815729685308,[0.83211679 0.54304636],0.7869018296973962,[0.73706897 0.83673469],0.6786340234417789,[0.95530726 0.40196078],35,3,5,11,15,3,umap,17,,"['time_encoding', 'timeline_index']","['z_score', None]",True,384,2,True,"(12,)",384,"(128, 128)",0.1,0.001,12,False,focal,2,False,,Conv1d,,concatenation,64,3
0,1.1103473586194657,0.5443279147148132,0.5273171191553545,[0.61698718 0.43764706],0.541107704884529,[0.55078684 0.53142857],0.5366375227686704,[0.70127505 0.372     ],0.49963889122009275,0.7153024673461914,0.6785632578357356,[0.78723404 0.56989247],0.6911107082426879,[0.75126904 0.63095238],0.6732117427976778,[0.82681564 0.51960784],35,3,5,11,15,3,umap,17,,"['time_encoding', 'timeline_index']","['z_score', None]",True,384,2,True,"(12,)",384,"(128, 128)",0.1,0.001,123,False,focal,2,False,,Conv1d,,concatenation,64,3
0,0.34155264233841615,0.6043851375579834,0.5994875545680785,[0.55519829 0.64377682],0.6191944705513784,[0.67447917 0.56390977],0.6108834244080146,[0.47176685 0.75      ],0.23772938251495362,0.5907472968101501,0.5314018068183466,[0.69816273 0.36464088],0.5380686802857502,[0.65841584 0.41772152],0.5332730857706212,[0.74301676 0.32352941],35,3,5,11,15,3,umap,17,,"['time_encoding', 'timeline_index']","['z_score', None]",True,384,2,True,"(12,)",384,"(128, 128)",0.1,0.0001,1,False,focal,2,False,,Conv1d,,concatenation,64,4
0,0.2754969719578238,0.6005719900131226,0.5895367742574127,[0.52223489 0.65683866],0.6271713575318831,[0.69817073 0.55617198],0.6095610200364299,[0.41712204 0.802     ],0.2390267878770828,0.6085408926010132,0.5648930180180181,[0.7027027  0.42708333],0.5680919139034323,[0.68062827 0.45555556],0.5641088837769745,[0.72625698 0.40196078],35,3,5,11,15,3,umap,17,,"['time_encoding', 'timeline_index']","['z_score', None]",True,384,2,True,"(12,)",384,"(128, 128)",0.1,0.0001,12,False,focal,2,False,,Conv1d,,concatenation,64,4
0,0.28937773055890026,0.5967588424682617,0.5890141849555186,[0.53259669 0.64543168],0.6162609238451935,[0.67696629 0.55555556],0.6044899817850637,[0.43897996 0.77      ],0.2469951629638672,0.6014235019683838,0.5449392712550607,[0.70526316 0.38461538],0.5520833333333333,[0.66666667 0.4375    ],0.5458703034286341,[0.74860335 0.34313725],35,3,5,11,15,3,umap,17,,"['time_encoding', 'timeline_index']","['z_score', None]",True,384,2,True,"(12,)",384,"(128, 128)",0.1,0.0001,123,False,focal,2,False,,Conv1d,,concatenation,64,4
0,0.30457228597472696,0.5919923782348633,0.5831241086284764,[0.52232143 0.64392679],0.6128168181482303,[0.67435159 0.55128205],0.6001147540983607,[0.42622951 0.774     ],0.1859596848487854,0.7402135133743286,0.7074795008912655,[0.80533333 0.60962567],0.7204981992797119,[0.77040816 0.67058824],0.7011994742030891,[0.84357542 0.55882353],35,3,5,11,15,3,umap,17,,"['time_encoding', 'timeline_index']","['z_score', None]",True,384,2,True,"(12,)",384,"(128, 128)",0.1,0.0005,1,False,focal,2,False,,Conv1d,,concatenation,64,5
0,0.47062429435112896,0.5815061926841736,0.5786743884977654,[0.61321586 0.54413292],0.5798656926558503,[0.59385666 0.56587473],0.5789398907103825,[0.63387978 0.524     ],0.23557606637477874,0.77224200963974,0.7352802637776732,[0.83419689 0.63636364],0.7672672672672673,[0.77777778 0.75675676],0.7242304743126301,[0.89944134 0.54901961],35,3,5,11,15,3,umap,17,,"['time_encoding', 'timeline_index']","['z_score', None]",True,384,2,True,"(12,)",384,"(128, 128)",0.1,0.0005,12,False,focal,2,False,,Conv1d,,concatenation,64,5
0,0.41781743484384876,0.6186844706535339,0.6177810165786118,[0.5991984  0.63636364],0.6246288047512992,[0.66592428 0.58333333],0.6223132969034608,[0.54462659 0.7       ],0.2510128617286682,0.7580071091651917,0.7510423181154888,[0.79268293 0.70940171],0.7506355501321944,[0.87248322 0.62878788],0.769991236718151,[0.72625698 0.81372549],35,3,5,11,15,3,umap,17,,"['time_encoding', 'timeline_index']","['z_score', None]",True,384,2,True,"(12,)",384,"(128, 128)",0.1,0.0005,123,False,focal,2,False,,Conv1d,,concatenation,64,5
0,0.29915179312229156,0.6110581755638123,0.6077038145100973,[0.57142857 0.64397906],0.6230726978005516,[0.67493797 0.57120743],0.6167231329690346,[0.49544627 0.738     ],0.18516598641872406,0.7793594002723694,0.750886524822695,[0.83510638 0.66666667],0.7675247764080251,[0.79695431 0.73809524],0.7424690546609705,[0.87709497 0.60784314],35,3,5,11,15,3,umap,17,,"['time_encoding', 'timeline_index']","['z_score', None]",True,384,2,True,"(12,)",384,"(256, 256)",0.5,0.001,1,False,focal,2,False,,Conv1d,,concatenation,64,6
0,0.360731081050985,0.5824595093727112,0.5819941483438503,[0.59594096 0.56804734],0.5820248009018509,[0.60373832 0.56031128],0.5821712204007286,[0.58834244 0.576     ],0.16118928492069245,0.7971529960632324,0.779261586802828,[0.84210526 0.71641791],0.7812187812187812,[0.83516484 0.72727273],0.7775221820571805,[0.84916201 0.70588235],35,3,5,11,15,3,umap,17,,"['time_encoding', 'timeline_index']","['z_score', None]",True,384,2,True,"(12,)",384,"(256, 256)",0.5,0.001,12,False,focal,2,False,,Conv1d,,concatenation,64,6
0,0.31996338507708383,0.5938989520072937,0.5934966597289941,[0.60628466 0.58070866],0.5935450208706023,[0.61538462 0.57170543],0.5937249544626594,[0.59744991 0.59      ],0.19572580754756927,0.690391480922699,0.66863656695176,[0.75354108 0.58373206],0.6672306370179396,[0.76436782 0.57009346],0.6705279877314054,[0.74301676 0.59803922],35,3,5,11,15,3,umap,17,,"['time_encoding', 'timeline_index']","['z_score', None]",True,384,2,True,"(12,)",384,"(256, 256)",0.5,0.001,123,False,focal,2,False,,Conv1d,,concatenation,64,6
0,0.32520459855304046,0.599618673324585,0.5904446377975592,[0.52914798 0.65174129],0.6223519355131774,[0.68804665 0.55665722],0.6079362477231329,[0.4298725 0.786    ],0.22430215477943422,0.6085408926010132,0.5626768534238823,[0.70430108 0.42105263],0.5666509656146962,[0.67875648 0.45454545],0.5620002190820462,[0.73184358 0.39215686],35,3,5,11,15,3,umap,17,,"['time_encoding', 'timeline_index']","['z_score', None]",True,384,2,True,"(12,)",384,"(256, 256)",0.5,0.0001,1,False,focal,2,False,,Conv1d,,concatenation,64,7
0,0.30769765902968016,0.5958055257797241,0.5807164404223227,[0.50117647 0.66025641],0.629221667525361,[0.7076412  0.55080214],0.6059890710382514,[0.38797814 0.824     ],0.24180776476860047,0.6263344883918762,0.5933766072683673,[0.70914127 0.47761194],0.5940725940725942,[0.7032967  0.48484848],0.5928360170883996,[0.7150838  0.47058824],35,3,5,11,15,3,umap,17,,"['time_encoding', 'timeline_index']","['z_score', None]",True,384,2,True,"(12,)",384,"(256, 256)",0.5,0.0001,12,False,focal,2,False,,Conv1d,,concatenation,64,7
0,0.3322804578963448,0.6034318804740906,0.5965503979172213,[0.54385965 0.64924115],0.6222100410412099,[0.68319559 0.56122449],0.6108652094717668,[0.45173042 0.77      ],0.2312670975923538,0.6014235019683838,0.5499885609700297,[0.70212766 0.39784946],0.5552634759487551,[0.67005076 0.44047619],0.5500876328184905,[0.73743017 0.3627451 ],35,3,5,11,15,3,umap,17,,"['time_encoding', 'timeline_index']","['z_score', None]",True,384,2,True,"(12,)",384,"(256, 256)",0.5,0.0001,123,False,focal,2,False,,Conv1d,,concatenation,64,7
0,0.4396417035776026,0.5481411218643188,0.5420479664014146,[0.48922414 0.59487179],0.5591737880518253,[0.59894459 0.51940299],0.5547395264116575,[0.41347905 0.696     ],0.20495872795581818,0.8185053467750549,0.7921868882411798,[0.86614173 0.71823204],0.8198082466474496,[0.81683168 0.82278481],0.7795213057289955,[0.92178771 0.6372549 ],35,3,5,11,15,3,umap,17,,"['time_encoding', 'timeline_index']","['z_score', None]",True,384,2,True,"(12,)",384,"(256, 256)",0.5,0.0005,1,False,focal,2,False,,Conv1d,,concatenation,64,8
0,0.42220999914057117,0.602478563785553,0.5738252581553112,[0.46332046 0.68433005],0.6700108981344959,[0.78947368 0.55054811],0.6159344262295082,[0.32786885 0.904     ],0.23007538616657258,0.6548042893409729,0.6539452802640766,[0.67118644 0.63670412],0.684299895506792,[0.85344828 0.51515152],0.6932029795158288,[0.55307263 0.83333333],35,3,5,11,15,3,umap,17,,"['time_encoding', 'timeline_index']","['z_score', None]",True,384,2,True,"(12,)",384,"(256, 256)",0.5,0.0005,12,False,focal,2,False,,Conv1d,,concatenation,64,8
0,0.5044863329214209,0.5843660831451416,0.5839028508628281,[0.59778598 0.57001972],0.5839321429870177,[0.60560748 0.56225681],0.5840819672131148,[0.59016393 0.578     ],0.19090996384620668,0.754448413848877,0.7204463860893637,[0.81794195 0.62295082],0.7393518518518518,[0.775     0.7037037],0.7123726585606309,[0.86592179 0.55882353],35,3,5,11,15,3,umap,17,,"['time_encoding', 'timeline_index']","['z_score', None]",True,384,2,True,"(12,)",384,"(256, 256)",0.5,0.0005,123,False,focal,2,False,,Conv1d,,concatenation,64,8
0,0.29876669277163115,0.5691134333610535,0.5673484732350773,[0.59498208 0.53971487],0.5676652249957921,[0.58553792 0.54979253],0.567367941712204,[0.60473588 0.53      ],0.18753345906734467,0.7224199175834656,0.7011290498527327,[0.78089888 0.62135922],0.7003476749239461,[0.78531073 0.61538462],0.7019936466206594,[0.77653631 0.62745098],35,3,5,11,15,3,umap,17,,"['time_encoding', 'timeline_index']","['z_score', None]",True,384,2,True,"(12,)",384,"(256, 256)",0.1,0.001,1,False,focal,2,False,,Conv1d,,concatenation,64,9
0,0.33277540259501515,0.6186844706535339,0.6183067227502292,[0.63031423 0.60629921],0.6183370420466279,[0.63977486 0.59689922],0.6185646630236794,[0.62112933 0.616     ],0.2085547387599945,0.6690391302108765,0.6348354642632572,[0.74659401 0.52307692],0.6385552505147563,[0.7287234 0.5483871],0.6326815642458101,[0.76536313 0.5       ],35,3,5,11,15,3,umap,17,,"['time_encoding', 'timeline_index']","['z_score', None]",True,384,2,True,"(12,)",384,"(256, 256)",0.1,0.001,12,False,focal,2,False,,Conv1d,,concatenation,64,9
0,0.3048426999765284,0.6139180064201355,0.6100854912650229,[0.64874241 0.57142857],0.6129734355234765,[0.6192053  0.60674157],0.6106193078324227,[0.68123862 0.54      ],0.21031980514526366,0.6654804348945618,0.6335053835053834,[0.74175824 0.52525253],0.6356981981981982,[0.72972973 0.54166667],0.6319969328513528,[0.75418994 0.50980392],35,3,5,11,15,3,umap,17,,"['time_encoding', 'timeline_index']","['z_score', None]",True,384,2,True,"(12,)",384,"(256, 256)",0.1,0.001,123,False,focal,2,False,,Conv1d,,concatenation,64,9
0,0.34394406308146086,0.6081982851028442,0.6022765325636037,[0.55374593 0.65080714],0.6256075189402963,[0.68548387 0.56573117],0.61524043715847,[0.46448087 0.766     ],0.23094134628772736,0.5943060517311096,0.5368131868131868,[0.7        0.37362637],0.5433457711442786,[0.66169154 0.425     ],0.5381750465549349,[0.74301676 0.33333333],35,3,5,11,15,3,umap,17,,"['time_encoding', 'timeline_index']","['z_score', None]",True,384,2,True,"(12,)",384,"(256, 256)",0.1,0.0001,1,False,focal,2,False,,Conv1d,,concatenation,64,10
0,0.3702223563895506,0.6015252470970154,0.5976461563307494,[0.63715278 0.55813953],0.6002759000215663,[0.60862355 0.59192825],0.5982440801457195,[0.66848816 0.528     ],0.20325503051280974,0.7153024673461914,0.6422205245734658,[0.80392157 0.48051948],0.7138478333893181,[0.71615721 0.71153846],0.6394731076788257,[0.91620112 0.3627451 ],35,3,5,11,15,3,umap,17,,"['time_encoding', 'timeline_index']","['z_score', None]",True,384,2,True,"(12,)",384,"(256, 256)",0.1,0.0001,12,False,focal,2,False,,Conv1d,,concatenation,64,10
0,0.3149852682562435,0.6148713231086731,0.6120789396602226,[0.57916667 0.64499121],0.6258170682409292,[0.67639903 0.57523511],0.6201876138433515,[0.50637523 0.734     ],0.22639437317848204,0.5871886014938354,0.5171821305841924,[0.70103093 0.33333333],0.52674774056353,[0.6507177  0.40277778],0.5220451309015226,[0.75977654 0.28431373],35,3,5,11,15,3,umap,17,,"['time_encoding', 'timeline_index']","['z_score', None]",True,384,2,True,"(12,)",384,"(256, 256)",0.1,0.0001,123,False,focal,2,False,,Conv1d,,concatenation,64,10
0,0.4484463193837334,0.5776930451393127,0.5755809758659269,[0.54564103 0.60552093],0.5850797669914619,[0.62441315 0.54574639],0.5822586520947177,[0.4845173 0.68     ],0.2541515380144119,0.77224200963974,0.7264208348545698,[0.83838384 0.61445783],0.7809259792626728,[0.76497696 0.796875  ],0.7136871508379888,[0.9273743 0.5      ],35,3,5,11,15,3,umap,17,,"['time_encoding', 'timeline_index']","['z_score', None]",True,384,2,True,"(12,)",384,"(256, 256)",0.1,0.0005,1,False,focal,2,False,,Conv1d,,concatenation,64,11
0,0.3022354823701522,0.5881792306900024,0.5874199727597835,[0.60511883 0.56972112],0.587399883500801,[0.60733945 0.56746032],0.5874571948998178,[0.60291439 0.572     ],0.1991021826863289,0.690391480922699,0.6583944665688535,[0.76294278 0.55384615],0.6626630061770762,[0.74468085 0.58064516],0.6557673348669076,[0.78212291 0.52941176],35,3,5,11,15,3,umap,17,,"['time_encoding', 'timeline_index']","['z_score', None]",True,384,2,True,"(12,)",384,"(256, 256)",0.1,0.0005,12,False,focal,2,False,,Conv1d,,concatenation,64,11
0,0.3583328425884247,0.6167778968811035,0.6159398907103826,[0.63387978 0.598     ],0.6159398907103826,[0.63387978 0.598     ],0.6159398907103826,[0.63387978 0.598     ],0.19241589605808257,0.7330960631370544,0.6847938259972179,[0.80818414 0.56140351],0.720467596390484,[0.74528302 0.69565217],0.6766348997699638,[0.88268156 0.47058824],35,3,5,11,15,3,umap,17,,"['time_encoding', 'timeline_index']","['z_score', None]",True,384,2,True,"(12,)",384,"(256, 256)",0.1,0.0005,123,False,focal,2,False,,Conv1d,,concatenation,64,11
0,0.28333768248558044,0.6177312135696411,0.6166386424428009,[0.63710407 0.59617321],0.6167496023465203,[0.63309353 0.60040568],0.6165828779599272,[0.64116576 0.592     ],0.20896921753883363,0.7366548180580139,0.7236310473152578,[0.78362573 0.66363636],0.7203649786835812,[0.82208589 0.61864407],0.7321448132325556,[0.74860335 0.71568627],35,3,5,11,15,3,umap,17,,"['time_encoding', 'timeline_index']","['z_score', None]",True,384,2,True,"(12,)",384,"(512, 512)",0.5,0.001,1,False,focal,2,False,,Conv1d,,concatenation,64,12
0,0.33430856290985556,0.586272656917572,0.5779853762356413,[0.63712375 0.51884701],0.585480633924658,[0.58887172 0.58208955],0.5809945355191257,[0.69398907 0.468     ],0.18069338500499726,0.7366548180580139,0.7042610080782796,[0.80213904 0.60638298],0.7160107334525939,[0.76923077 0.6627907 ],0.6984061781137036,[0.83798883 0.55882353],35,3,5,11,15,3,umap,17,,"['time_encoding', 'timeline_index']","['z_score', None]",True,384,2,True,"(12,)",384,"(512, 512)",0.5,0.001,12,False,focal,2,False,,Conv1d,,concatenation,64,12
0,0.3950878451852238,0.58913254737854,0.5883409133330602,[0.57028913 0.60639269],0.5939695702069374,[0.62995595 0.55798319],0.5924735883424408,[0.52094718 0.664     ],0.23595364391803741,0.7686832547187805,0.7459842848202489,[0.82191781 0.67005076],0.7505942275042445,[0.80645161 0.69473684],0.7425238251725271,[0.83798883 0.64705882],35,3,5,11,15,3,umap,17,,"['time_encoding', 'timeline_index']","['z_score', None]",True,384,2,True,"(12,)",384,"(512, 512)",0.5,0.001,123,False,focal,2,False,,Conv1d,,concatenation,64,12
0,0.3220507818109849,0.6129647493362427,0.6085820895522387,[0.56716418 0.65      ],0.6275083742307392,[0.68380463 0.57121212],0.6192586520947176,[0.4845173 0.754    ],0.21919697523117065,0.5871886014938354,0.5201954780970326,[0.69948187 0.34090909],0.5287896592244419,[0.65217391 0.40540541],0.5241537955964509,[0.75418994 0.29411765],35,3,5,11,15,3,umap,17,,"['time_encoding', 'timeline_index']","['z_score', None]",True,384,2,True,"(12,)",384,"(512, 512)",0.5,0.0001,1,False,focal,2,False,,Conv1d,,concatenation,64,13
0,0.3693818029235391,0.6015252470970154,0.5928641995483719,[0.53348214 0.65224626],0.6235826826604924,[0.68876081 0.55840456],0.6096684881602914,[0.43533698 0.784     ],0.22778697907924653,0.6085408926010132,0.5648930180180181,[0.7027027  0.42708333],0.5680919139034323,[0.68062827 0.45555556],0.5641088837769745,[0.72625698 0.40196078],35,3,5,11,15,3,umap,17,,"['time_encoding', 'timeline_index']","['z_score', None]",True,384,2,True,"(12,)",384,"(512, 512)",0.5,0.0001,12,False,focal,2,False,,Conv1d,,concatenation,64,13
0,0.314568636171958,0.6101048588752747,0.6049349862477106,[0.55974166 0.65012831],0.6261112422311383,[0.68421053 0.56801196],0.6167941712204007,[0.47358834 0.76      ],0.22395520210266112,0.5943060517311096,0.5313377808988764,[0.703125   0.35955056],0.5397946084724006,[0.65853659 0.42105263],0.5339577171650783,[0.75418994 0.31372549],35,3,5,11,15,3,umap,17,,"['time_encoding', 'timeline_index']","['z_score', None]",True,384,2,True,"(12,)",384,"(512, 512)",0.5,0.0001,123,False,focal,2,False,,Conv1d,,concatenation,64,13
0,0.2550257111296934,0.647283136844635,0.6435747397497777,[0.60721868 0.6799308 ],0.6634103674052008,[0.72773537 0.59908537],0.6534735883424407,[0.52094718 0.786     ],0.1900428593158722,0.7224199175834656,0.6848688750862664,[0.79365079 0.57608696],0.7000551538178699,[0.75376884 0.64634146],0.6787983349764487,[0.83798883 0.51960784],35,3,5,11,15,3,umap,17,,"['time_encoding', 'timeline_index']","['z_score', None]",True,384,2,True,"(12,)",384,"(512, 512)",0.5,0.0005,1,False,focal,2,False,,Conv1d,,concatenation,64,14
0,0.6982334957403296,0.583412766456604,0.5749519933759667,[0.63492063 0.51498335],0.5824866845232598,[0.58641975 0.57855362],0.5780837887067395,[0.69216758 0.464     ],0.39024108052253725,0.7366548180580139,0.7026710134980554,[0.80319149 0.60215054],0.7165820642978002,[0.76649746 0.66666667],0.6962975134187754,[0.84357542 0.54901961],35,3,5,11,15,3,umap,17,,"['time_encoding', 'timeline_index']","['z_score', None]",True,384,2,True,"(12,)",384,"(512, 512)",0.5,0.0005,12,False,focal,2,False,,Conv1d,,concatenation,64,14
0,0.3560134093551075,0.602478563785553,0.6024554295638518,[0.59942363 0.60548723],0.6043263125629461,[0.63414634 0.57450628],0.6041530054644808,[0.56830601 0.64      ],0.18634987771511077,0.7366548180580139,0.6975858057009889,[0.80628272 0.58888889],0.719053934571176,[0.75862069 0.67948718],0.6899715193339906,[0.8603352  0.51960784],35,3,5,11,15,3,umap,17,,"['time_encoding', 'timeline_index']","['z_score', None]",True,384,2,True,"(12,)",384,"(512, 512)",0.5,0.0005,123,False,focal,2,False,,Conv1d,,concatenation,64,14
0,0.40404701232910156,0.5929456949234009,0.5882519485557385,[0.63221361 0.54429029],0.5915986150371666,[0.5996732  0.58352403],0.5892440801457195,[0.66848816 0.51      ],0.2280898004770279,0.7117437720298767,0.6787936946980708,[0.78167116 0.57591623],0.6865929307116105,[0.75520833 0.61797753],0.6746357760981487,[0.81005587 0.53921569],35,3,5,11,15,3,umap,17,,"['time_encoding', 'timeline_index']","['z_score', None]",True,384,2,True,"(12,)",384,"(512, 512)",0.1,0.001,1,False,focal,2,False,,Conv1d,,concatenation,64,15
0,0.30463742420953865,0.6539561748504639,0.6524083501521222,[0.67560322 0.62921348],0.6530820788924294,[0.66315789 0.64300626],0.6522622950819672,[0.68852459 0.616     ],0.2764879375696182,0.6583629846572876,0.6202702702702703,[0.74054054 0.5       ],0.625305410122164,[0.71727749 0.53333333],0.6179756818928689,[0.76536313 0.47058824],35,3,5,11,15,3,umap,17,,"['time_encoding', 'timeline_index']","['z_score', None]",True,384,2,True,"(12,)",384,"(512, 512)",0.1,0.001,12,False,focal,2,False,,Conv1d,,concatenation,64,15
0,0.2647404977503945,0.6148713231086731,0.6147925422841436,[0.62030075 0.60928433],0.6153321697392822,[0.6407767  0.58988764],0.6155464480874318,[0.6010929 0.63     ],0.20595126748085021,0.6690391302108765,0.6471422206019362,[0.73504274 0.55924171],0.6456422018348624,[0.75      0.5412844],0.649550881805236,[0.72067039 0.57843137],35,3,5,11,15,3,umap,17,,"['time_encoding', 'timeline_index']","['z_score', None]",True,384,2,True,"(12,)",384,"(512, 512)",0.1,0.001,123,False,focal,2,False,,Conv1d,,concatenation,64,15
0,0.44296546368037953,0.6034318804740906,0.5931197040219597,[0.52834467 0.65789474],0.6291794587883973,[0.6996997  0.55865922],0.6122040072859745,[0.42440801 0.8       ],0.2488118290901184,0.6120996475219727,0.5699201033461112,[0.70460705 0.43523316],0.5728744939271255,[0.68421053 0.46153846],0.5690108445612883,[0.72625698 0.41176471],35,3,5,11,15,3,umap,17,,"['time_encoding', 'timeline_index']","['z_score', None]",True,384,2,True,"(12,)",384,"(512, 512)",0.1,0.0001,1,False,focal,2,False,,Conv1d,,concatenation,64,16
0,0.31515486626064076,0.6062917113304138,0.6062215677987284,[0.61147695 0.60096618],0.6068020655296555,[0.63229572 0.58130841],0.6069927140255009,[0.59198543 0.622     ],0.21832589209079742,0.7224199175834656,0.6642051722024758,[0.8040201  0.52439024],0.7120709972013551,[0.73059361 0.69354839],0.6577116880271662,[0.89385475 0.42156863],35,3,5,11,15,3,umap,17,,"['time_encoding', 'timeline_index']","['z_score', None]",True,384,2,True,"(12,)",384,"(512, 512)",0.1,0.0001,12,False,focal,2,False,,Conv1d,,concatenation,64,16
0,0.5385926208075356,0.6196377873420715,0.6196363676018746,[0.62036156 0.61891117],0.6208620727328347,[0.64940239 0.59232176],0.6209034608378871,[0.59380692 0.648     ],0.20955023765563965,0.7046263217926025,0.6209922485659034,[0.79903148 0.44295302],0.7036279323513366,[0.70512821 0.70212766],0.6226585606309563,[0.92178771 0.32352941],35,3,5,11,15,3,umap,17,,"['time_encoding', 'timeline_index']","['z_score', None]",True,384,2,True,"(12,)",384,"(512, 512)",0.1,0.0001,123,False,focal,2,False,,Conv1d,,concatenation,64,16
0,0.2825045857359381,0.5529075264930725,0.5529010300940125,[0.55119617 0.55460589],0.5543370471912734,[0.58064516 0.52802893],0.5542950819672131,[0.52459016 0.584     ],0.24668860137462617,0.7259786128997803,0.7018095119968026,[0.7867036  0.61691542],0.7032412032412032,[0.78021978 0.62626263],0.7005696133201884,[0.79329609 0.60784314],35,3,5,11,15,3,umap,17,,"['time_encoding', 'timeline_index']","['z_score', None]",True,384,2,True,"(12,)",384,"(512, 512)",0.1,0.0005,1,False,focal,2,False,,Conv1d,,concatenation,64,17
0,0.5353062994339887,0.6072450280189514,0.5960014059017962,[0.66339869 0.52860412],0.6095642701525055,[0.60148148 0.61764706],0.6007632058287796,[0.73952641 0.462     ],0.21647754609584807,0.7935943007469177,0.7600977390485162,[0.84974093 0.67045455],0.7947839143491318,[0.79227053 0.7972973 ],0.7473162449337277,[0.91620112 0.57843137],35,3,5,11,15,3,umap,17,,"['time_encoding', 'timeline_index']","['z_score', None]",True,384,2,True,"(12,)",384,"(512, 512)",0.1,0.0005,12,False,focal,2,False,,Conv1d,,concatenation,64,17
0,0.5695477426052094,0.5805529356002808,0.5804427185595649,[0.58724203 0.57364341],0.5809034190893093,[0.60541586 0.55639098],0.581063752276867,[0.5701275 0.592    ],0.2385661005973816,0.6761565804481506,0.6572481737148984,[0.73775216 0.57674419],0.6552886641382216,[0.76190476 0.54867257],0.6614634680687917,[0.7150838  0.60784314],35,3,5,11,15,3,umap,17,,"['time_encoding', 'timeline_index']","['z_score', None]",True,384,2,True,"(12,)",384,"(512, 512)",0.1,0.0005,123,False,focal,2,False,,Conv1d,,concatenation,64,17
0,0.36090267230482664,0.631077229976654,0.6310436871365199,[0.62752647 0.63456091],0.6331897338541856,[0.66530612 0.60107335],0.6329034608378871,[0.59380692 0.672     ],0.22817008793354035,0.6832740306854248,0.635208658488557,[0.76762402 0.5027933 ],0.652501909854851,[0.72058824 0.58441558],0.6312027604337824,[0.82122905 0.44117647],35,3,5,11,15,4,umap,17,,"['time_encoding', 'timeline_index']","['z_score', None]",True,384,2,True,"(8,)",384,"(128, 128)",0.5,0.001,1,False,focal,2,False,,Conv1d,,concatenation,64,18
0,0.5750152994604671,0.6196377873420715,0.6096250898872109,[0.67214462 0.54710556],0.6224106904301633,[0.61227545 0.63254593],0.6134954462659381,[0.74499089 0.482     ],0.2298983097076416,0.7259786128997803,0.6961820913545922,[0.79132791 0.60103627],0.7028918449971081,[0.76842105 0.63736264],0.6921349545404754,[0.81564246 0.56862745],35,3,5,11,15,4,umap,17,,"['time_encoding', 'timeline_index']","['z_score', None]",True,384,2,True,"(8,)",384,"(128, 128)",0.5,0.001,12,False,focal,2,False,,Conv1d,,concatenation,64,18
0,0.27526231723673206,0.599618673324585,0.5993911487430168,[0.58984375 0.60893855],0.6027379424170182,[0.63578947 0.56968641],0.6020455373406193,[0.55009107 0.654     ],0.2143386960029602,0.6334519386291504,0.6011218147489699,[0.71468144 0.48756219],0.6018703518703519,[0.70879121 0.49494949],0.6005312739620988,[0.72067039 0.48039216],35,3,5,11,15,4,umap,17,,"['time_encoding', 'timeline_index']","['z_score', None]",True,384,2,True,"(8,)",384,"(128, 128)",0.5,0.001,123,False,focal,2,False,,Conv1d,,concatenation,64,18
0,0.3333835531683529,0.605338454246521,0.5986918948488971,[0.54704595 0.65033784],0.6238985019626693,[0.68493151 0.5628655 ],0.6126867030965392,[0.45537341 0.77      ],0.2322293370962143,0.5907472968101501,0.5286404014177983,[0.6997389 0.3575419],0.5362235803412274,[0.65686275 0.41558442],0.5311644210756928,[0.74860335 0.31372549],35,3,5,11,15,4,umap,17,,"['time_encoding', 'timeline_index']","['z_score', None]",True,384,2,True,"(8,)",384,"(128, 128)",0.5,0.0001,1,False,focal,2,False,,Conv1d,,concatenation,64,19
0,0.2608247495749417,0.6015252470970154,0.5866496983408749,[0.50823529 0.6650641 ],0.636210403823263,[0.71760797 0.55481283],0.6117213114754099,[0.39344262 0.83      ],0.23985683619976045,0.6263344883918762,0.5915528053490594,[0.7107438  0.47236181],0.5928115194979829,[0.70108696 0.48453608],0.5907273523934713,[0.72067039 0.46078431],35,3,5,11,15,4,umap,17,,"['time_encoding', 'timeline_index']","['z_score', None]",True,384,2,True,"(8,)",384,"(128, 128)",0.5,0.0001,12,False,focal,2,False,,Conv1d,,concatenation,64,19
0,0.2560695444836336,0.599618673324585,0.5806683722417652,[0.49152542 0.66981132],0.6423327285310787,[0.73285199 0.55181347],0.6108816029143898,[0.36976321 0.852     ],0.2407004565000534,0.6370106935501099,0.6107398956975227,[0.71186441 0.50961538],0.61,[0.72 0.5 ],0.6117592288311973,[0.70391061 0.51960784],35,3,5,11,15,4,umap,17,,"['time_encoding', 'timeline_index']","['z_score', None]",True,384,2,True,"(8,)",384,"(128, 128)",0.5,0.0001,123,False,focal,2,False,,Conv1d,,concatenation,64,19
0,0.3301718953777762,0.58913254737854,0.5869644855544136,[0.55704008 0.61688889],0.5971754716981132,[0.63915094 0.5552    ],0.5938123861566484,[0.49362477 0.694     ],0.2142450302839279,0.690391480922699,0.66863656695176,[0.75354108 0.58373206],0.6672306370179396,[0.76436782 0.57009346],0.6705279877314054,[0.74301676 0.59803922],35,3,5,11,15,4,umap,17,,"['time_encoding', 'timeline_index']","['z_score', None]",True,384,2,True,"(8,)",384,"(128, 128)",0.5,0.0005,1,False,focal,2,False,,Conv1d,,concatenation,64,20
0,0.35225268497186546,0.5967588424682617,0.5965813784130984,[0.58812074 0.60504202],0.5996123661783995,[0.63179916 0.56742557],0.5990455373406194,[0.55009107 0.648     ],0.193575918674469,0.7793594002723694,0.7547578828828828,[0.83243243 0.67708333],0.7642524723676556,[0.80628272 0.72222222],0.7487950487457553,[0.8603352 0.6372549],35,3,5,11,15,4,umap,17,,"['time_encoding', 'timeline_index']","['z_score', None]",True,384,2,True,"(8,)",384,"(128, 128)",0.5,0.0005,12,False,focal,2,False,,Conv1d,,concatenation,64,20
0,0.2773793646517922,0.6072450280189514,0.6047706838150839,[0.6360424  0.57349896],0.6059581563468518,[0.61749571 0.5944206 ],0.6048688524590164,[0.6557377 0.554    ],0.20901292264461518,0.6939501762390137,0.6349105632100556,[0.78172589 0.48809524],0.6687455954897815,[0.71627907 0.62121212],0.6311479899222259,[0.8603352  0.40196078],35,3,5,11,15,4,umap,17,,"['time_encoding', 'timeline_index']","['z_score', None]",True,384,2,True,"(8,)",384,"(128, 128)",0.5,0.0005,123,False,focal,2,False,,Conv1d,,concatenation,64,20
0,0.3842037250013912,0.5929456949234009,0.5775909302235663,[0.49705536 0.6581265 ],0.6260324877614598,[0.70333333 0.54873164],0.603167577413479,[0.38433515 0.822     ],0.2308180570602417,0.6334519386291504,0.6061373069333877,[0.70985915 0.50241546],0.605573593073593,[0.71590909 0.4952381 ],0.6068572680468836,[0.70391061 0.50980392],35,3,5,11,15,4,umap,17,,"['time_encoding', 'timeline_index']","['z_score', None]",True,384,2,True,"(8,)",384,"(128, 128)",0.1,0.001,1,False,focal,2,False,,Conv1d,,concatenation,64,21
0,0.6426186947261586,0.5643470287322998,0.5069175519960668,[0.67519545 0.33863965],0.5830892493196158,[0.55361305 0.61256545],0.5496047358834244,[0.86520947 0.234     ],0.29679628610610964,0.7117437720298767,0.6474496987345302,[0.79800499 0.49689441],0.699343411207818,[0.72072072 0.6779661 ],0.6430058056742249,[0.89385475 0.39215686],35,3,5,11,15,4,umap,17,,"['time_encoding', 'timeline_index']","['z_score', None]",True,384,2,True,"(8,)",384,"(128, 128)",0.1,0.001,12,False,focal,2,False,,Conv1d,,concatenation,64,21
0,0.32338983960011425,0.5681601762771606,0.5565127797360899,[0.62838392 0.48464164],0.5668235340448156,[0.57164179 0.56200528],0.5618160291438979,[0.69763206 0.426     ],0.21670727729797362,0.6619216799736023,0.626982463494725,[0.74114441 0.51282051],0.6305193319606497,[0.72340426 0.53763441],0.6249863073721108,[0.75977654 0.49019608],35,3,5,11,15,4,umap,17,,"['time_encoding', 'timeline_index']","['z_score', None]",True,384,2,True,"(8,)",384,"(128, 128)",0.1,0.001,123,False,focal,2,False,,Conv1d,,concatenation,64,21
0,0.33453823012464184,0.6139180064201355,0.6089700932463366,[0.56498389 0.6529563 ],0.6298480340981342,[0.68848168 0.57121439],0.6205264116575592,[0.47905282 0.762     ],0.22828958332538604,0.5907472968101501,0.5257905935872037,[0.7012987  0.35028249],0.5343365695792881,[0.65533981 0.41333333],0.5290557563807646,[0.75418994 0.30392157],35,3,5,11,15,4,umap,17,,"['time_encoding', 'timeline_index']","['z_score', None]",True,384,2,True,"(8,)",384,"(128, 128)",0.1,0.0001,1,False,focal,2,False,,Conv1d,,concatenation,64,22
0,0.3342452189501594,0.6101048588752747,0.6078239416600166,[0.57791538 0.63773251],0.6195018547959724,[0.66666667 0.57233704],0.6150091074681239,[0.51001821 0.72      ],0.2112395703792572,0.6441280841827393,0.5863754121526142,[0.74093264 0.43181818],0.6021673847760804,[0.69082126 0.51351351],0.5857158505860445,[0.79888268 0.37254902],35,3,5,11,15,4,umap,17,,"['time_encoding', 'timeline_index']","['z_score', None]",True,384,2,True,"(8,)",384,"(128, 128)",0.1,0.0001,12,False,focal,2,False,,Conv1d,,concatenation,64,22
0,0.27304105898913217,0.6034318804740906,0.595707149315901,[0.53982301 0.65159129],0.6239213378252222,[0.68732394 0.56051873],0.6112222222222222,[0.44444444 0.778     ],0.24048322439193726,0.5907472968101501,0.5391800356506239,[0.69333333 0.38502674],0.5433973589435774,[0.66326531 0.42352941],0.5395990798554059,[0.72625698 0.35294118],35,3,5,11,15,4,umap,17,,"['time_encoding', 'timeline_index']","['z_score', None]",True,384,2,True,"(8,)",384,"(128, 128)",0.1,0.0001,123,False,focal,2,False,,Conv1d,,concatenation,64,22
0,0.823284436674679,0.557673990726471,0.557557775935541,[0.5503876  0.56472795],0.5598969192839218,[0.58799172 0.53180212],0.5596520947176684,[0.51730419 0.602     ],0.40496269464492796,0.7829181551933289,0.7593130853588328,[0.83468835 0.68393782],0.7679005205320995,[0.81052632 0.72527473],0.753697009530069,[0.8603352  0.64705882],35,3,5,11,15,4,umap,17,,"['time_encoding', 'timeline_index']","['z_score', None]",True,384,2,True,"(8,)",384,"(128, 128)",0.1,0.0005,1,False,focal,2,False,,Conv1d,,concatenation,64,23
0,1.0311626160846037,0.586272656917572,0.5762917876554241,[0.64132231 0.51126126],0.586020478188312,[0.58698941 0.58505155],0.5803697632058288,[0.70673953 0.454     ],0.4720330059528351,0.7829181551933289,0.7542332783712093,[0.83819629 0.67027027],0.7724838748935134,[0.7979798  0.74698795],0.745262350750356,[0.88268156 0.60784314],35,3,5,11,15,4,umap,17,,"['time_encoding', 'timeline_index']","['z_score', None]",True,384,2,True,"(8,)",384,"(128, 128)",0.1,0.0005,12,False,focal,2,False,,Conv1d,,concatenation,64,23
0,0.39771654325373035,0.6072450280189514,0.5991578556854016,[0.65609349 0.54222222],0.6077734976887519,[0.605547 0.61    ],0.6019234972677596,[0.71584699 0.488     ],0.22739094495773315,0.6975088715553284,0.6327475129541645,[0.78696742 0.47852761],0.6764903129657228,[0.71363636 0.63934426],0.6297239566217548,[0.87709497 0.38235294],35,3,5,11,15,4,umap,17,,"['time_encoding', 'timeline_index']","['z_score', None]",True,384,2,True,"(8,)",384,"(128, 128)",0.1,0.0005,123,False,focal,2,False,,Conv1d,,concatenation,64,23
0,0.40623149451087504,0.5872259140014648,0.561945882763669,[0.45671267 0.66717909],0.637846844669969,[0.73387097 0.54182272],0.5997559198542806,[0.33151184 0.868     ],0.22834699153900145,0.6405693888664246,0.6257039235080777,[0.70029674 0.55111111],0.6254502418441905,[0.74683544 0.50406504],0.633530507174937,[0.65921788 0.60784314],35,3,5,11,15,4,umap,17,,"['time_encoding', 'timeline_index']","['z_score', None]",True,384,2,True,"(8,)",384,"(256, 256)",0.5,0.001,1,False,focal,2,False,,Conv1d,,concatenation,64,24
0,0.48084553550271425,0.5938989520072937,0.5876633202923156,[0.63837012 0.53695652],0.5929347414641533,[0.59777424 0.58809524],0.5894408014571949,[0.6848816 0.494    ],0.34065590500831605,0.6370106935501099,0.6341145833333333,[0.66666667 0.6015625 ],0.6515748031496063,[0.80314961 0.5       ],0.6623671815094753,[0.5698324  0.75490196],35,3,5,11,15,4,umap,17,,"['time_encoding', 'timeline_index']","['z_score', None]",True,384,2,True,"(8,)",384,"(256, 256)",0.5,0.001,12,False,focal,2,False,,Conv1d,,concatenation,64,24
0,0.38545847990933585,0.5643470287322998,0.5465176225976387,[0.63643596 0.45659929],0.5640108023924317,[0.56497175 0.56304985],0.5562987249544626,[0.72859745 0.384     ],0.2246202677488327,0.7615658044815063,0.7061816252321427,[0.8337469  0.57861635],0.7785087719298245,[0.75       0.80701754],0.6947639390951912,[0.93854749 0.45098039],35,3,5,11,15,4,umap,17,,"['time_encoding', 'timeline_index']","['z_score', None]",True,384,2,True,"(8,)",384,"(256, 256)",0.5,0.001,123,False,focal,2,False,,Conv1d,,concatenation,64,24
0,0.32649898003129396,0.602478563785553,0.5934883115796907,[0.53303471 0.65394191],0.6253628566716147,[0.69186047 0.55886525],0.6107577413479053,[0.43351548 0.788     ],0.2267240047454834,0.6120996475219727,0.5677594163220954,[0.70619946 0.42931937],0.5714829119850187,[0.68229167 0.46067416],0.5669021798663599,[0.73184358 0.40196078],35,3,5,11,15,4,umap,17,,"['time_encoding', 'timeline_index']","['z_score', None]",True,384,2,True,"(8,)",384,"(256, 256)",0.5,0.0001,1,False,focal,2,False,,Conv1d,,concatenation,64,25
0,0.27879322627011466,0.6043851375579834,0.5897698542306471,[0.51233843 0.66720128],0.6393742741384967,[0.7218543  0.55689424],0.6145428051001821,[0.39708561 0.832     ],0.2434293359518051,0.6334519386291504,0.6011218147489699,[0.71468144 0.48756219],0.6018703518703519,[0.70879121 0.49494949],0.6005312739620988,[0.72067039 0.48039216],35,3,5,11,15,4,umap,17,,"['time_encoding', 'timeline_index']","['z_score', None]",True,384,2,True,"(8,)",384,"(256, 256)",0.5,0.0001,12,False,focal,2,False,,Conv1d,,concatenation,64,25
0,0.3126197965706096,0.602478563785553,0.5982197720845346,[0.55685441 0.63958513],0.6157666262852173,[0.66836735 0.56316591],0.608615664845173,[0.47723133 0.74      ],0.22827800810337068,0.5871886014938354,0.5201954780970326,[0.69948187 0.34090909],0.5287896592244419,[0.65217391 0.40540541],0.5241537955964509,[0.75418994 0.29411765],35,3,5,11,15,4,umap,17,,"['time_encoding', 'timeline_index']","['z_score', None]",True,384,2,True,"(8,)",384,"(256, 256)",0.5,0.0001,123,False,focal,2,False,,Conv1d,,concatenation,64,25
0,0.36234644581289854,0.5967588424682617,0.5809092497532549,[0.49940828 0.66241022],0.6319833279494633,[0.71283784 0.55112882],0.607167577413479,[0.38433515 0.83      ],0.2297847330570221,0.6370106935501099,0.6075418994413408,[0.7150838 0.5      ],0.6075418994413408,[0.7150838 0.5      ],0.6075418994413408,[0.7150838 0.5      ],35,3,5,11,15,4,umap,17,,"['time_encoding', 'timeline_index']","['z_score', None]",True,384,2,True,"(8,)",384,"(256, 256)",0.5,0.0005,1,False,focal,2,False,,Conv1d,,concatenation,64,26
0,0.4750756568768445,0.5919923782348633,0.5901146654981011,[0.61785714 0.56237219],0.5906341366903839,[0.60595447 0.57531381],0.5901183970856102,[0.63023679 0.55      ],0.1770638108253479,0.8327401876449585,0.809579422408697,[0.87598945 0.7431694 ],0.834753086419753,[0.83       0.83950617],0.7970204841713222,[0.9273743  0.66666667],35,3,5,11,15,4,umap,17,,"['time_encoding', 'timeline_index']","['z_score', None]",True,384,2,True,"(8,)",384,"(256, 256)",0.5,0.0005,12,False,focal,2,False,,Conv1d,,concatenation,64,26
0,0.4768041950814864,0.5776930451393127,0.5761152234095439,[0.60197664 0.55025381],0.576367258901806,[0.59397163 0.55876289],0.5761001821493625,[0.61020036 0.542     ],0.19100838005542756,0.7117437720298767,0.6863190970355977,[0.77562327 0.59701493],0.6876456876456877,[0.76923077 0.60606061],0.68517909957279,[0.78212291 0.58823529],35,3,5,11,15,4,umap,17,,"['time_encoding', 'timeline_index']","['z_score', None]",True,384,2,True,"(8,)",384,"(256, 256)",0.5,0.0005,123,False,focal,2,False,,Conv1d,,concatenation,64,26
0,0.41549427544369416,0.557673990726471,0.5574966362413178,[0.54863813 0.56635514],0.5601527304691791,[0.58872651 0.53157895],0.5598306010928962,[0.5136612 0.606    ],0.27155091166496276,0.6939501762390137,0.6851417552637065,[0.73780488 0.63247863],0.6863432987594061,[0.81208054 0.56060606],0.7007339248548581,[0.67597765 0.7254902 ],35,3,5,11,15,4,umap,17,,"['time_encoding', 'timeline_index']","['z_score', None]",True,384,2,True,"(8,)",384,"(256, 256)",0.1,0.001,1,False,focal,2,False,,Conv1d,,concatenation,64,27
0,0.5821079366347369,0.5805529356002808,0.5691026550655365,[0.63934426 0.49886105],0.5802935679984861,[0.58122206 0.57936508],0.5741912568306011,[0.71038251 0.438     ],0.29341820180416106,0.7330960631370544,0.7082520038207567,[0.79338843 0.62311558],0.7108919766920663,[0.7826087  0.63917526],0.7061562054989594,[0.80446927 0.60784314],35,3,5,11,15,4,umap,17,,"['time_encoding', 'timeline_index']","['z_score', None]",True,384,2,True,"(8,)",384,"(256, 256)",0.1,0.001,12,False,focal,2,False,,Conv1d,,concatenation,64,27
0,0.33363646181190715,0.5910391211509705,0.5812983054537538,[0.64516129 0.51743532],0.5910843655059593,[0.59090909 0.59125964],0.5851912568306011,[0.71038251 0.46      ],0.21866763532161712,0.6832740306854248,0.635208658488557,[0.76762402 0.5027933 ],0.652501909854851,[0.72058824 0.58441558],0.6312027604337824,[0.82122905 0.44117647],35,3,5,11,15,4,umap,17,,"['time_encoding', 'timeline_index']","['z_score', None]",True,384,2,True,"(8,)",384,"(256, 256)",0.1,0.001,123,False,focal,2,False,,Conv1d,,concatenation,64,27
0,0.3512637790511636,0.6120114326477051,0.60720827640773,[0.56377278 0.65064378],0.6274103226817043,[0.68489583 0.56992481],0.6185264116575592,[0.47905282 0.758     ],0.23496746122837067,0.5907472968101501,0.5257905935872037,[0.7012987  0.35028249],0.5343365695792881,[0.65533981 0.41333333],0.5290557563807646,[0.75418994 0.30392157],35,3,5,11,15,4,umap,17,,"['time_encoding', 'timeline_index']","['z_score', None]",True,384,2,True,"(8,)",384,"(256, 256)",0.1,0.0001,1,False,focal,2,False,,Conv1d,,concatenation,64,28
0,0.32864738562527823,0.6081982851028442,0.6067344397772518,[0.58274112 0.63072776],0.6154253408563689,[0.65825688 0.5725938 ],0.6123843351548269,[0.52276867 0.702     ],0.21686648428440095,0.6334519386291504,0.5826953299594849,[0.72823219 0.43715847],0.5919135802469135,[0.69       0.49382716],0.5815532917077445,[0.77094972 0.39215686],35,3,5,11,15,4,umap,17,,"['time_encoding', 'timeline_index']","['z_score', None]",True,384,2,True,"(8,)",384,"(256, 256)",0.1,0.0001,12,False,focal,2,False,,Conv1d,,concatenation,64,28
0,0.3676484051872702,0.6253575086593628,0.6134649733485225,[0.68126521 0.54566474],0.6303052150925259,[0.61403509 0.64657534],0.6185136612021858,[0.76502732 0.472     ],0.22504136562347413,0.7046263217926025,0.5994332331472736,[0.80470588 0.39416058],0.7332752613240419,[0.69512195 0.77142857],0.6100065724613868,[0.95530726 0.26470588],35,3,5,11,15,4,umap,17,,"['time_encoding', 'timeline_index']","['z_score', None]",True,384,2,True,"(8,)",384,"(256, 256)",0.1,0.0001,123,False,focal,2,False,,Conv1d,,concatenation,64,28
0,0.4146927402299993,0.5795996189117432,0.5763409427466969,[0.61349693 0.53918495],0.5778838192678455,[0.59121622 0.56455142],0.5767613843351549,[0.63752277 0.516     ],0.22708820998668672,0.7508896589279175,0.7048319327731092,[0.82142857 0.58823529],0.7455813311239989,[0.75586854 0.73529412],0.6948187096067477,[0.89944134 0.49019608],35,3,5,11,15,4,umap,17,,"['time_encoding', 'timeline_index']","['z_score', None]",True,384,2,True,"(8,)",384,"(256, 256)",0.1,0.0005,1,False,focal,2,False,,Conv1d,,concatenation,64,29
0,0.8397925811655381,0.5815061926841736,0.5349205243103001,[0.68211441 0.38772664],0.6033293823112371,[0.56610577 0.640553  ],0.5679617486338797,[0.8579235 0.278    ],0.3917567074298859,0.7437722086906433,0.6963985594237695,[0.81632653 0.57647059],0.7358809721071526,[0.75117371 0.72058824],0.6871234527330485,[0.89385475 0.48039216],35,3,5,11,15,4,umap,17,,"['time_encoding', 'timeline_index']","['z_score', None]",True,384,2,True,"(8,)",384,"(256, 256)",0.1,0.0005,12,False,focal,2,False,,Conv1d,,concatenation,64,29
0,0.524524492375991,0.599618673324585,0.5988133222605884,[0.61678832 0.58083832],0.5987985899182066,[0.6179159  0.57968127],0.5988324225865209,[0.61566485 0.582     ],0.2602826923131943,0.6654804348945618,0.6465692571183901,[0.7283237  0.56481481],0.6447893686311588,[0.75449102 0.53508772],0.6509749151057072,[0.70391061 0.59803922],35,3,5,11,15,4,umap,17,,"['time_encoding', 'timeline_index']","['z_score', None]",True,384,2,True,"(8,)",384,"(256, 256)",0.1,0.0005,123,False,focal,2,False,,Conv1d,,concatenation,64,29
0,0.44129136380027323,0.586272656917572,0.5632185893007906,[0.46287129 0.66356589],0.631889936953228,[0.72200772 0.54177215],0.5983096539162113,[0.34061931 0.856     ],0.23346418738365174,0.6441280841827393,0.6240098479982873,[0.71098266 0.53703704],0.6226494379661729,[0.73652695 0.50877193],0.6278891444846095,[0.68715084 0.56862745],35,3,5,11,15,4,umap,17,,"['time_encoding', 'timeline_index']","['z_score', None]",True,384,2,True,"(8,)",384,"(512, 512)",0.5,0.001,1,False,focal,2,False,,Conv1d,,concatenation,64,30
0,0.3528723804389729,0.6091516017913818,0.6054944046963859,[0.56751055 0.64347826],0.6217081164449585,[0.67418546 0.56923077],0.6149908925318761,[0.48998179 0.74      ],0.21556221544742585,0.6192170977592468,0.5712370766488414,[0.71466667 0.42780749],0.5771308523409364,[0.68367347 0.47058824],0.5703801073502026,[0.74860335 0.39215686],35,3,5,11,15,4,umap,17,,"['time_encoding', 'timeline_index']","['z_score', None]",True,384,2,True,"(8,)",384,"(512, 512)",0.5,0.001,12,False,focal,2,False,,Conv1d,,concatenation,64,30
0,0.3420303060727961,0.6072450280189514,0.6027975884126168,[0.56076759 0.64482759],0.6213796058269065,[0.67609254 0.56666667],0.6135264116575592,[0.47905282 0.748     ],0.22394597232341767,0.6120996475219727,0.563222816399287,[0.70933333 0.4171123 ],0.5686974789915966,[0.67857143 0.45882353],0.5626848504765034,[0.74301676 0.38235294],35,3,5,11,15,4,umap,17,,"['time_encoding', 'timeline_index']","['z_score', None]",True,384,2,True,"(8,)",384,"(512, 512)",0.5,0.001,123,False,focal,2,False,,Conv1d,,concatenation,64,30
0,0.3670528671320747,0.6034318804740906,0.5963443963443964,[0.54285714 0.64983165],0.6226285189718482,[0.68421053 0.56104651],0.6109544626593807,[0.44990893 0.772     ],0.23307254314422607,0.6014235019683838,0.5475040257648953,[0.7037037  0.39130435],0.553683049393308,[0.66834171 0.43902439],0.5479789681235623,[0.74301676 0.35294118],35,3,5,11,15,4,umap,17,,"['time_encoding', 'timeline_index']","['z_score', None]",True,384,2,True,"(8,)",384,"(512, 512)",0.5,0.0001,1,False,focal,2,False,,Conv1d,,concatenation,64,31
0,0.34907110999612245,0.6005719900131226,0.6004267268847938,[0.6080449  0.59280855],0.6007797731568998,[0.625      0.57655955],0.6009927140255009,[0.59198543 0.61      ],0.20811332762241364,0.690391480922699,0.59568345323741,[0.79136691 0.4       ],0.6838479577877663,[0.69327731 0.6744186 ],0.6030507174937014,[0.92178771 0.28431373],35,3,5,11,15,4,umap,17,,"['time_encoding', 'timeline_index']","['z_score', None]",True,384,2,True,"(8,)",384,"(512, 512)",0.5,0.0001,12,False,focal,2,False,,Conv1d,,concatenation,64,31
0,0.30715155163232016,0.6072450280189514,0.6015877932402633,[0.55411255 0.64906303],0.6239742828882295,[0.68266667 0.5652819 ],0.6141511839708561,[0.46630237 0.762     ],0.22217848002910615,0.5943060517311096,0.5341186736474695,[0.70157068 0.36666667],0.5415877226222053,[0.66009852 0.42307692],0.5360663818600065,[0.74860335 0.32352941],35,3,5,11,15,4,umap,17,,"['time_encoding', 'timeline_index']","['z_score', None]",True,384,2,True,"(8,)",384,"(512, 512)",0.5,0.0001,123,False,focal,2,False,,Conv1d,,concatenation,64,31
0,0.45783401061506834,0.5881792306900024,0.5635901386748845,[0.46       0.66718028],0.6378371226871962,[0.73306773 0.54260652],0.6005774134790528,[0.33515483 0.866     ],0.23757661283016204,0.6476868391036987,0.6331157270029673,[0.70623145 0.56      ],0.6326798394566224,[0.75316456 0.51219512],0.6412257640486363,[0.66480447 0.61764706],35,3,5,11,15,4,umap,17,,"['time_encoding', 'timeline_index']","['z_score', None]",True,384,2,True,"(8,)",384,"(512, 512)",0.5,0.0005,1,False,focal,2,False,,Conv1d,,concatenation,64,32
0,0.6011830252759597,0.5767397880554199,0.5514676425269646,[0.65793529 0.445     ],0.5817133956386293,[0.57009346 0.59333333],0.5668888888888889,[0.77777778 0.356     ],0.25112505853176115,0.7829181551933289,0.73644233282593,[0.84711779 0.62576687],0.8021236959761551,[0.76818182 0.83606557],0.7220670391061452,[0.94413408 0.5       ],35,3,5,11,15,4,umap,17,,"['time_encoding', 'timeline_index']","['z_score', None]",True,384,2,True,"(8,)",384,"(512, 512)",0.5,0.0005,12,False,focal,2,False,,Conv1d,,concatenation,64,32
0,0.3877987651263966,0.5948522686958313,0.5836590192348459,[0.65192465 0.51539339],0.5958657003915624,[0.5922619 0.5994695],0.5884772313296903,[0.72495446 0.452     ],0.2464981347322464,0.6832740306854248,0.6505414658003215,[0.75749319 0.54358974],0.6546270876229696,[0.7393617  0.56989247],0.6480720779932085,[0.77653631 0.51960784],35,3,5,11,15,4,umap,17,,"['time_encoding', 'timeline_index']","['z_score', None]",True,384,2,True,"(8,)",384,"(512, 512)",0.5,0.0005,123,False,focal,2,False,,Conv1d,,concatenation,64,32
0,0.2913773839964586,0.5958055257797241,0.5899835542084264,[0.63884157 0.54112554],0.594811320754717,[0.6        0.58962264],0.5915300546448088,[0.68306011 0.5       ],0.20101723968982696,0.6868327260017395,0.6183950617283951,[0.78       0.45679012],0.6612745098039217,[0.70588235 0.61666667],0.6171267389637419,[0.87150838 0.3627451 ],35,3,5,11,15,4,umap,17,,"['time_encoding', 'timeline_index']","['z_score', None]",True,384,2,True,"(8,)",384,"(512, 512)",0.1,0.001,1,False,focal,2,False,,Conv1d,,concatenation,64,33
0,0.39743007456555085,0.5977120995521545,0.5967589724904354,[0.61636364 0.57715431],0.5967791310432291,[0.61524501 0.57831325],0.5967431693989071,[0.61748634 0.576     ],0.18242793381214142,0.8007117509841919,0.774994280485015,[0.85106383 0.69892473],0.7929961324631376,[0.81218274 0.77380952],0.7655548252820681,[0.89385475 0.6372549 ],35,3,5,11,15,4,umap,17,,"['time_encoding', 'timeline_index']","['z_score', None]",True,384,2,True,"(8,)",384,"(512, 512)",0.1,0.001,12,False,focal,2,False,,Conv1d,,concatenation,64,33
0,0.5293848163941327,0.6301239132881165,0.6301074565230036,[0.63257576 0.62763916],0.6310490767629571,[0.65877712 0.60332103],0.6311894353369764,[0.60837887 0.654     ],0.3584650278091431,0.6476868391036987,0.6243772025762547,[0.71794872 0.53080569],0.623159803712396,[0.73255814 0.51376147],0.6264651111841385,[0.70391061 0.54901961],35,3,5,11,15,4,umap,17,,"['time_encoding', 'timeline_index']","['z_score', None]",True,384,2,True,"(8,)",384,"(512, 512)",0.1,0.001,123,False,focal,2,False,,Conv1d,,concatenation,64,33
0,0.45762354836744423,0.602478563785553,0.5901410786515591,[0.51903114 0.66125102],0.6321593578194771,[0.70754717 0.55677155],0.6119180327868852,[0.40983607 0.814     ],0.2496946632862091,0.6227757930755615,0.584783093565295,[0.71038251 0.45918367],0.5869552850153601,[0.69518717 0.4787234 ],0.5837167269142294,[0.72625698 0.44117647],35,3,5,11,15,4,umap,17,,"['time_encoding', 'timeline_index']","['z_score', None]",True,384,2,True,"(8,)",384,"(512, 512)",0.1,0.0001,1,False,focal,2,False,,Conv1d,,concatenation,64,34
0,0.407451191369225,0.6062917113304138,0.5997607268729589,[0.65088757 0.54863388],0.6060373988065828,[0.60725552 0.60481928],0.6016375227686703,[0.70127505 0.502     ],0.2375650703907013,0.6583629846572876,0.6121463077984817,[0.74603175 0.47826087],0.6225640397107488,[0.70854271 0.53658537],0.6095410231131559,[0.7877095  0.43137255],35,3,5,11,15,4,umap,17,,"['time_encoding', 'timeline_index']","['z_score', None]",True,384,2,True,"(8,)",384,"(512, 512)",0.1,0.0001,12,False,focal,2,False,,Conv1d,,concatenation,64,34
0,0.41624155289986553,0.621544361114502,0.6072683824326834,[0.68214572 0.53239105],0.6280679492427343,[0.60857143 0.64756447],0.6139781420765027,[0.77595628 0.452     ],0.23913916051387787,0.6939501762390137,0.6055947251599425,[0.79227053 0.41891892],0.6858926919518964,[0.69787234 0.67391304],0.6100613429729433,[0.91620112 0.30392157],35,3,5,11,15,4,umap,17,,"['time_encoding', 'timeline_index']","['z_score', None]",True,384,2,True,"(8,)",384,"(512, 512)",0.1,0.0001,123,False,focal,2,False,,Conv1d,,concatenation,64,34
0,0.4233225741807152,0.58913254737854,0.5702294959795665,[0.4800965  0.66036249],0.6277888723759986,[0.71071429 0.54486346],0.6002386156648452,[0.36247723 0.838     ],0.23409105837345123,0.6405693888664246,0.6137851262162346,[0.71549296 0.51207729],0.613176406926407,[0.72159091 0.5047619 ],0.6145525249205828,[0.70949721 0.51960784],35,3,5,11,15,4,umap,17,,"['time_encoding', 'timeline_index']","['z_score', None]",True,384,2,True,"(8,)",384,"(512, 512)",0.1,0.0005,1,False,focal,2,False,,Conv1d,,concatenation,64,35
0,0.460522777893964,0.6005719900131226,0.5903126733125474,[0.65514403 0.52548131],0.6016708614619841,[0.5975976  0.60574413],0.5944772313296903,[0.72495446 0.464     ],0.22985695153474808,0.7010676264762878,0.6587044534412956,[0.77894737 0.53846154],0.6744092039800995,[0.73631841 0.6125    ],0.6536038996604229,[0.82681564 0.48039216],35,3,5,11,15,4,umap,17,,"['time_encoding', 'timeline_index']","['z_score', None]",True,384,2,True,"(8,)",384,"(512, 512)",0.1,0.0005,12,False,focal,2,False,,Conv1d,,concatenation,64,35
0,0.5453582826782676,0.522402286529541,0.462574432381192,[0.64188706 0.2832618 ],0.5128613656517883,[0.52823529 0.49748744],0.5079253187613844,[0.81785064 0.198     ],0.25050185024738314,0.6868327260017395,0.6360103626943006,[0.77202073 0.5       ],0.6572006789398094,[0.71980676 0.59459459],0.6318873918282397,[0.83240223 0.43137255],35,3,5,11,15,4,umap,17,,"['time_encoding', 'timeline_index']","['z_score', None]",True,384,2,True,"(8,)",384,"(512, 512)",0.1,0.0005,123,False,focal,2,False,,Conv1d,,concatenation,64,35
0,0.4108666234156665,0.5900858044624329,0.5809364014062001,[0.51901566 0.64285714],0.6110898386034256,[0.67246377 0.54971591],0.5982932604735883,[0.42258652 0.774     ],0.1941128134727478,0.7971529960632324,0.7828998197270152,[0.83852691 0.72727273],0.7804275432377269,[0.85057471 0.71028037],0.7859568408368934,[0.82681564 0.74509804],35,3,5,11,15,4,umap,17,,"['time_encoding', 'timeline_index']","['z_score', None]",True,384,2,True,"(10,)",384,"(128, 128)",0.5,0.001,1,False,focal,2,False,,Conv1d,,concatenation,64,36
0,0.3720645141952178,0.599618673324585,0.599557184302947,[0.59459459 0.60451977],0.6018089545258574,[0.63244353 0.57117438],0.6015100182149362,[0.56102004 0.642     ],0.2250662326812744,0.6619216799736023,0.6287462624295946,[0.73972603 0.5177665 ],0.6313242784380306,[0.72580645 0.53684211],0.6270949720670391,[0.75418994 0.5       ],35,3,5,11,15,4,umap,17,,"['time_encoding', 'timeline_index']","['z_score', None]",True,384,2,True,"(10,)",384,"(128, 128)",0.5,0.001,12,False,focal,2,False,,Conv1d,,concatenation,64,36
0,0.3094807819408529,0.6005719900131226,0.591058251713573,[0.65343259 0.52868391],0.6012989795123471,[0.59848485 0.60411311],0.5947449908925319,[0.71948998 0.47      ],0.20799471139907838,0.7224199175834656,0.6482991014120667,[0.8097561  0.48684211],0.7293073593073593,[0.71861472 0.74      ],0.6450596998575967,[0.9273743 0.3627451],35,3,5,11,15,4,umap,17,,"['time_encoding', 'timeline_index']","['z_score', None]",True,384,2,True,"(10,)",384,"(128, 128)",0.5,0.001,123,False,focal,2,False,,Conv1d,,concatenation,64,36
0,0.2896195623804541,0.6015252470970154,0.5944037444037444,[0.54065934 0.64814815],0.6205167332345551,[0.68144044 0.55959302],0.6090437158469946,[0.44808743 0.77      ],0.23822623789310454,0.5907472968101501,0.5314018068183466,[0.69816273 0.36464088],0.5380686802857502,[0.65841584 0.41772152],0.5332730857706212,[0.74301676 0.32352941],35,3,5,11,15,4,umap,17,,"['time_encoding', 'timeline_index']","['z_score', None]",True,384,2,True,"(10,)",384,"(128, 128)",0.5,0.0001,1,False,focal,2,False,,Conv1d,,concatenation,64,37
0,0.26234815839458914,0.5824595093727112,0.5455370919881306,[0.416      0.67507418],0.6563380033793298,[0.7761194 0.5365566],0.5970765027322404,[0.28415301 0.91      ],0.24285772144794465,0.6441280841827393,0.6391514279843846,[0.68152866 0.59677419],0.6497209538305428,[0.79259259 0.50684932],0.6616277796034615,[0.59776536 0.7254902 ],35,3,5,11,15,4,umap,17,,"['time_encoding', 'timeline_index']","['z_score', None]",True,384,2,True,"(10,)",384,"(128, 128)",0.5,0.0001,12,False,focal,2,False,,Conv1d,,concatenation,64,37
0,0.2710670942769331,0.5900858044624329,0.5579097374136539,[0.4386423  0.67717718],0.6581304280397022,[0.77419355 0.54206731],0.6040054644808743,[0.30601093 0.902     ],0.24268748462200165,0.6298932433128357,0.6192411924119241,[0.68292683 0.55555556],0.6220510473866179,[0.75167785 0.49242424],0.6314766129915653,[0.62569832 0.6372549 ],35,3,5,11,15,4,umap,17,,"['time_encoding', 'timeline_index']","['z_score', None]",True,384,2,True,"(10,)",384,"(128, 128)",0.5,0.0001,123,False,focal,2,False,,Conv1d,,concatenation,64,37
0,0.32616783766185536,0.6043851375579834,0.5991394114738384,[0.5532831  0.64499572],0.619921721343718,[0.67631579 0.56352765],0.6110619307832422,[0.46812386 0.754     ],0.19849344789981843,0.7473309636116028,0.7295769684318962,[0.79886686 0.66028708],0.7276023203351595,[0.81034483 0.64485981],0.7320900427209991,[0.7877095  0.67647059],35,3,5,11,15,4,umap,17,,"['time_encoding', 'timeline_index']","['z_score', None]",True,384,2,True,"(10,)",384,"(128, 128)",0.5,0.0005,1,False,focal,2,False,,Conv1d,,concatenation,64,38
0,0.3134829629870022,0.6253575086593628,0.6230541558430871,[0.59358842 0.65251989],0.6356944623480615,[0.68660287 0.58478605],0.630384335154827,[0.52276867 0.738     ],0.20571888387203216,0.6832740306854248,0.6488338458514118,[0.75880759 0.5388601 ],0.6541353383458646,[0.73684211 0.57142857],0.6459634132982801,[0.78212291 0.50980392],35,3,5,11,15,4,umap,17,,"['time_encoding', 'timeline_index']","['z_score', None]",True,384,2,True,"(10,)",384,"(128, 128)",0.5,0.0005,12,False,focal,2,False,,Conv1d,,concatenation,64,38
0,0.5320845737176783,0.5643470287322998,0.5629170651740836,[0.58791704 0.53791709],0.5630550686532282,[0.58214286 0.54396728],0.5629034608378871,[0.59380692 0.532     ],0.23035871386528015,0.7330960631370544,0.671098834215085,[0.81389578 0.52830189],0.7344924812030075,[0.73214286 0.73684211],0.6639829116003944,[0.91620112 0.41176471],35,3,5,11,15,4,umap,17,,"['time_encoding', 'timeline_index']","['z_score', None]",True,384,2,True,"(10,)",384,"(128, 128)",0.5,0.0005,123,False,focal,2,False,,Conv1d,,concatenation,64,38
0,0.38082217994858236,0.5929456949234009,0.5803123275400857,[0.50749712 0.65312754],0.6208777499591324,[0.6918239 0.5499316],0.6023642987249545,[0.4007286 0.804    ],0.23078417778015137,0.6227757930755615,0.5921513856939424,[0.70391061 0.48039216],0.5921513856939424,[0.70391061 0.48039216],0.5921513856939424,[0.70391061 0.48039216],35,3,5,11,15,4,umap,17,,"['time_encoding', 'timeline_index']","['z_score', None]",True,384,2,True,"(10,)",384,"(128, 128)",0.1,0.001,1,False,focal,2,False,,Conv1d,,concatenation,64,39
0,0.4942541911321528,0.5719733238220215,0.5719593044126268,[0.57440758 0.56951103],0.5728877776079313,[0.59881423 0.54696133],0.5729562841530054,[0.55191257 0.594     ],0.317052948474884,0.6654804348945618,0.6623632273238572,[0.69480519 0.62992126],0.6778865769073847,[0.82945736 0.52631579],0.6910395443093438,[0.59776536 0.78431373],35,3,5,11,15,4,umap,17,,"['time_encoding', 'timeline_index']","['z_score', None]",True,384,2,True,"(10,)",384,"(128, 128)",0.1,0.001,12,False,focal,2,False,,Conv1d,,concatenation,64,39
0,0.35000784958110137,0.5567206740379333,0.556662670630589,[0.55159113 0.56173421],0.5586299348353351,[0.58606557 0.5311943 ],0.5584735883424408,[0.52094718 0.596     ],0.20016356110572814,0.7402135133743286,0.6845949228900472,[0.81704261 0.55214724],0.7393070044709389,[0.74090909 0.73770492],0.67589549786395,[0.91061453 0.44117647],35,3,5,11,15,4,umap,17,,"['time_encoding', 'timeline_index']","['z_score', None]",True,384,2,True,"(10,)",384,"(128, 128)",0.1,0.001,123,False,focal,2,False,,Conv1d,,concatenation,64,39
0,0.3336285685791689,0.6139180064201355,0.6097817930317422,[0.5696068  0.64995678],0.6279858975553692,[0.68367347 0.57229833],0.62008014571949,[0.48816029 0.752     ],0.2273312419652939,0.5871886014938354,0.5201954780970326,[0.69948187 0.34090909],0.5287896592244419,[0.65217391 0.40540541],0.5241537955964509,[0.75418994 0.29411765],35,3,5,11,15,4,umap,17,,"['time_encoding', 'timeline_index']","['z_score', None]",True,384,2,True,"(10,)",384,"(128, 128)",0.1,0.0001,1,False,focal,2,False,,Conv1d,,concatenation,64,40
0,0.27132957472520713,0.6005719900131226,0.5890025013441804,[0.52004582 0.65795918],0.6282396764580673,[0.70061728 0.55586207],0.6097395264116576,[0.41347905 0.806     ],0.23942154049873351,0.6085408926010132,0.5670383236216943,[0.70108696 0.43298969],0.5695307108350587,[0.68253968 0.45652174],0.5662175484719028,[0.72067039 0.41176471],35,3,5,11,15,4,umap,17,,"['time_encoding', 'timeline_index']","['z_score', None]",True,384,2,True,"(10,)",384,"(128, 128)",0.1,0.0001,12,False,focal,2,False,,Conv1d,,concatenation,64,40
0,0.2926715875373167,0.5967588424682617,0.5898650990613779,[0.53669222 0.64303797],0.6146406513194835,[0.67307692 0.55620438],0.6041329690346084,[0.44626594 0.762     ],0.24321819841861725,0.5907472968101501,0.5286404014177983,[0.6997389 0.3575419],0.5362235803412274,[0.65686275 0.41558442],0.5311644210756928,[0.74860335 0.31372549],35,3,5,11,15,4,umap,17,,"['time_encoding', 'timeline_index']","['z_score', None]",True,384,2,True,"(10,)",384,"(128, 128)",0.1,0.0001,123,False,focal,2,False,,Conv1d,,concatenation,64,40
0,0.38726092436734366,0.5948522686958313,0.5825612522834716,[0.51093211 0.6541904 ],0.6225951646090535,[0.69375    0.55144033],0.6041857923497268,[0.40437158 0.804     ],0.23606553971767424,0.6263344883918762,0.5915528053490594,[0.7107438  0.47236181],0.5928115194979829,[0.70108696 0.48453608],0.5907273523934713,[0.72067039 0.46078431],35,3,5,11,15,4,umap,17,,"['time_encoding', 'timeline_index']","['z_score', None]",True,384,2,True,"(10,)",384,"(128, 128)",0.1,0.0005,1,False,focal,2,False,,Conv1d,,concatenation,64,41
0,0.3263001634794123,0.6406100988388062,0.6397917480720029,[0.62262262 0.65696087],0.6468911148209979,[0.69111111 0.60267112],0.6442422586520947,[0.56648452 0.722     ],0.2734561383724213,0.6192170977592468,0.6135595398753293,[0.66031746 0.56680162],0.6237322515212982,[0.76470588 0.48275862],0.6336400481980502,[0.58100559 0.68627451],35,3,5,11,15,4,umap,17,,"['time_encoding', 'timeline_index']","['z_score', None]",True,384,2,True,"(10,)",384,"(128, 128)",0.1,0.0005,12,False,focal,2,False,,Conv1d,,concatenation,64,41
0,0.3666234857895795,0.6005719900131226,0.6004267268847938,[0.6080449  0.59280855],0.6007797731568998,[0.625      0.57655955],0.6009927140255009,[0.59198543 0.61      ],0.22369862496852874,0.6975088715553284,0.6379140453270674,[0.78481013 0.49101796],0.6741809116809117,[0.71759259 0.63076923],0.6339412860116114,[0.86592179 0.40196078],35,3,5,11,15,4,umap,17,,"['time_encoding', 'timeline_index']","['z_score', None]",True,384,2,True,"(10,)",384,"(128, 128)",0.1,0.0005,123,False,focal,2,False,,Conv1d,,concatenation,64,41
0,0.4231199516969569,0.5872259140014648,0.5606493093205215,[0.45259166 0.66870696],0.6405905967413233,[0.73966942 0.54151177],0.6000236794171221,[0.32604736 0.874     ],0.22678832411766053,0.6548042893409729,0.6415674929318167,[0.71044776 0.57268722],0.6414102564102564,[0.76282051 0.52      ],0.6510296856172637,[0.66480447 0.6372549 ],35,3,5,11,15,4,umap,17,,"['time_encoding', 'timeline_index']","['z_score', None]",True,384,2,True,"(10,)",384,"(256, 256)",0.5,0.001,1,False,focal,2,False,,Conv1d,,concatenation,64,42
0,0.2633630256442463,0.6101048588752747,0.6100821839127467,[0.61305582 0.60710855],0.6109493938026693,[0.63779528 0.58410351],0.6110819672131147,[0.59016393 0.632     ],0.2142617642879486,0.6619216799736023,0.6033255568598898,[0.75578406 0.45086705],0.6246478873239436,[0.7        0.54929577],0.6017909957279001,[0.82122905 0.38235294],35,3,5,11,15,4,umap,17,,"['time_encoding', 'timeline_index']","['z_score', None]",True,384,2,True,"(10,)",384,"(256, 256)",0.5,0.001,12,False,focal,2,False,,Conv1d,,concatenation,64,42
0,0.4345550537109375,0.5433746576309204,0.5433597033711541,[0.54074784 0.54597156],0.5448845606740343,[0.5708502  0.51891892],0.5448306010928962,[0.5136612 0.576    ],0.23496696054935456,0.7046263217926025,0.6674081996434938,[0.77866667 0.55614973],0.6783313325330133,[0.74489796 0.61176471],0.6627231898345931,[0.81564246 0.50980392],35,3,5,11,15,4,umap,17,,"['time_encoding', 'timeline_index']","['z_score', None]",True,384,2,True,"(10,)",384,"(256, 256)",0.5,0.001,123,False,focal,2,False,,Conv1d,,concatenation,64,42
0,0.35687722703989816,0.599618673324585,0.5902038842175759,[0.52808989 0.65231788],0.6228233676292725,[0.68914956 0.55649718],0.6080255009107468,[0.428051 0.788   ],0.2284470647573471,0.6085408926010132,0.5648930180180181,[0.7027027  0.42708333],0.5680919139034323,[0.68062827 0.45555556],0.5641088837769745,[0.72625698 0.40196078],35,3,5,11,15,4,umap,17,,"['time_encoding', 'timeline_index']","['z_score', None]",True,384,2,True,"(10,)",384,"(256, 256)",0.5,0.0001,1,False,focal,2,False,,Conv1d,,concatenation,64,43
0,0.28785543669672575,0.5967588424682617,0.5873984250123438,[0.52525253 0.64954432],0.6193329859301719,[0.68421053 0.55445545],0.6051147540983607,[0.42622951 0.784     ],0.240563827753067,0.6085408926010132,0.5648930180180181,[0.7027027  0.42708333],0.5680919139034323,[0.68062827 0.45555556],0.5641088837769745,[0.72625698 0.40196078],35,3,5,11,15,4,umap,17,,"['time_encoding', 'timeline_index']","['z_score', None]",True,384,2,True,"(10,)",384,"(256, 256)",0.5,0.0001,12,False,focal,2,False,,Conv1d,,concatenation,64,43
0,0.28646442732390237,0.602478563785553,0.5845355155445507,[0.49819495 0.67087609],0.6440747316153014,[0.73404255 0.55410691],0.6135245901639343,[0.37704918 0.85      ],0.2431176483631134,0.6263344883918762,0.5933766072683673,[0.70914127 0.47761194],0.5940725940725942,[0.7032967  0.48484848],0.5928360170883996,[0.7150838  0.47058824],35,3,5,11,15,4,umap,17,,"['time_encoding', 'timeline_index']","['z_score', None]",True,384,2,True,"(10,)",384,"(256, 256)",0.5,0.0001,123,False,focal,2,False,,Conv1d,,concatenation,64,43
0,0.37329598209437204,0.5929456949234009,0.5727625553572672,[0.47990256 0.66562255],0.6356201264289499,[0.72426471 0.54697555],0.6044171220400728,[0.35883424 0.85      ],0.22866522073745726,0.6512455344200134,0.6315296510383215,[0.71676301 0.5462963 ],0.6300294148545016,[0.74251497 0.51754386],0.6355844013583087,[0.69273743 0.57843137],35,3,5,11,15,4,umap,17,,"['time_encoding', 'timeline_index']","['z_score', None]",True,384,2,True,"(10,)",384,"(256, 256)",0.5,0.0005,1,False,focal,2,False,,Conv1d,,concatenation,64,44
0,0.383570794673527,0.6148713231086731,0.6134771695827923,[0.59026369 0.63669065],0.6221676313546014,[0.66590389 0.57843137],0.6190273224043716,[0.53005464 0.708     ],0.2564276397228241,0.6334519386291504,0.6224350026742502,[0.68693009 0.55793991],0.6247582697201017,[0.75333333 0.49618321],0.6342699090809507,[0.63128492 0.6372549 ],35,3,5,11,15,4,umap,17,,"['time_encoding', 'timeline_index']","['z_score', None]",True,384,2,True,"(10,)",384,"(256, 256)",0.5,0.0005,12,False,focal,2,False,,Conv1d,,concatenation,64,44
0,0.37635814091738534,0.6101048588752747,0.5911266766730994,[0.50303767 0.67921569],0.6570920649870498,[0.75547445 0.55870968],0.6215245901639344,[0.37704918 0.866     ],0.21394014358520508,0.7935943007469177,0.7682045738991921,[0.84491979 0.69148936],0.7830351818723912,[0.81025641 0.75581395],0.7599682331032971,[0.88268156 0.6372549 ],35,3,5,11,15,4,umap,17,,"['time_encoding', 'timeline_index']","['z_score', None]",True,384,2,True,"(10,)",384,"(256, 256)",0.5,0.0005,123,False,focal,2,False,,Conv1d,,concatenation,64,44
0,0.42852312501739054,0.583412766456604,0.5638801389379108,[0.47158404 0.65617624],0.621147440024634,[0.70143885 0.54085603],0.5945956284153006,[0.35519126 0.834     ],0.23471506536006928,0.6370106935501099,0.6137196765498651,[0.70857143 0.51886792],0.6125730994152047,[0.7251462 0.5      ],0.6159765582210538,[0.69273743 0.53921569],35,3,5,11,15,4,umap,17,,"['time_encoding', 'timeline_index']","['z_score', None]",True,384,2,True,"(10,)",384,"(256, 256)",0.1,0.001,1,False,focal,2,False,,Conv1d,,concatenation,64,45
0,0.3580869594041039,0.6034318804740906,0.602086296823139,[0.62522523 0.57894737],0.6023019490955845,[0.61853832 0.58606557],0.6020291438979963,[0.63205829 0.572     ],0.22971752285957336,0.6512455344200134,0.6274621212121212,[0.72159091 0.53333333],0.6263112823806465,[0.73410405 0.51851852],0.6292584072735239,[0.70949721 0.54901961],35,3,5,11,15,4,umap,17,,"['time_encoding', 'timeline_index']","['z_score', None]",True,384,2,True,"(10,)",384,"(256, 256)",0.1,0.001,12,False,focal,2,False,,Conv1d,,concatenation,64,45
0,0.6147114897475523,0.5681601762771606,0.5511865015088049,[0.63846768 0.46390533],0.5681488801054019,[0.56818182 0.56811594],0.5602987249544626,[0.72859745 0.392     ],0.2942394405603409,0.7330960631370544,0.7010511085578109,[0.79892761 0.6031746 ],0.7116068254532528,[0.76804124 0.65517241],0.6956128820243181,[0.83240223 0.55882353],35,3,5,11,15,4,umap,17,,"['time_encoding', 'timeline_index']","['z_score', None]",True,384,2,True,"(10,)",384,"(256, 256)",0.1,0.001,123,False,focal,2,False,,Conv1d,,concatenation,64,45
0,0.3525193955968408,0.6062917113304138,0.6012460457055234,[0.55639098 0.64610111],0.6216139312542681,[0.67801047 0.56521739],0.6128834244080146,[0.47176685 0.754     ],0.23500202000141143,0.5871886014938354,0.5201954780970326,[0.69948187 0.34090909],0.5287896592244419,[0.65217391 0.40540541],0.5241537955964509,[0.75418994 0.29411765],35,3,5,11,15,4,umap,17,,"['time_encoding', 'timeline_index']","['z_score', None]",True,384,2,True,"(10,)",384,"(256, 256)",0.1,0.0001,1,False,focal,2,False,,Conv1d,,concatenation,64,46
0,0.33876795102568236,0.6091516017913818,0.6038811523725316,[0.55818966 0.64957265],0.6252707439058007,[0.68337731 0.56716418],0.6158834244080146,[0.47176685 0.76      ],0.22455796003341674,0.6014235019683838,0.5422920302501455,[0.70680628 0.37777778],0.5504610332196539,[0.66502463 0.43589744],0.5437616387337058,[0.75418994 0.33333333],35,3,5,11,15,4,umap,17,,"['time_encoding', 'timeline_index']","['z_score', None]",True,384,2,True,"(10,)",384,"(256, 256)",0.1,0.0001,12,False,focal,2,False,,Conv1d,,concatenation,64,46
0,0.3179140371434829,0.6120114326477051,0.6063318042460986,[0.55904659 0.65361702],0.6293642305407011,[0.68983957 0.56888889],0.6189726775956285,[0.46994536 0.768     ],0.22507144808769225,0.6014235019683838,0.5422920302501455,[0.70680628 0.37777778],0.5504610332196539,[0.66502463 0.43589744],0.5437616387337058,[0.75418994 0.33333333],35,3,5,11,15,4,umap,17,,"['time_encoding', 'timeline_index']","['z_score', None]",True,384,2,True,"(10,)",384,"(256, 256)",0.1,0.0001,123,False,focal,2,False,,Conv1d,,concatenation,64,46
0,0.38956648111343384,0.6043851375579834,0.6043146504515068,[0.60959548 0.59903382],0.6048947234444888,[0.63035019 0.57943925],0.6050819672131147,[0.59016393 0.62      ],0.22001968026161195,0.790035605430603,0.7648268720654778,[0.84182306 0.68783069],0.7782023936485365,[0.80927835 0.74712644],0.7571749370139117,[0.87709497 0.6372549 ],35,3,5,11,15,4,umap,17,,"['time_encoding', 'timeline_index']","['z_score', None]",True,384,2,True,"(10,)",384,"(256, 256)",0.1,0.0005,1,False,focal,2,False,,Conv1d,,concatenation,64,47
0,0.403783405528349,0.6253575086593628,0.6242867493267351,[0.60422961 0.64434389],0.6320527138708957,[0.67567568 0.58842975],0.629224043715847,[0.54644809 0.712     ],0.2872252225875854,0.6619216799736023,0.6336978745008714,[0.73537604 0.5320197 ],0.633993399339934,[0.73333333 0.53465347],0.6334209661518239,[0.73743017 0.52941176],35,3,5,11,15,4,umap,17,,"['time_encoding', 'timeline_index']","['z_score', None]",True,384,2,True,"(10,)",384,"(256, 256)",0.1,0.0005,12,False,focal,2,False,,Conv1d,,concatenation,64,47
0,0.5253679787411409,0.5557674169540405,0.5455885743182443,[0.61359867 0.47757848],0.5532666262852173,[0.56316591 0.54336735],0.5499763205828779,[0.67395264 0.426     ],0.30014544129371645,0.754448413848877,0.6974109274778781,[0.82878412 0.56603774],0.7675046992481203,[0.74553571 0.78947368],0.687068682221492,[0.93296089 0.44117647],35,3,5,11,15,4,umap,17,,"['time_encoding', 'timeline_index']","['z_score', None]",True,384,2,True,"(10,)",384,"(256, 256)",0.1,0.0005,123,False,focal,2,False,,Conv1d,,concatenation,64,47
0,0.4351964435156654,0.5948522686958313,0.5801965187832219,[0.5017585  0.65863454],0.6271414694454256,[0.70394737 0.55033557],0.6048998178506375,[0.38979964 0.82      ],0.23176264762878418,0.6370106935501099,0.6091687574997273,[0.71348315 0.50485437],0.6087570621468927,[0.71751412 0.5       ],0.6096505641362691,[0.70949721 0.50980392],35,3,5,11,15,4,umap,17,,"['time_encoding', 'timeline_index']","['z_score', None]",True,384,2,True,"(10,)",384,"(512, 512)",0.5,0.001,1,False,focal,2,False,,Conv1d,,concatenation,64,48
0,0.3677532252143411,0.6358436942100525,0.6336594017406568,[0.6053719 0.6619469],0.6464674015986664,[0.69928401 0.59365079],0.6408488160291439,[0.53369763 0.748     ],0.24339688420295716,0.6476868391036987,0.6308568092249306,[0.70967742 0.5520362 ],0.6297593111318601,[0.74691358 0.51260504],0.6370084346587797,[0.67597765 0.59803922],35,3,5,11,15,4,umap,17,,"['time_encoding', 'timeline_index']","['z_score', None]",True,384,2,True,"(10,)",384,"(512, 512)",0.5,0.001,12,False,focal,2,False,,Conv1d,,concatenation,64,48
0,0.28569110176142526,0.5967588424682617,0.5965476325779102,[0.60577819 0.58731707],0.5967811704834606,[0.62022901 0.57333333],0.5969927140255009,[0.59198543 0.602     ],0.20312013030052184,0.6975088715553284,0.6611912563655191,[0.77211796 0.55026455],0.6699845953312005,[0.74226804 0.59770115],0.6571365976558221,[0.80446927 0.50980392],35,3,5,11,15,4,umap,17,,"['time_encoding', 'timeline_index']","['z_score', None]",True,384,2,True,"(10,)",384,"(512, 512)",0.5,0.001,123,False,focal,2,False,,Conv1d,,concatenation,64,48
0,0.32252073989194985,0.6120114326477051,0.607374437307167,[0.56470588 0.65004299],0.6270367852202658,[0.68393782 0.57013575],0.6184371584699453,[0.48087432 0.756     ],0.2206011265516281,0.5800711512565613,0.5148934925093633,[0.69270833 0.33707865],0.5217586649550706,[0.64878049 0.39473684],0.5185672034176799,[0.74301676 0.29411765],35,3,5,11,15,4,umap,17,,"['time_encoding', 'timeline_index']","['z_score', None]",True,384,2,True,"(10,)",384,"(512, 512)",0.5,0.0001,1,False,focal,2,False,,Conv1d,,concatenation,64,49
0,0.37090913337819714,0.599618673324585,0.5972171432750677,[0.5661157  0.62831858],0.6087150054930485,[0.65393795 0.56349206],0.6045446265938069,[0.49908925 0.71      ],0.2114353895187378,0.690391480922699,0.66308347459379,[0.75900277 0.56716418],0.6642524142524142,[0.75274725 0.57575758],0.6620933289516924,[0.76536313 0.55882353],35,3,5,11,15,4,umap,17,,"['time_encoding', 'timeline_index']","['z_score', None]",True,384,2,True,"(10,)",384,"(512, 512)",0.5,0.0001,12,False,focal,2,False,,Conv1d,,concatenation,64,49
0,0.30819105313104744,0.605338454246521,0.601189033125427,[0.56050955 0.64186851],0.6186522528393223,[0.67175573 0.56554878],0.6114371584699454,[0.48087432 0.742     ],0.2245595484972,0.5871886014938354,0.5201954780970326,[0.69948187 0.34090909],0.5287896592244419,[0.65217391 0.40540541],0.5241537955964509,[0.75418994 0.29411765],35,3,5,11,15,4,umap,17,,"['time_encoding', 'timeline_index']","['z_score', None]",True,384,2,True,"(10,)",384,"(512, 512)",0.5,0.0001,123,False,focal,2,False,,Conv1d,,concatenation,64,49
0,0.5159632563591003,0.5500476956367493,0.5500374417471845,[0.54789272 0.55218216],0.5515242679502608,[0.57777778 0.52527076],0.5514735883424408,[0.52094718 0.582     ],0.19841245114803313,0.8042704463005066,0.7732041969330103,[0.85714286 0.68926554],0.8071521035598705,[0.80097087 0.81333333],0.7599134625917405,[0.92178771 0.59803922],35,3,5,11,15,4,umap,17,,"['time_encoding', 'timeline_index']","['z_score', None]",True,384,2,True,"(10,)",384,"(512, 512)",0.5,0.0005,1,False,focal,2,False,,Conv1d,,concatenation,64,50
0,0.35689456147306103,0.5881792306900024,0.5879811468970935,[0.59701493 0.57894737],0.5882467338911952,[0.61185468 0.56463878],0.5884389799635701,[0.58287796 0.594     ],0.2338114708662033,0.6832740306854248,0.6373457461463727,[0.7664042  0.50828729],0.6525253791201905,[0.72277228 0.58227848],0.6333114251287107,[0.81564246 0.45098039],35,3,5,11,15,4,umap,17,,"['time_encoding', 'timeline_index']","['z_score', None]",True,384,2,True,"(10,)",384,"(512, 512)",0.5,0.0005,12,False,focal,2,False,,Conv1d,,concatenation,64,50
0,0.42937998911913705,0.6272640824317932,0.6272627060960726,[0.62655205 0.62797336],0.6287728044665049,[0.65863454 0.59891107],0.6287249544626594,[0.59744991 0.66      ],0.2599407613277435,0.7259786128997803,0.6623281364608206,[0.808933   0.51572327],0.7234884085213033,[0.72767857 0.71929825],0.6562876547266951,[0.91061453 0.40196078],35,3,5,11,15,4,umap,17,,"['time_encoding', 'timeline_index']","['z_score', None]",True,384,2,True,"(10,)",384,"(512, 512)",0.5,0.0005,123,False,focal,2,False,,Conv1d,,concatenation,64,50
0,0.40990488844759326,0.599618673324585,0.5876109176682018,[0.51724138 0.65798046],0.6279398171921536,[0.70093458 0.55494505],0.6089180327868853,[0.40983607 0.808     ],0.23248806595802307,0.6263344883918762,0.5951397560272789,[0.70752089 0.48275862],0.5953520352035204,[0.70555556 0.48514851],0.5949446817833278,[0.70949721 0.48039216],35,3,5,11,15,4,umap,17,,"['time_encoding', 'timeline_index']","['z_score', None]",True,384,2,True,"(10,)",384,"(512, 512)",0.1,0.001,1,False,focal,2,False,,Conv1d,,concatenation,64,51
0,0.34921979290597577,0.6015252470970154,0.575657105252971,[0.68042813 0.47088608],0.6138385352778156,[0.58629776 0.64137931],0.5912823315118397,[0.81056466 0.372     ],0.2721373409032822,0.6868327260017395,0.5731842032587683,[0.79342723 0.35294118],0.695046439628483,[0.68421053 0.70588235],0.5897140979296747,[0.94413408 0.23529412],35,3,5,11,15,4,umap,17,,"['time_encoding', 'timeline_index']","['z_score', None]",True,384,2,True,"(10,)",384,"(512, 512)",0.1,0.001,12,False,focal,2,False,,Conv1d,,concatenation,64,51
0,0.2830096623476814,0.6015252470970154,0.5988916697768705,[0.6313933  0.56639004],0.6001639404656647,[0.61196581 0.58836207],0.5990473588342441,[0.65209472 0.546     ],0.2161640077829361,0.6548042893409729,0.6172683488492916,[0.73712737 0.49740933],0.621631000578369,[0.71578947 0.52747253],0.6151823858034834,[0.75977654 0.47058824],35,3,5,11,15,4,umap,17,,"['time_encoding', 'timeline_index']","['z_score', None]",True,384,2,True,"(10,)",384,"(512, 512)",0.1,0.001,123,False,focal,2,False,,Conv1d,,concatenation,64,51
0,0.4210597750018625,0.5986654162406921,0.5891062624616092,[0.5264342  0.65177833],0.6219737824607982,[0.68823529 0.55571227],0.6071147540983607,[0.42622951 0.788     ],0.24763674139976502,0.6156583428382874,0.5769488123118099,[0.70491803 0.44897959],0.5789623392877461,[0.68983957 0.46808511],0.5760214700405302,[0.72067039 0.43137255],35,3,5,11,15,4,umap,17,,"['time_encoding', 'timeline_index']","['z_score', None]",True,384,2,True,"(10,)",384,"(512, 512)",0.1,0.0001,1,False,focal,2,False,,Conv1d,,concatenation,64,52
0,0.32164142412297864,0.5662536025047302,0.5581571451450006,[0.61796809 0.4983462 ],0.5642456390119941,[0.57320872 0.55528256],0.5611548269581057,[0.67030965 0.452     ],0.2285720944404602,0.690391480922699,0.645495279940836,[0.77165354 0.51933702],0.6613297405689935,[0.72772277 0.59493671],0.6410066820024098,[0.82122905 0.46078431],35,3,5,11,15,4,umap,17,,"['time_encoding', 'timeline_index']","['z_score', None]",True,384,2,True,"(10,)",384,"(512, 512)",0.1,0.0001,12,False,focal,2,False,,Conv1d,,concatenation,64,52
0,0.3359016653369455,0.6101048588752747,0.6063833203210651,[0.56810982 0.64465682],0.6228859350516021,[0.6758794  0.56989247],0.6159908925318761,[0.48998179 0.742     ],0.23263102173805236,0.5871886014938354,0.5201954780970326,[0.69948187 0.34090909],0.5287896592244419,[0.65217391 0.40540541],0.5241537955964509,[0.75418994 0.29411765],35,3,5,11,15,4,umap,17,,"['time_encoding', 'timeline_index']","['z_score', None]",True,384,2,True,"(10,)",384,"(512, 512)",0.1,0.0001,123,False,focal,2,False,,Conv1d,,concatenation,64,52
0,0.4621984660625458,0.5662536025047302,0.5470488590693194,[0.64031621 0.45378151],0.5666050128340632,[0.56564246 0.56756757],0.5578524590163935,[0.73770492 0.378     ],0.1934434562921524,0.7615658044815063,0.7369244742541745,[0.81743869 0.65641026],0.7430221917181423,[0.79787234 0.68817204],0.7327199036038996,[0.83798883 0.62745098],35,3,5,11,15,4,umap,17,,"['time_encoding', 'timeline_index']","['z_score', None]",True,384,2,True,"(10,)",384,"(512, 512)",0.1,0.0005,1,False,focal,2,False,,Conv1d,,concatenation,64,53
0,0.8792028672554913,0.6091516017913818,0.6057807939929899,[0.64223386 0.56932773],0.6079864662545766,[0.61641541 0.59955752],0.6061548269581056,[0.67030965 0.542     ],0.5481549620628356,0.708185076713562,0.6705273392816289,[0.78191489 0.55913978],0.6826202562243171,[0.74619289 0.61904762],0.6655164859239785,[0.82122905 0.50980392],35,3,5,11,15,4,umap,17,,"['time_encoding', 'timeline_index']","['z_score', None]",True,384,2,True,"(10,)",384,"(512, 512)",0.1,0.0005,12,False,focal,2,False,,Conv1d,,concatenation,64,53
0,0.3430307034183951,0.6043851375579834,0.5994875545680785,[0.55519829 0.64377682],0.6191944705513784,[0.67447917 0.56390977],0.6108834244080146,[0.47176685 0.75      ],0.22621390521526336,0.6298932433128357,0.5843668221640688,[0.72192513 0.44680851],0.590339892665474,[0.69230769 0.48837209],0.5829773250082155,[0.75418994 0.41176471],35,3,5,11,15,4,umap,17,,"['time_encoding', 'timeline_index']","['z_score', None]",True,384,2,True,"(10,)",384,"(512, 512)",0.1,0.0005,123,False,focal,2,False,,Conv1d,,concatenation,64,53
