,loss,accuracy,f1,f1_scores,precision,precision_scores,recall,recall_scores,valid_loss,valid_accuracy,valid_f1,valid_f1_scores,valid_precision,valid_precision_scores,valid_recall,valid_recall_scores,k,shift,window_size,n,dimensions,sig_depth,method,input_channels,output_channels,features,standardise_method,include_features_in_path,embedding_dim,num_features,log_signature,num_heads,num_layers,ffn_hidden_dim,dropout_rate,learning_rate,seed,loss_function,gamma,k_fold,n_splits,augmentation_type,hidden_dim_aug,comb_method,batch_size,model_id
0,0.3151366167208728,0.6043851375579834,0.599656981529421,[0.55614973 0.64316423],0.6188388468181214,[0.67357513 0.56410256],0.6107941712204007,[0.47358834 0.748     ],0.22197479009628296,0.6192170977592468,0.573499581542477,[0.71313673 0.43386243],0.5784156890626851,[0.68556701 0.47126437],0.5724887720451309,[0.74301676 0.40196078],35,3,5,11,15,3,umap,17,12,"['time_encoding', 'timeline_index']","['z_score', None]",True,384,2,True,10,1,"(256, 256)",0.5,0.001,1,focal,2,False,,Conv1d,,concatenation,64,0
0,0.3187178101609735,0.6148713231086731,0.6112676573105852,[0.57383966 0.64869565],0.6277752072488915,[0.68170426 0.57384615],0.6207231329690346,[0.49544627 0.746     ],0.2207108348608017,0.6120996475219727,0.5608430711878987,[0.71087533 0.41081081],0.5672995010344408,[0.67676768 0.45783133],0.5605761857815752,[0.74860335 0.37254902],35,3,5,11,15,3,umap,17,12,"['time_encoding', 'timeline_index']","['z_score', None]",True,384,2,True,10,1,"(256, 256)",0.5,0.001,12,focal,2,False,,Conv1d,,concatenation,64,0
0,0.29481421586345224,0.6177312135696411,0.6159217762324726,[0.58955988 0.64228368],0.6263036705946092,[0.6728972  0.57971014],0.6222950819672131,[0.52459016 0.72      ],0.22013031244277953,0.5978647470474243,0.5311480251015135,[0.70801034 0.35428571],0.5416556902002108,[0.65865385 0.42465753],0.5346423485595355,[0.76536313 0.30392157],35,3,5,11,15,3,umap,17,12,"['time_encoding', 'timeline_index']","['z_score', None]",True,384,2,True,10,1,"(256, 256)",0.5,0.001,123,focal,2,False,,Conv1d,,concatenation,64,0
0,0.41036825495607715,0.6196377873420715,0.6091292909993025,[0.54503991 0.67321867],0.6493500727309631,[0.72865854 0.57004161],0.6286684881602914,[0.43533698 0.822     ],0.24298401176929474,0.6227757930755615,0.58071509009009,[0.71351351 0.44791667],0.5844386271087841,[0.69109948 0.47777778],0.5794993975243729,[0.73743017 0.42156863],35,3,5,11,15,3,umap,17,12,"['time_encoding', 'timeline_index']","['z_score', None]",True,384,2,True,10,1,"(256, 256)",0.5,0.0001,1,focal,2,False,,Conv1d,,concatenation,64,1
0,0.98753321872038,0.6301239132881165,0.6291773263653525,[0.61044177 0.64791289],0.6365563706362833,[0.68008949 0.59302326],0.6338670309653915,[0.55373406 0.714     ],0.9192490577697754,0.7437722086906433,0.7229707525468287,[0.79888268 0.64705882],0.7229707525468287,[0.79888268 0.64705882],0.7229707525468287,[0.79888268 0.64705882],35,3,5,11,15,3,umap,17,12,"['time_encoding', 'timeline_index']","['z_score', None]",True,384,2,True,10,1,"(256, 256)",0.5,0.0001,12,focal,2,False,,Conv1d,,concatenation,64,1
0,0.875833644586451,0.5567206740379333,0.556662670630589,[0.56173421 0.55159113],0.5573098521880819,[0.58203125 0.53258845],0.5574025500910746,[0.5428051 0.572    ],0.2630996972322464,0.7402135133743286,0.6773924667767556,[0.81975309 0.53503185],0.7490748189863234,[0.73451327 0.76363636],0.6695695037791654,[0.9273743  0.41176471],35,3,5,11,15,3,umap,17,12,"['time_encoding', 'timeline_index']","['z_score', None]",True,384,2,True,10,1,"(256, 256)",0.5,0.0001,123,focal,2,False,,Conv1d,,concatenation,64,1
0,0.5027735496268553,0.5681601762771606,0.5628141258297338,[0.51446945 0.6111588 ],0.5801691729323308,[0.625      0.53533835],0.5745792349726776,[0.43715847 0.712     ],0.16760390400886535,0.8398576378822327,0.8176824257104547,[0.88126649 0.75409836],0.8434259259259259,[0.835      0.85185185],0.8047157410450214,[0.93296089 0.67647059],35,3,5,11,15,3,umap,17,12,"['time_encoding', 'timeline_index']","['z_score', None]",True,384,2,True,10,1,"(256, 256)",0.5,0.0005,1,focal,2,False,,Conv1d,,concatenation,64,2
0,0.5504618006594041,0.5624404549598694,0.5614440646287779,[0.54054054 0.58234759],0.5671118530884808,[0.6        0.53422371],0.5659016393442623,[0.49180328 0.64      ],0.35209220051765444,0.6690391302108765,0.6293033746116856,[0.75067024 0.50793651],0.6366868112335584,[0.72164948 0.55172414],0.6263555701610253,[0.78212291 0.47058824],35,3,5,11,15,3,umap,17,12,"['time_encoding', 'timeline_index']","['z_score', None]",True,384,2,True,10,1,"(256, 256)",0.5,0.0005,12,focal,2,False,,Conv1d,,concatenation,64,2
0,0.3562372396974003,0.5290753245353699,0.5287151224126014,[0.54174397 0.51568627],0.5288770539479424,[0.55198488 0.50576923],0.5289380692167578,[0.53187614 0.526     ],0.2651914834976196,0.7117437720298767,0.6420382165605095,[0.8        0.48407643],0.7038616251005632,[0.71681416 0.69090909],0.6387884762843685,[0.90502793 0.37254902],35,3,5,11,15,3,umap,17,12,"['time_encoding', 'timeline_index']","['z_score', None]",True,384,2,True,10,1,"(256, 256)",0.5,0.0005,123,focal,2,False,,Conv1d,,concatenation,64,2
0,0.4189436348045574,0.5929456949234009,0.5738599984587823,[0.48367594 0.66404406],0.6333827879330777,[0.71942446 0.54734112],0.6041493624772313,[0.36429872 0.844     ],0.2506833255290985,0.5800711512565613,0.5531266846361186,[0.66285714 0.44339623],0.5528176501860712,[0.67836257 0.42727273],0.5544145032314601,[0.64804469 0.46078431],35,3,5,11,15,3,umap,17,12,"['time_encoding', 'timeline_index']","['z_score', None]",True,384,2,True,10,1,"(256, 256)",0.1,0.001,1,focal,2,False,,Conv1d,,concatenation,64,3
0,0.33810714413138,0.5967588424682617,0.5924387616109309,[0.55047821 0.63439931],0.6096569906501413,[0.66071429 0.5585997 ],0.6028834244080146,[0.47176685 0.734     ],0.22207625210285187,0.6334519386291504,0.6011218147489699,[0.71468144 0.48756219],0.6018703518703519,[0.70879121 0.49494949],0.6005312739620988,[0.72067039 0.48039216],35,3,5,11,15,3,umap,17,12,"['time_encoding', 'timeline_index']","['z_score', None]",True,384,2,True,10,1,"(256, 256)",0.1,0.001,12,focal,2,False,,Conv1d,,concatenation,64,3
0,0.2973354634116678,0.6224976181983948,0.6207602979842244,[0.64642857 0.59509202],0.6213810462449347,[0.63397548 0.60878661],0.6206903460837887,[0.65938069 0.582     ],0.2198111206293106,0.6583629846572876,0.5867140580953548,[0.75879397 0.41463415],0.6189424068345853,[0.68949772 0.5483871 ],0.5884543761638734,[0.84357542 0.33333333],35,3,5,11,15,3,umap,17,12,"['time_encoding', 'timeline_index']","['z_score', None]",True,384,2,True,10,1,"(256, 256)",0.1,0.001,123,focal,2,False,,Conv1d,,concatenation,64,3
0,0.37619343575309305,0.5776930451393127,0.561094084256955,[0.47573964 0.64644852],0.6084513298158716,[0.67905405 0.53784861],0.5880601092896175,[0.36612022 0.81      ],0.25021964609622954,0.6725978851318359,0.6429281767955801,[0.74585635 0.54      ],0.6443626630980261,[0.73770492 0.55102041],0.6418008544199802,[0.75418994 0.52941176],35,3,5,11,15,3,umap,17,12,"['time_encoding', 'timeline_index']","['z_score', None]",True,384,2,True,10,1,"(256, 256)",0.1,0.0001,1,focal,2,False,,Conv1d,,concatenation,64,4
0,0.3923926511231591,0.6263107657432556,0.6257935352358766,[0.63970588 0.61188119],0.6257612135763396,[0.64564007 0.60588235],0.6259398907103826,[0.63387978 0.618     ],0.2564677298069,0.6334519386291504,0.5955704604205967,[0.71934605 0.47179487],0.5983756577442233,[0.70212766 0.49462366],0.5942052798773141,[0.73743017 0.45098039],35,3,5,11,15,3,umap,17,12,"['time_encoding', 'timeline_index']","['z_score', None]",True,384,2,True,10,1,"(256, 256)",0.1,0.0001,12,focal,2,False,,Conv1d,,concatenation,64,4
0,0.6824831156169667,0.5510009527206421,0.5508376810566535,[0.54227405 0.55940131],0.5533666520210896,[0.58125   0.5254833],0.5530983606557377,[0.50819672 0.598     ],0.3629633843898773,0.708185076713562,0.6739954725523486,[0.77956989 0.56842105],0.6824658502119643,[0.75129534 0.61363636],0.669733815313835,[0.81005587 0.52941176],35,3,5,11,15,3,umap,17,12,"['time_encoding', 'timeline_index']","['z_score', None]",True,384,2,True,10,1,"(256, 256)",0.1,0.0001,123,focal,2,False,,Conv1d,,concatenation,64,4
0,0.4344021572786219,0.5919923782348633,0.582398243916958,[0.51910112 0.64569536],0.6141334062329141,[0.67741935 0.55084746],0.6003825136612022,[0.42076503 0.78      ],0.30847055912017823,0.6370106935501099,0.5879054520358868,[0.73015873 0.44565217],0.5967336683417086,[0.69346734 0.5       ],0.5864552524920583,[0.77094972 0.40196078],35,3,5,11,15,3,umap,17,12,"['time_encoding', 'timeline_index']","['z_score', None]",True,384,2,True,10,1,"(256, 256)",0.1,0.0005,1,focal,2,False,,Conv1d,,concatenation,64,5
0,0.47314081998432383,0.5653002858161926,0.5634113394910737,[0.53469388 0.5921288 ],0.5717436682960526,[0.60788863 0.53559871],0.5696156648451731,[0.47723133 0.662     ],0.20853390991687776,0.6975088715553284,0.682029367520002,[0.75218659 0.61187215],0.6796174692516156,[0.78658537 0.57264957],0.6887665680797459,[0.72067039 0.65686275],35,3,5,11,15,3,umap,17,12,"['time_encoding', 'timeline_index']","['z_score', None]",True,384,2,True,10,1,"(256, 256)",0.1,0.0005,12,focal,2,False,,Conv1d,,concatenation,64,5
0,0.3160601380993338,0.5881792306900024,0.5831696063930771,[0.53747323 0.62886598],0.6015764356125801,[0.65194805 0.55120482],0.5945974499089253,[0.4571949 0.732    ],0.21517494618892669,0.6619216799736023,0.63210264467138,[0.73684211 0.52736318],0.633061383061383,[0.73076923 0.53535354],0.6313123014568957,[0.74301676 0.51960784],35,3,5,11,15,3,umap,17,12,"['time_encoding', 'timeline_index']","['z_score', None]",True,384,2,True,10,1,"(256, 256)",0.1,0.0005,123,focal,2,False,,Conv1d,,concatenation,64,5
0,0.3420775708030252,0.6148713231086731,0.6095025025984269,[0.5637149 0.6552901],0.6318681318681318,[0.69230769 0.57142857],0.6217049180327869,[0.47540984 0.768     ],0.2130948007106781,0.6832740306854248,0.6373457461463727,[0.7664042  0.50828729],0.6525253791201905,[0.72277228 0.58227848],0.6333114251287107,[0.81564246 0.45098039],35,3,5,11,15,3,umap,17,12,"['time_encoding', 'timeline_index']","['z_score', None]",True,384,2,True,10,1,"(512, 512)",0.5,0.001,1,focal,2,False,,Conv1d,,concatenation,64,6
0,0.2787107360713622,0.6148713231086731,0.6122038886123393,[0.58004158 0.6443662 ],0.6255082461510347,[0.67554479 0.5754717 ],0.6200983606557378,[0.50819672 0.732     ],0.21727072596549987,0.6120996475219727,0.5655276111040186,[0.7077748  0.42328042],0.5700912430382747,[0.68041237 0.45977011],0.5647935151714317,[0.73743017 0.39215686],35,3,5,11,15,3,umap,17,12,"['time_encoding', 'timeline_index']","['z_score', None]",True,384,2,True,10,1,"(512, 512)",0.5,0.001,12,focal,2,False,,Conv1d,,concatenation,64,6
0,0.3511677664868972,0.6110581755638123,0.6077038145100973,[0.57142857 0.64397906],0.6230726978005516,[0.67493797 0.57120743],0.6167231329690346,[0.49544627 0.738     ],0.22195913195610045,0.6725978851318359,0.6378865979381443,[0.75      0.5257732],0.6422532781228434,[0.73015873 0.55434783],0.6354748603351955,[0.77094972 0.5       ],35,3,5,11,15,3,umap,17,12,"['time_encoding', 'timeline_index']","['z_score', None]",True,384,2,True,10,1,"(512, 512)",0.5,0.001,123,focal,2,False,,Conv1d,,concatenation,64,6
0,0.5329079014413497,0.5643470287322998,0.5495700934228193,[0.46798603 0.63115416],0.5887402330961631,[0.6483871  0.52909337],0.5740601092896175,[0.36612022 0.782     ],0.23179144263267518,0.6583629846572876,0.6290429042904291,[0.73333333 0.52475248],0.6296408839779006,[0.72928177 0.53      ],0.6285190053675102,[0.73743017 0.51960784],35,3,5,11,15,3,umap,17,12,"['time_encoding', 'timeline_index']","['z_score', None]",True,384,2,True,10,1,"(512, 512)",0.5,0.0001,1,focal,2,False,,Conv1d,,concatenation,64,7
0,0.4951195979819578,0.628217339515686,0.6265063540753725,[0.60122699 0.65178571],0.6370121813670201,[0.68531469 0.58870968],0.6327595628415301,[0.53551913 0.73      ],0.39795724153518675,0.6263344883918762,0.6016121845505731,[0.7008547  0.50236967],0.6006774055899297,[0.71511628 0.48623853],0.6033793405630409,[0.68715084 0.51960784],35,3,5,11,15,3,umap,17,12,"['time_encoding', 'timeline_index']","['z_score', None]",True,384,2,True,10,1,"(512, 512)",0.5,0.0001,12,focal,2,False,,Conv1d,,concatenation,64,7
0,0.9846394587965572,0.5681601762771606,0.5673990523139107,[0.54925373 0.58554437],0.5724460814768794,[0.60526316 0.53962901],0.5713661202185792,[0.50273224 0.64      ],0.3655867546796799,0.7259786128997803,0.7055589576103967,[0.78309859 0.62801932],0.7044101731601732,[0.78977273 0.61904762],0.7068956074049731,[0.77653631 0.6372549 ],35,3,5,11,15,3,umap,17,12,"['time_encoding', 'timeline_index']","['z_score', None]",True,384,2,True,10,1,"(512, 512)",0.5,0.0001,123,focal,2,False,,Conv1d,,concatenation,64,7
0,0.47317643200649934,0.6015252470970154,0.5843898573692551,[0.5        0.66877971],0.6410143853969473,[0.728223   0.55380577],0.6123460837887067,[0.38069217 0.844     ],0.25038628578186034,0.6120996475219727,0.5778861923071622,[0.69806094 0.45771144],0.5784770784770785,[0.69230769 0.46464646],0.5774455033410012,[0.70391061 0.45098039],35,3,5,11,15,3,umap,17,12,"['time_encoding', 'timeline_index']","['z_score', None]",True,384,2,True,10,1,"(512, 512)",0.5,0.0005,1,focal,2,False,,Conv1d,,concatenation,64,8
0,0.33777205908999725,0.6320305466651917,0.6244537191615656,[0.57111111 0.67779633],0.6569278116556053,[0.73219373 0.58166189],0.6400619307832422,[0.46812386 0.812     ],0.21942151784896852,0.6548042893409729,0.6290807647819283,[0.72676056 0.53140097],0.6283820346320346,[0.73295455 0.52380952],0.6299430386679812,[0.72067039 0.53921569],35,3,5,11,15,3,umap,17,12,"['time_encoding', 'timeline_index']","['z_score', None]",True,384,2,True,10,1,"(512, 512)",0.5,0.0005,12,focal,2,False,,Conv1d,,concatenation,64,8
0,0.8118575916570776,0.6291706562042236,0.6291652467091063,[0.6277512 0.6305793],0.6308259931167239,[0.66129032 0.60036166],0.6307249544626594,[0.59744991 0.664     ],0.26837076544761657,0.6725978851318359,0.6444994499449945,[0.74444444 0.54455446],0.6451657458563536,[0.74033149 0.55      ],0.6439095191149085,[0.74860335 0.53921569],35,3,5,11,15,3,umap,17,12,"['time_encoding', 'timeline_index']","['z_score', None]",True,384,2,True,10,1,"(512, 512)",0.5,0.0005,123,focal,2,False,,Conv1d,,concatenation,64,8
0,0.3616851971429937,0.6139180064201355,0.6120905720053651,[0.58546571 0.63871543],0.6223569160383464,[0.6682243  0.57648953],0.6184735883424408,[0.52094718 0.716     ],0.2344006836414337,0.6263344883918762,0.5745923266577274,[0.72295515 0.42622951],0.5832407407407407,[0.685      0.48148148],0.5738580348340454,[0.76536313 0.38235294],35,3,5,11,15,3,umap,17,12,"['time_encoding', 'timeline_index']","['z_score', None]",True,384,2,True,10,1,"(512, 512)",0.1,0.001,1,focal,2,False,,Conv1d,,concatenation,64,9
0,0.31429094251464396,0.5910391211509705,0.5888811236724905,[0.55909558 0.61866667],0.599154716981132,[0.64150943 0.5568    ],0.5957231329690346,[0.49544627 0.696     ],0.2275438576936722,0.6014235019683838,0.5475040257648953,[0.7037037  0.39130435],0.553683049393308,[0.66834171 0.43902439],0.5479789681235623,[0.74301676 0.35294118],35,3,5,11,15,3,umap,17,12,"['time_encoding', 'timeline_index']","['z_score', None]",True,384,2,True,10,1,"(512, 512)",0.1,0.001,12,focal,2,False,,Conv1d,,concatenation,64,9
0,0.338365375995636,0.5357483625411987,0.535002917251103,[0.5163853  0.55362053],0.5393419487361366,[0.56768559 0.51099831],0.5387941712204007,[0.47358834 0.604     ],0.23112742304801942,0.6548042893409729,0.5975341454411222,[0.74935401 0.44571429],0.6156809799789251,[0.69711538 0.53424658],0.5962044035491292,[0.81005587 0.38235294],35,3,5,11,15,3,umap,17,12,"['time_encoding', 'timeline_index']","['z_score', None]",True,384,2,True,10,1,"(512, 512)",0.1,0.001,123,focal,2,False,,Conv1d,,concatenation,64,9
0,0.40009981919737425,0.5948522686958313,0.5801965187832219,[0.5017585  0.65863454],0.6271414694454256,[0.70394737 0.55033557],0.6048998178506375,[0.38979964 0.82      ],0.24483891129493712,0.6548042893409729,0.6319655419181485,[0.72364672 0.54028436],0.6306539364198848,[0.73837209 0.52293578],0.6341603680578376,[0.70949721 0.55882353],35,3,5,11,15,3,umap,17,12,"['time_encoding', 'timeline_index']","['z_score', None]",True,384,2,True,10,1,"(512, 512)",0.1,0.0001,1,focal,2,False,,Conv1d,,concatenation,64,10
0,0.8546521383173326,0.5757864713668823,0.5745740545811631,[0.55186304 0.59728507],0.5812858312858313,[0.61711712 0.54545455],0.5795446265938069,[0.49908925 0.66      ],0.6820923089981079,0.6725978851318359,0.6460181838098369,[0.74301676 0.54901961],0.6460181838098369,[0.74301676 0.54901961],0.6460181838098369,[0.74301676 0.54901961],35,3,5,11,15,3,umap,17,12,"['time_encoding', 'timeline_index']","['z_score', None]",True,384,2,True,10,1,"(512, 512)",0.1,0.0001,12,focal,2,False,,Conv1d,,concatenation,64,10
0,0.813323504784528,0.557673990726471,0.5575288171339223,[0.54951456 0.56554307],0.5600238646013294,[0.58835759 0.53169014],0.5597413479052824,[0.5154827 0.604    ],0.61027010679245,0.6939501762390137,0.6420488209503497,[0.77835052 0.50574713],0.6667995746943116,[0.72248804 0.61111111],0.6374739840070107,[0.84357542 0.43137255],35,3,5,11,15,3,umap,17,12,"['time_encoding', 'timeline_index']","['z_score', None]",True,384,2,True,10,1,"(512, 512)",0.1,0.0001,123,focal,2,False,,Conv1d,,concatenation,64,10
0,0.6474559219444499,0.5433746576309204,0.5410909423019842,[0.50871795 0.57346394],0.5495067784987075,[0.58215962 0.51685393],0.5478652094717669,[0.45173042 0.644     ],0.17589546144008636,0.8220640420913696,0.7905485986881335,[0.87179487 0.70930233],0.8385578876100204,[0.8056872  0.87142857],0.773879943038668,[0.94972067 0.59803922],35,3,5,11,15,3,umap,17,12,"['time_encoding', 'timeline_index']","['z_score', None]",True,384,2,True,10,1,"(512, 512)",0.1,0.0005,1,focal,2,False,,Conv1d,,concatenation,64,11
0,1.4296577152083902,0.5338417887687683,0.5258724194823021,[0.58734177 0.46440307],0.5302435013020239,[0.54716981 0.51331719],0.5289398907103825,[0.63387978 0.424     ],1.1984257221221923,0.6583629846572876,0.5671373555840822,[0.76585366 0.36842105],0.6198268398268398,[0.67965368 0.56      ],0.5758023879943039,[0.87709497 0.2745098 ],35,3,5,11,15,3,umap,17,12,"['time_encoding', 'timeline_index']","['z_score', None]",True,384,2,True,10,1,"(512, 512)",0.1,0.0005,12,focal,2,False,,Conv1d,,concatenation,64,11
0,0.34533710339490103,0.6005719900131226,0.5952756949579235,[0.5489774  0.64157399],0.6157953740854378,[0.67105263 0.56053812],0.60724043715847,[0.46448087 0.75      ],0.23450781106948854,0.6654804348945618,0.6367711771177118,[0.73888889 0.53465347],0.6374033149171271,[0.73480663 0.54      ],0.6362142622412094,[0.74301676 0.52941176],35,3,5,11,15,3,umap,17,12,"['time_encoding', 'timeline_index']","['z_score', None]",True,384,2,True,10,1,"(512, 512)",0.1,0.0005,123,focal,2,False,,Conv1d,,concatenation,64,11
0,0.3680545372121474,0.5986654162406921,0.5878407952955713,[0.52104664 0.65463495],0.6244384035065538,[0.69393939 0.55493741],0.6075610200364299,[0.41712204 0.798     ],0.23857314884662628,0.6263344883918762,0.5896669216327098,[0.71232877 0.46700508],0.5915676287492926,[0.69892473 0.48421053],0.5886186876985431,[0.72625698 0.45098039],35,3,5,11,15,4,umap,17,8,"['time_encoding', 'timeline_index']","['z_score', None]",True,384,2,True,6,1,"(256, 256)",0.5,0.001,1,focal,2,False,,Conv1d,,concatenation,64,12
0,0.3126583870719461,0.6110581755638123,0.6068129202954471,[0.56595745 0.64766839],0.6251078599802549,[0.68030691 0.56990881],0.6172586520947176,[0.4845173 0.75     ],0.21781887412071227,0.6192170977592468,0.5712370766488414,[0.71466667 0.42780749],0.5771308523409364,[0.68367347 0.47058824],0.5703801073502026,[0.74860335 0.39215686],35,3,5,11,15,4,umap,17,8,"['time_encoding', 'timeline_index']","['z_score', None]",True,384,2,True,6,1,"(256, 256)",0.5,0.001,12,focal,2,False,,Conv1d,,concatenation,64,12
0,0.28502319577862234,0.6081982851028442,0.6061308667351832,[0.57759507 0.63466667],0.616967924528302,[0.66273585 0.5712    ],0.61291985428051,[0.51183971 0.714     ],0.23060519099235535,0.5978647470474243,0.5311480251015135,[0.70801034 0.35428571],0.5416556902002108,[0.65865385 0.42465753],0.5346423485595355,[0.76536313 0.30392157],35,3,5,11,15,4,umap,17,8,"['time_encoding', 'timeline_index']","['z_score', None]",True,384,2,True,6,1,"(256, 256)",0.5,0.001,123,focal,2,False,,Conv1d,,concatenation,64,12
0,0.3399614218403311,0.6043851375579834,0.5954380079270304,[0.53527436 0.65560166],0.6275255649018638,[0.69476744 0.56028369],0.6126684881602915,[0.43533698 0.79      ],0.2332591027021408,0.6014235019683838,0.5499885609700297,[0.70212766 0.39784946],0.5552634759487551,[0.67005076 0.44047619],0.5500876328184905,[0.73743017 0.3627451 ],35,3,5,11,15,4,umap,17,8,"['time_encoding', 'timeline_index']","['z_score', None]",True,384,2,True,6,1,"(256, 256)",0.5,0.0001,1,focal,2,False,,Conv1d,,concatenation,64,13
0,0.6631645981003257,0.6015252470970154,0.6014437689969605,[0.59574468 0.60714286],0.6038732909263727,[0.63505155 0.57269504],0.6035100182149362,[0.56102004 0.646     ],0.36502701938152315,0.7651245594024658,0.7178714859437751,[0.83333333 0.60240964],0.7708093317972351,[0.76036866 0.78125   ],0.7059918939642896,[0.92178771 0.49019608],35,3,5,11,15,4,umap,17,8,"['time_encoding', 'timeline_index']","['z_score', None]",True,384,2,True,6,1,"(256, 256)",0.5,0.0001,12,focal,2,False,,Conv1d,,concatenation,64,13
0,0.2935811947373783,0.5977120995521545,0.5752954946657457,[0.47772277 0.67286822],0.64727041689067,[0.74517375 0.54936709],0.6097741347905282,[0.35154827 0.868     ],0.24917636513710023,0.6227757930755615,0.6053789083200848,[0.68823529 0.52252252],0.6050207039337474,[0.72670807 0.48333333],0.6111293679482966,[0.65363128 0.56862745],35,3,5,11,15,4,umap,17,8,"['time_encoding', 'timeline_index']","['z_score', None]",True,384,2,True,6,1,"(256, 256)",0.5,0.0001,123,focal,2,False,,Conv1d,,concatenation,64,13
0,0.4196940011837903,0.5881792306900024,0.5763898236640195,[0.50572082 0.64705882],0.6134806629834255,[0.68       0.54696133],0.5972750455373407,[0.40255009 0.792     ],0.24044369757175446,0.6583629846572876,0.6290429042904291,[0.73333333 0.52475248],0.6296408839779006,[0.72928177 0.53      ],0.6285190053675102,[0.73743017 0.51960784],35,3,5,11,15,4,umap,17,8,"['time_encoding', 'timeline_index']","['z_score', None]",True,384,2,True,6,1,"(256, 256)",0.5,0.0005,1,focal,2,False,,Conv1d,,concatenation,64,14
0,0.2802531166988261,0.5929456949234009,0.5910189487562738,[0.5629478 0.6190901],0.6006497659789005,[0.64252336 0.55877617],0.597455373406193,[0.50091075 0.694     ],0.2286527067422867,0.6263344883918762,0.5587113563961054,[0.7314578  0.38596491],0.5763945857260049,[0.6745283  0.47826087],0.5612060466644758,[0.79888268 0.32352941],35,3,5,11,15,4,umap,17,8,"['time_encoding', 'timeline_index']","['z_score', None]",True,384,2,True,6,1,"(256, 256)",0.5,0.0005,12,focal,2,False,,Conv1d,,concatenation,64,14
0,0.3176689253133886,0.6091516017913818,0.604562940406314,[0.56196581 0.64716007],0.6237811970616018,[0.67958656 0.56797583],0.6155264116575592,[0.47905282 0.752     ],0.2248620480298996,0.6156583428382874,0.566060398078243,[0.71276596 0.41935484],0.5722443799854968,[0.68020305 0.46428571],0.5654781465658889,[0.74860335 0.38235294],35,3,5,11,15,4,umap,17,8,"['time_encoding', 'timeline_index']","['z_score', None]",True,384,2,True,6,1,"(256, 256)",0.5,0.0005,123,focal,2,False,,Conv1d,,concatenation,64,14
0,0.4014754207695232,0.6005719900131226,0.5870237836852545,[0.51222352 0.66182405],0.6322406041293815,[0.70967742 0.55480379],0.6103642987249545,[0.4007286 0.82     ],0.23813747763633727,0.6334519386291504,0.6045227847236456,[0.71148459 0.49756098],0.6043143885676885,[0.71348315 0.49514563],0.6047486033519553,[0.70949721 0.5       ],35,3,5,11,15,4,umap,17,8,"['time_encoding', 'timeline_index']","['z_score', None]",True,384,2,True,6,1,"(256, 256)",0.1,0.001,1,focal,2,False,,Conv1d,,concatenation,64,15
0,0.3268406356082243,0.6158245801925659,0.6137974192074911,[0.58581706 0.64177778],0.6248849056603774,[0.67216981 0.5776    ],0.6205628415300546,[0.51912568 0.722     ],0.22502832412719725,0.6192170977592468,0.5664893233559698,[0.7176781  0.41530055],0.5745679012345679,[0.68      0.4691358],0.5661627779603462,[0.75977654 0.37254902],35,3,5,11,15,4,umap,17,8,"['time_encoding', 'timeline_index']","['z_score', None]",True,384,2,True,6,1,"(256, 256)",0.1,0.001,12,focal,2,False,,Conv1d,,concatenation,64,15
0,0.32757022801567526,0.6072450280189514,0.6041335394851578,[0.56903766 0.63922942],0.6184202469249198,[0.66830467 0.56853583],0.6127231329690346,[0.49544627 0.73      ],0.2306923359632492,0.6120996475219727,0.5608430711878987,[0.71087533 0.41081081],0.5672995010344408,[0.67676768 0.45783133],0.5605761857815752,[0.74860335 0.37254902],35,3,5,11,15,4,umap,17,8,"['time_encoding', 'timeline_index']","['z_score', None]",True,384,2,True,6,1,"(256, 256)",0.1,0.001,123,focal,2,False,,Conv1d,,concatenation,64,15
0,0.2882888913154602,0.6081982851028442,0.5973737809541686,[0.5313569  0.66339066],0.6360428436115151,[0.71036585 0.56171983],0.6172040072859746,[0.42440801 0.81      ],0.24041593968868255,0.6192170977592468,0.5856313997877648,[0.70360111 0.46766169],0.5862748362748362,[0.6978022  0.47474747],0.5851407602147004,[0.70949721 0.46078431],35,3,5,11,15,4,umap,17,8,"['time_encoding', 'timeline_index']","['z_score', None]",True,384,2,True,6,1,"(256, 256)",0.1,0.0001,1,focal,2,False,,Conv1d,,concatenation,64,16
0,0.34815970238517313,0.5919923782348633,0.5773887964336544,[0.49882904 0.65594855],0.6233738762559492,[0.69836066 0.5483871 ],0.6019890710382514,[0.38797814 0.816     ],0.2276225805282593,0.6476868391036987,0.6243772025762547,[0.71794872 0.53080569],0.623159803712396,[0.73255814 0.51376147],0.6264651111841385,[0.70391061 0.54901961],35,3,5,11,15,4,umap,17,8,"['time_encoding', 'timeline_index']","['z_score', None]",True,384,2,True,6,1,"(256, 256)",0.1,0.0001,12,focal,2,False,,Conv1d,,concatenation,64,16
0,0.5790762147482704,0.6081982851028442,0.6076277688134611,[0.59266601 0.62258953],0.6127758913412564,[0.65       0.57555178],0.6113132969034609,[0.54462659 0.678     ],0.2063796877861023,0.7330960631370544,0.7120311539249846,[0.78991597 0.63414634],0.7116013963128613,[0.79213483 0.63106796],0.712482199583744,[0.7877095 0.6372549],35,3,5,11,15,4,umap,17,8,"['time_encoding', 'timeline_index']","['z_score', None]",True,384,2,True,6,1,"(256, 256)",0.1,0.0001,123,focal,2,False,,Conv1d,,concatenation,64,16
0,0.41841403877033906,0.6015252470970154,0.589574675203115,[0.51954023 0.65960912],0.6301842627777208,[0.70404984 0.55631868],0.6108287795992714,[0.41165756 0.81      ],0.260415518283844,0.6192170977592468,0.5837728587842795,[0.70523416 0.46231156],0.5849394890183774,[0.69565217 0.4742268 ],0.5830320955197722,[0.7150838  0.45098039],35,3,5,11,15,4,umap,17,8,"['time_encoding', 'timeline_index']","['z_score', None]",True,384,2,True,6,1,"(256, 256)",0.1,0.0005,1,focal,2,False,,Conv1d,,concatenation,64,17
0,0.338690649060642,0.6129647493362427,0.6052121261559226,[0.54988914 0.66053512],0.6350391553515027,[0.70254958 0.56752874],0.6208652094717668,[0.45173042 0.79      ],0.21930972635746002,0.6370106935501099,0.6041160220994475,[0.71823204 0.49      ],0.605191256830601,[0.71038251 0.5       ],0.6033245700514843,[0.72625698 0.48039216],35,3,5,11,15,4,umap,17,8,"['time_encoding', 'timeline_index']","['z_score', None]",True,384,2,True,6,1,"(256, 256)",0.1,0.0005,12,focal,2,False,,Conv1d,,concatenation,64,17
0,0.3438989712911494,0.6139180064201355,0.6115443590749371,[0.5811789  0.64190981],0.6237630706935904,[0.6722488  0.57527734],0.61891985428051,[0.51183971 0.726     ],0.22819069027900696,0.6156583428382874,0.556004213483146,[0.71875    0.39325843],0.5668485237483953,[0.67317073 0.46052632],0.5570434877861759,[0.77094972 0.34313725],35,3,5,11,15,4,umap,17,8,"['time_encoding', 'timeline_index']","['z_score', None]",True,384,2,True,6,1,"(256, 256)",0.1,0.0005,123,focal,2,False,,Conv1d,,concatenation,64,17
0,0.4260707146981183,0.5948522686958313,0.579250413128765,[0.49822904 0.66027178],0.6289935566895146,[0.70805369 0.54993342],0.605167577413479,[0.38433515 0.826     ],0.24126178324222564,0.6405693888664246,0.6137851262162346,[0.71549296 0.51207729],0.613176406926407,[0.72159091 0.5047619 ],0.6145525249205828,[0.70949721 0.51960784],35,3,5,11,15,4,umap,17,8,"['time_encoding', 'timeline_index']","['z_score', None]",True,384,2,True,6,1,"(512, 512)",0.5,0.001,1,focal,2,False,,Conv1d,,concatenation,64,18
0,0.3362138674539678,0.6091516017913818,0.6047257554591574,[0.56289979 0.64655172],0.6234225286281843,[0.67866324 0.56818182],0.6154371584699454,[0.48087432 0.75      ],0.22054342925548553,0.6227757930755615,0.5785795132993774,[0.71505376 0.44210526],0.5831959491285916,[0.68911917 0.47727273],0.5773907328294446,[0.74301676 0.41176471],35,3,5,11,15,4,umap,17,8,"['time_encoding', 'timeline_index']","['z_score', None]",True,384,2,True,6,1,"(512, 512)",0.5,0.001,12,focal,2,False,,Conv1d,,concatenation,64,18
0,0.31521787187632394,0.6167778968811035,0.6124384236453202,[0.57142857 0.65344828],0.6315942198332944,[0.68894602 0.57424242],0.62308014571949,[0.48816029 0.758     ],0.23032795786857604,0.6156583428382874,0.5683809307088405,[0.71122995 0.42553191],0.5735837805605247,[0.68205128 0.46511628],0.5675868112608172,[0.74301676 0.39215686],35,3,5,11,15,4,umap,17,8,"['time_encoding', 'timeline_index']","['z_score', None]",True,384,2,True,6,1,"(512, 512)",0.5,0.001,123,focal,2,False,,Conv1d,,concatenation,64,18
0,0.3252647431457744,0.6005719900131226,0.5929005756415184,[0.53701657 0.64878458],0.6205129140522399,[0.68258427 0.55844156],0.6083114754098361,[0.44262295 0.774     ],0.24425027072429656,0.5943060517311096,0.5444020935259983,[0.69518717 0.39361702],0.5484496124031008,[0.66666667 0.43023256],0.5445010406397196,[0.72625698 0.3627451 ],35,3,5,11,15,4,umap,17,8,"['time_encoding', 'timeline_index']","['z_score', None]",True,384,2,True,6,1,"(512, 512)",0.5,0.0001,1,focal,2,False,,Conv1d,,concatenation,64,19
0,0.3830372086342643,0.599618673324585,0.5889498432601881,[0.52272727 0.65517241],0.6252871773725269,[0.69486405 0.55571031],0.608471766848816,[0.41894353 0.798     ],0.2798691809177399,0.6085408926010132,0.5730662983425414,[0.6961326 0.45     ],0.5738541318166611,[0.68852459 0.45918367],0.5725435425566875,[0.70391061 0.44117647],35,3,5,11,15,4,umap,17,8,"['time_encoding', 'timeline_index']","['z_score', None]",True,384,2,True,6,1,"(512, 512)",0.5,0.0001,12,focal,2,False,,Conv1d,,concatenation,64,19
0,0.3873213406871347,0.6120114326477051,0.6116500527116722,[0.59980334 0.62349676],0.6158719125586596,[0.6517094  0.58003442],0.6147777777777779,[0.55555556 0.674     ],0.1952607214450836,0.7153024673461914,0.6851187808157777,[0.7826087  0.58762887],0.690734989648033,[0.76190476 0.61956522],0.6816464015773908,[0.80446927 0.55882353],35,3,5,11,15,4,umap,17,8,"['time_encoding', 'timeline_index']","['z_score', None]",True,384,2,True,6,1,"(512, 512)",0.5,0.0001,123,focal,2,False,,Conv1d,,concatenation,64,19
0,0.32282689652022195,0.631077229976654,0.6289189863629009,[0.6006192  0.65721878],0.6413411310470134,[0.69285714 0.58982512],0.6360273224043715,[0.53005464 0.742     ],0.8067473649978638,0.6085408926010132,0.5530653556969347,[0.71052632 0.3956044 ],0.5608208955223881,[0.67164179 0.45      ],0.5535655603023333,[0.75418994 0.35294118],35,3,5,11,15,4,umap,17,8,"['time_encoding', 'timeline_index']","['z_score', None]",True,384,2,True,6,1,"(512, 512)",0.5,0.0005,1,focal,2,False,,Conv1d,,concatenation,64,20
0,0.34232497039963217,0.6320305466651917,0.6250629657614413,[0.57395143 0.6761745 ],0.6553306293615713,[0.72829132 0.58236994],0.6397941712204007,[0.47358834 0.806     ],0.5929900288581849,0.6120996475219727,0.5797165086378417,[0.69637883 0.46305419],0.5798954895489549,[0.69444444 0.46534653],0.5795541680359294,[0.69832402 0.46078431],35,3,5,11,15,4,umap,17,8,"['time_encoding', 'timeline_index']","['z_score', None]",True,384,2,True,6,1,"(512, 512)",0.5,0.0005,12,focal,2,False,,Conv1d,,concatenation,64,20
0,0.33476929278934703,0.605338454246521,0.5988905636956088,[0.54803493 0.64974619],0.6234867795472525,[0.68392371 0.56304985],0.6125974499089253,[0.4571949 0.768    ],0.23749347031116486,0.6120996475219727,0.5655276111040186,[0.7077748  0.42328042],0.5700912430382747,[0.68041237 0.45977011],0.5647935151714317,[0.73743017 0.39215686],35,3,5,11,15,4,umap,17,8,"['time_encoding', 'timeline_index']","['z_score', None]",True,384,2,True,6,1,"(512, 512)",0.5,0.0005,123,focal,2,False,,Conv1d,,concatenation,64,20
0,0.35922420726102944,0.6015252470970154,0.5884467521155737,[0.51508121 0.6618123 ],0.6324858487289902,[0.70926518 0.55570652],0.6111857923497268,[0.40437158 0.818     ],0.2342976599931717,0.6370106935501099,0.6091687574997273,[0.71348315 0.50485437],0.6087570621468927,[0.71751412 0.5       ],0.6096505641362691,[0.70949721 0.50980392],35,3,5,11,15,4,umap,17,8,"['time_encoding', 'timeline_index']","['z_score', None]",True,384,2,True,6,1,"(512, 512)",0.1,0.001,1,focal,2,False,,Conv1d,,concatenation,64,21
0,0.31777163463480335,0.6148713231086731,0.6122038886123393,[0.58004158 0.6443662 ],0.6255082461510347,[0.67554479 0.5754717 ],0.6200983606557378,[0.50819672 0.732     ],0.2244029849767685,0.6156583428382874,0.563664596273292,[0.71428571 0.41304348],0.5709032969726683,[0.67839196 0.46341463],0.5633694818709607,[0.75418994 0.37254902],35,3,5,11,15,4,umap,17,8,"['time_encoding', 'timeline_index']","['z_score', None]",True,384,2,True,6,1,"(512, 512)",0.1,0.001,12,focal,2,False,,Conv1d,,concatenation,64,21
0,0.30397992975571575,0.6491897106170654,0.6432816843101308,[0.68918919 0.59737418],0.6509699874472212,[0.64251969 0.65942029],0.644584699453552,[0.7431694 0.546    ],0.2420376718044281,0.6797152757644653,0.587250293772033,[0.7826087  0.39189189],0.6598982423681776,[0.6893617  0.63043478],0.5946708292255449,[0.90502793 0.28431373],35,3,5,11,15,4,umap,17,8,"['time_encoding', 'timeline_index']","['z_score', None]",True,384,2,True,6,1,"(512, 512)",0.1,0.001,123,focal,2,False,,Conv1d,,concatenation,64,21
0,0.35979418193592744,0.5938989520072937,0.5780991548274533,[0.4964539  0.65974441],0.6281364173651407,[0.70707071 0.54920213],0.6042568306010929,[0.38251366 0.826     ],0.24285499453544618,0.6263344883918762,0.5968436154949784,[0.70588235 0.48780488],0.5966510308716046,[0.70786517 0.48543689],0.5970533464782561,[0.70391061 0.49019608],35,3,5,11,15,4,umap,17,8,"['time_encoding', 'timeline_index']","['z_score', None]",True,384,2,True,6,1,"(512, 512)",0.1,0.0001,1,focal,2,False,,Conv1d,,concatenation,64,22
0,0.7949398370350108,0.5948522686958313,0.5921107405730075,[0.55867082 0.62555066],0.6044067861082583,[0.64975845 0.55905512],0.5999908925318761,[0.48998179 0.71      ],0.91797434091568,0.6761565804481506,0.6560124836891454,[0.73925501 0.57276995],0.6541865394806572,[0.75882353 0.54954955],0.6593548033738634,[0.72067039 0.59803922],35,3,5,11,15,4,umap,17,8,"['time_encoding', 'timeline_index']","['z_score', None]",True,384,2,True,6,1,"(512, 512)",0.1,0.0001,12,focal,2,False,,Conv1d,,concatenation,64,22
0,0.5717846733682296,0.5958055257797241,0.5954963803703299,[0.60667904 0.58431373],0.595612185546023,[0.61814745 0.57307692],0.5958142076502733,[0.59562842 0.596     ],0.32521434128284454,0.6868327260017395,0.6183950617283951,[0.78       0.45679012],0.6612745098039217,[0.70588235 0.61666667],0.6171267389637419,[0.87150838 0.3627451 ],35,3,5,11,15,4,umap,17,8,"['time_encoding', 'timeline_index']","['z_score', None]",True,384,2,True,6,1,"(512, 512)",0.1,0.0001,123,focal,2,False,,Conv1d,,concatenation,64,22
0,0.4349096259650062,0.5977120995521545,0.584214975391667,[0.50930233 0.65912763],0.6285127963819831,[0.70418006 0.55284553],0.6074535519125683,[0.3989071 0.816    ],0.24334056675434113,0.6298932433128357,0.5998466425676415,[0.70949721 0.49019608],0.5998466425676415,[0.70949721 0.49019608],0.5998466425676415,[0.70949721 0.49019608],35,3,5,11,15,4,umap,17,8,"['time_encoding', 'timeline_index']","['z_score', None]",True,384,2,True,6,1,"(512, 512)",0.1,0.0005,1,focal,2,False,,Conv1d,,concatenation,64,23
0,0.32890234449330497,0.6167778968811035,0.6145920157929371,[0.58556701 0.64361702],0.6263049003736932,[0.67458432 0.57802548],0.6216520947176685,[0.51730419 0.726     ],0.21957126259803772,0.6298932433128357,0.5724485018726592,[0.72916667 0.41573034],0.5848844672657253,[0.68292683 0.48684211],0.5724340015335743,[0.78212291 0.3627451 ],35,3,5,11,15,4,umap,17,8,"['time_encoding', 'timeline_index']","['z_score', None]",True,384,2,True,6,1,"(512, 512)",0.1,0.0005,12,focal,2,False,,Conv1d,,concatenation,64,23
0,0.353076110867893,0.6148713231086731,0.6109736215962165,[0.5720339  0.64991334],0.6284693996051562,[0.6835443 0.5733945],0.6209016393442623,[0.49180328 0.75      ],0.22795571088790895,0.6156583428382874,0.5749103541012999,[0.70652174 0.44329897],0.5776109960892569,[0.68783069 0.4673913 ],0.573912805345602,[0.72625698 0.42156863],35,3,5,11,15,4,umap,17,8,"['time_encoding', 'timeline_index']","['z_score', None]",True,384,2,True,6,1,"(512, 512)",0.1,0.0005,123,focal,2,False,,Conv1d,,concatenation,64,23
0,0.37588563561439514,0.5967588424682617,0.5873984250123438,[0.52525253 0.64954432],0.6193329859301719,[0.68421053 0.55445545],0.6051147540983607,[0.42622951 0.784     ],0.2405265301465988,0.6263344883918762,0.5877174596520645,[0.71389646 0.46153846],0.5903397391901166,[0.69680851 0.48387097],0.5865100230036149,[0.73184358 0.44117647],35,3,5,11,15,4,umap,17,8,"['time_encoding', 'timeline_index']","['z_score', None]",True,384,2,True,12,1,"(256, 256)",0.5,0.001,1,focal,2,False,,Conv1d,,concatenation,64,24
0,0.3040216486243641,0.6139180064201355,0.6110550113933796,[0.57768509 0.64442493],0.6249723271880606,[0.67560976 0.5743349 ],0.6192768670309654,[0.50455373 0.734     ],0.22521789073944093,0.6192170977592468,0.5664893233559698,[0.7176781  0.41530055],0.5745679012345679,[0.68      0.4691358],0.5661627779603462,[0.75977654 0.37254902],35,3,5,11,15,4,umap,17,8,"['time_encoding', 'timeline_index']","['z_score', None]",True,384,2,True,12,1,"(256, 256)",0.5,0.001,12,focal,2,False,,Conv1d,,concatenation,64,24
0,0.30596404566484336,0.6120114326477051,0.6083080962608154,[0.57022175 0.64639444],0.6249102656137833,[0.67839196 0.57142857],0.6179016393442622,[0.49180328 0.744     ],0.22419310510158538,0.6085408926010132,0.5626768534238823,[0.70430108 0.42105263],0.5666509656146962,[0.67875648 0.45454545],0.5620002190820462,[0.73184358 0.39215686],35,3,5,11,15,4,umap,17,8,"['time_encoding', 'timeline_index']","['z_score', None]",True,384,2,True,12,1,"(256, 256)",0.5,0.001,123,focal,2,False,,Conv1d,,concatenation,64,24
0,0.27560021596796375,0.5910391211509705,0.5703860903235414,[0.47619048 0.6645817 ],0.6338967337041792,[0.72222222 0.54557125],0.6025956284153006,[0.35519126 0.85      ],0.24403434693813325,0.6441280841827393,0.627715951245363,[0.70588235 0.54954955],0.6268374741200828,[0.74534161 0.50833333],0.6342151385693942,[0.67039106 0.59803922],35,3,5,11,15,4,umap,17,8,"['time_encoding', 'timeline_index']","['z_score', None]",True,384,2,True,12,1,"(256, 256)",0.5,0.0001,1,focal,2,False,,Conv1d,,concatenation,64,25
0,0.2789456861860612,0.5824595093727112,0.552599906520215,[0.43701799 0.66818182],0.6400814783257003,[0.74235808 0.53780488],0.5958269581056466,[0.30965392 0.882     ],0.251726233959198,0.6227757930755615,0.6053789083200848,[0.68823529 0.52252252],0.6050207039337474,[0.72670807 0.48333333],0.6111293679482966,[0.65363128 0.56862745],35,3,5,11,15,4,umap,17,8,"['time_encoding', 'timeline_index']","['z_score', None]",True,384,2,True,12,1,"(256, 256)",0.5,0.0001,12,focal,2,False,,Conv1d,,concatenation,64,25
0,0.40478649910758524,0.6072450280189514,0.598245692315701,[0.53811659 0.65837479],0.6310157004930665,[0.69970845 0.56232295],0.6155792349726776,[0.43715847 0.794     ],0.22952763736248016,0.6583629846572876,0.6099479467900522,[0.74736842 0.47252747],0.6219838308457711,[0.70646766 0.5375    ],0.6074323584182276,[0.79329609 0.42156863],35,3,5,11,15,4,umap,17,8,"['time_encoding', 'timeline_index']","['z_score', None]",True,384,2,True,12,1,"(256, 256)",0.5,0.0001,123,focal,2,False,,Conv1d,,concatenation,64,25
0,0.2617090265540516,0.6081982851028442,0.607957443906431,[0.59824047 0.61767442],0.6114804623004952,[0.64556962 0.5773913 ],0.6106885245901639,[0.55737705 0.664     ],0.25388428568840027,0.6583629846572876,0.6076788830715533,[0.7486911  0.46666667],0.6214475179992421,[0.7044335  0.53846154],0.6053236937232993,[0.79888268 0.41176471],35,3,5,11,15,4,umap,17,8,"['time_encoding', 'timeline_index']","['z_score', None]",True,384,2,True,12,1,"(256, 256)",0.5,0.0005,1,focal,2,False,,Conv1d,,concatenation,64,26
0,0.3132860301172032,0.6101048588752747,0.6032383384950576,[0.55104281 0.65543387],0.6298000755949078,[0.69337017 0.56622999],0.6175974499089254,[0.4571949 0.778    ],0.22062712907791138,0.6334519386291504,0.5935942260977014,[0.72086721 0.46632124],0.5972527472527472,[0.7        0.49450549],0.5920966151823859,[0.74301676 0.44117647],35,3,5,11,15,4,umap,17,8,"['time_encoding', 'timeline_index']","['z_score', None]",True,384,2,True,12,1,"(256, 256)",0.5,0.0005,12,focal,2,False,,Conv1d,,concatenation,64,26
0,0.3353839306270375,0.6148713231086731,0.6046088968502762,[0.54090909 0.6683087 ],0.6429428001582105,[0.71903323 0.56685237],0.6237577413479053,[0.43351548 0.814     ],0.2276730626821518,0.6298932433128357,0.5981298129812981,[0.71111111 0.48514851],0.5985911602209945,[0.70718232 0.49      ],0.5977379778727133,[0.7150838  0.48039216],35,3,5,11,15,4,umap,17,8,"['time_encoding', 'timeline_index']","['z_score', None]",True,384,2,True,12,1,"(256, 256)",0.5,0.0005,123,focal,2,False,,Conv1d,,concatenation,64,26
0,0.3878099287257475,0.5786463618278503,0.5563828484389232,[0.45700246 0.65576324],0.6194382941855987,[0.70188679 0.5369898 ],0.5903989071038251,[0.33879781 0.842     ],0.21414211690425872,0.6619216799736023,0.6489578539022947,[0.71641791 0.5814978 ],0.6486153846153846,[0.76923077 0.528     ],0.6587249424909629,[0.67039106 0.64705882],35,3,5,11,15,4,umap,17,8,"['time_encoding', 'timeline_index']","['z_score', None]",True,384,2,True,12,1,"(256, 256)",0.1,0.001,1,focal,2,False,,Conv1d,,concatenation,64,27
0,0.31930604489410624,0.6129647493362427,0.611818599428338,[0.59072581 0.63291139],0.6194786521541544,[0.66139955 0.57755776],0.6168488160291439,[0.53369763 0.7       ],0.2247668743133545,0.6156583428382874,0.556004213483146,[0.71875    0.39325843],0.5668485237483953,[0.67317073 0.46052632],0.5570434877861759,[0.77094972 0.34313725],35,3,5,11,15,4,umap,17,8,"['time_encoding', 'timeline_index']","['z_score', None]",True,384,2,True,12,1,"(256, 256)",0.1,0.001,12,focal,2,False,,Conv1d,,concatenation,64,27
0,0.3324790824862087,0.6186844706535339,0.6168288477835248,[0.59016393 0.64349376],0.6274294600028615,[0.67447307 0.58038585],0.6232950819672132,[0.52459016 0.722     ],0.2307034909725189,0.6120996475219727,0.5558504082017373,[0.71391076 0.39779006],0.5644817646321594,[0.67326733 0.4556962 ],0.5563588563917187,[0.75977654 0.35294118],35,3,5,11,15,4,umap,17,8,"['time_encoding', 'timeline_index']","['z_score', None]",True,384,2,True,12,1,"(256, 256)",0.1,0.001,123,focal,2,False,,Conv1d,,concatenation,64,27
0,0.4169626113246469,0.6177312135696411,0.6172288815667948,[0.60336301 0.63109476],0.6222501235278066,[0.66017316 0.58432709],0.6207777777777779,[0.55555556 0.686     ],0.24800209403038026,0.6014235019683838,0.5742424242424242,[0.68181818 0.46666667],0.5736726611004068,[0.69364162 0.4537037 ],0.5753916091576295,[0.67039106 0.48039216],35,3,5,11,15,4,umap,17,8,"['time_encoding', 'timeline_index']","['z_score', None]",True,384,2,True,12,1,"(256, 256)",0.1,0.0001,1,focal,2,False,,Conv1d,,concatenation,64,28
0,0.4563431494376239,0.5738798975944519,0.573841158010399,[0.56977863 0.57790368],0.5757438574714322,[0.60408163 0.54740608],0.5755810564663024,[0.53916211 0.612     ],0.16434209644794465,0.7829181551933289,0.7627116297742156,[0.83195592 0.69346734],0.7659961900493053,[0.82065217 0.71134021],0.7600230036148539,[0.84357542 0.67647059],35,3,5,11,15,4,umap,17,8,"['time_encoding', 'timeline_index']","['z_score', None]",True,384,2,True,12,1,"(256, 256)",0.1,0.0001,12,focal,2,False,,Conv1d,,concatenation,64,28
0,0.457386760150685,0.5948522686958313,0.5947800637153984,[0.60018815 0.58937198],0.5953580130186552,[0.62062257 0.57009346],0.595528233151184,[0.58105647 0.61      ],0.49218044281005857,0.7046263217926025,0.6331996540064482,[0.79506173 0.47133758],0.6925583266291231,[0.71238938 0.67272727],0.6310932194106693,[0.89944134 0.3627451 ],35,3,5,11,15,4,umap,17,8,"['time_encoding', 'timeline_index']","['z_score', None]",True,384,2,True,12,1,"(256, 256)",0.1,0.0001,123,focal,2,False,,Conv1d,,concatenation,64,28
0,0.3292148963493459,0.6081982851028442,0.5968497089557472,[0.52920962 0.6644898 ],0.6371711366538952,[0.71296296 0.56137931],0.6173825136612021,[0.42076503 0.814     ],0.22735782861709594,0.6548042893409729,0.6172683488492916,[0.73712737 0.49740933],0.621631000578369,[0.71578947 0.52747253],0.6151823858034834,[0.75977654 0.47058824],35,3,5,11,15,4,umap,17,8,"['time_encoding', 'timeline_index']","['z_score', None]",True,384,2,True,12,1,"(256, 256)",0.1,0.0005,1,focal,2,False,,Conv1d,,concatenation,64,29
0,0.37342312055475574,0.6081982851028442,0.5628089644955113,[0.703677   0.42194093],0.6466196880408104,[0.5823389  0.71090047],0.5944444444444444,[0.88888889 0.3       ],0.271006241440773,0.6725978851318359,0.5665325285043595,[0.78095238 0.35211268],0.6527489626556017,[0.68049793 0.625     ],0.580649578267061,[0.91620112 0.24509804],35,3,5,11,15,4,umap,17,8,"['time_encoding', 'timeline_index']","['z_score', None]",True,384,2,True,12,1,"(256, 256)",0.1,0.0005,12,focal,2,False,,Conv1d,,concatenation,64,29
0,0.3461233289802776,0.6043851375579834,0.5980200872225356,[0.5474373  0.64860288],0.6222367202962396,[0.68206522 0.56240822],0.6115974499089254,[0.4571949 0.766    ],0.23089879751205444,0.6405693888664246,0.6105630034167159,[0.71866295 0.50246305],0.6108085808580859,[0.71666667 0.5049505 ],0.6103351955307262,[0.72067039 0.5       ],35,3,5,11,15,4,umap,17,8,"['time_encoding', 'timeline_index']","['z_score', None]",True,384,2,True,12,1,"(256, 256)",0.1,0.0005,123,focal,2,False,,Conv1d,,concatenation,64,29
0,0.36572190417962913,0.5938989520072937,0.575037087755335,[0.48550725 0.66456693],0.6342410277894148,[0.72043011 0.54805195],0.6050601092896175,[0.36612022 0.844     ],0.2329486846923828,0.6405693888664246,0.6137851262162346,[0.71549296 0.51207729],0.613176406926407,[0.72159091 0.5047619 ],0.6145525249205828,[0.70949721 0.51960784],35,3,5,11,15,4,umap,17,8,"['time_encoding', 'timeline_index']","['z_score', None]",True,384,2,True,12,1,"(512, 512)",0.5,0.001,1,focal,2,False,,Conv1d,,concatenation,64,30
0,0.33182186238905964,0.6101048588752747,0.606529157621829,[0.56902002 0.64403829],0.6225539291217257,[0.675      0.57010786],0.6159016393442622,[0.49180328 0.74      ],0.22106562554836273,0.6227757930755615,0.5763738764364547,[0.71657754 0.43617021],0.5819618366129994,[0.68717949 0.47674419],0.5752820681345163,[0.74860335 0.40196078],35,3,5,11,15,4,umap,17,8,"['time_encoding', 'timeline_index']","['z_score', None]",True,384,2,True,12,1,"(512, 512)",0.5,0.001,12,focal,2,False,,Conv1d,,concatenation,64,30
0,0.30033738823497996,0.6148713231086731,0.611549855544312,[0.57563025 0.64746946],0.6271020749948144,[0.67990074 0.57430341],0.6205446265938069,[0.49908925 0.742     ],0.2213001787662506,0.6156583428382874,0.566060398078243,[0.71276596 0.41935484],0.5722443799854968,[0.68020305 0.46428571],0.5654781465658889,[0.74860335 0.38235294],35,3,5,11,15,4,umap,17,8,"['time_encoding', 'timeline_index']","['z_score', None]",True,384,2,True,12,1,"(512, 512)",0.5,0.001,123,focal,2,False,,Conv1d,,concatenation,64,30
0,0.3313595266903148,0.6005719900131226,0.590057425219903,[0.52440409 0.65571076],0.626134244089328,[0.69578313 0.55648536],0.6093825136612022,[0.42076503 0.798     ],0.24280783534049988,0.5871886014938354,0.5339167238618165,[0.69148936 0.37634409],0.5382825719120136,[0.65989848 0.41666667],0.5346971190710921,[0.72625698 0.34313725],35,3,5,11,15,4,umap,17,8,"['time_encoding', 'timeline_index']","['z_score', None]",True,384,2,True,12,1,"(512, 512)",0.5,0.0001,1,focal,2,False,,Conv1d,,concatenation,64,31
0,0.844627766048207,0.5633937120437622,0.5633901373328778,[0.56463878 0.56214149],0.5644593974613855,[0.59045726 0.53846154],0.5644918032786885,[0.54098361 0.588     ],0.2036081850528717,0.7473309636116028,0.7376421855480306,[0.7880597  0.68722467],0.7350769230769231,[0.84615385 0.624     ],0.7510680249753532,[0.73743017 0.76470588],35,3,5,11,15,4,umap,17,8,"['time_encoding', 'timeline_index']","['z_score', None]",True,384,2,True,12,1,"(512, 512)",0.5,0.0001,12,focal,2,False,,Conv1d,,concatenation,64,31
0,0.47272824364549976,0.5967588424682617,0.595981917261913,[0.5782652  0.61369863],0.6017362010883649,[0.63876652 0.56470588],0.6001165755919855,[0.52823315 0.672     ],0.22708507776260375,0.6975088715553284,0.6494973952601071,[0.77922078 0.51977401],0.6707443365695793,[0.72815534 0.61333333],0.6444846094862526,[0.83798883 0.45098039],35,3,5,11,15,4,umap,17,8,"['time_encoding', 'timeline_index']","['z_score', None]",True,384,2,True,12,1,"(512, 512)",0.5,0.0001,123,focal,2,False,,Conv1d,,concatenation,64,31
0,0.4399891513235429,0.6167778968811035,0.6052847354824217,[0.53793103 0.67263844],0.6481398274622574,[0.72897196 0.56730769],0.6261147540983606,[0.42622951 0.826     ],0.3473324358463287,0.6370106935501099,0.5923597678916828,[0.72727273 0.45744681],0.5987179487179487,[0.6974359 0.5      ],0.5906725818819147,[0.75977654 0.42156863],35,3,5,11,15,4,umap,17,8,"['time_encoding', 'timeline_index']","['z_score', None]",True,384,2,True,12,1,"(512, 512)",0.5,0.0005,1,focal,2,False,,Conv1d,,concatenation,64,32
0,0.32549454973024483,0.6129647493362427,0.6082566208231235,[0.56531049 0.65120275],0.6282487091222031,[0.68571429 0.57078313],0.6194371584699454,[0.48087432 0.758     ],0.22228958308696747,0.6227757930755615,0.5763738764364547,[0.71657754 0.43617021],0.5819618366129994,[0.68717949 0.47674419],0.5752820681345163,[0.74860335 0.40196078],35,3,5,11,15,4,umap,17,8,"['time_encoding', 'timeline_index']","['z_score', None]",True,384,2,True,12,1,"(512, 512)",0.5,0.0005,12,focal,2,False,,Conv1d,,concatenation,64,32
0,0.32190435072954965,0.6091516017913818,0.6033375389201234,[0.55531453 0.65136054],0.6264475625426337,[0.68632708 0.56656805],0.6161511839708561,[0.46630237 0.766     ],0.22513726055622102,0.6227757930755615,0.5785795132993774,[0.71505376 0.44210526],0.5831959491285916,[0.68911917 0.47727273],0.5773907328294446,[0.74301676 0.41176471],35,3,5,11,15,4,umap,17,8,"['time_encoding', 'timeline_index']","['z_score', None]",True,384,2,True,12,1,"(512, 512)",0.5,0.0005,123,focal,2,False,,Conv1d,,concatenation,64,32
0,0.4090502875692704,0.5967588424682617,0.5869067557163431,[0.52311161 0.6507019 ],0.620269809169517,[0.68639053 0.55414909],0.6052932604735883,[0.42258652 0.788     ],0.24230002164840697,0.6156583428382874,0.580828729281768,[0.70165746 0.46      ],0.5816884130701461,[0.69398907 0.46938776],0.5802387994303867,[0.70949721 0.45098039],35,3,5,11,15,4,umap,17,8,"['time_encoding', 'timeline_index']","['z_score', None]",True,384,2,True,12,1,"(512, 512)",0.1,0.001,1,focal,2,False,,Conv1d,,concatenation,64,33
0,0.32678773297983055,0.6158245801925659,0.6133452844253187,[0.58238342 0.64430715],0.6260500212662535,[0.67548077 0.57661927],0.62091985428051,[0.51183971 0.73      ],0.22408494651317595,0.6156583428382874,0.5611914401388086,[0.71578947 0.40659341],0.5695584577114428,[0.67661692 0.4625    ],0.5612608171760324,[0.75977654 0.3627451 ],35,3,5,11,15,4,umap,17,8,"['time_encoding', 'timeline_index']","['z_score', None]",True,384,2,True,12,1,"(512, 512)",0.1,0.001,12,focal,2,False,,Conv1d,,concatenation,64,33
0,0.28556416052229266,0.6301239132881165,0.6072798709368656,[0.70199693 0.51256281],0.6480474498402785,[0.60690571 0.68918919],0.6202112932604735,[0.83242259 0.408     ],0.23760829269886016,0.6583629846572876,0.5706646294881589,[0.76470588 0.37662338],0.6194575075579443,[0.68122271 0.55769231],0.5779110526892322,[0.87150838 0.28431373],35,3,5,11,15,4,umap,17,8,"['time_encoding', 'timeline_index']","['z_score', None]",True,384,2,True,12,1,"(512, 512)",0.1,0.001,123,focal,2,False,,Conv1d,,concatenation,64,33
0,0.3459746767492855,0.6015252470970154,0.5952125106162993,[0.54466231 0.64576271],0.6189004463574048,[0.67750678 0.56029412],0.6086867030965392,[0.45537341 0.762     ],0.24086637198925018,0.6049821972846985,0.5477008744072737,[0.70866142 0.38674033],0.5556774031833563,[0.66831683 0.44303797],0.5486635995180196,[0.75418994 0.34313725],35,3,5,11,15,4,umap,17,8,"['time_encoding', 'timeline_index']","['z_score', None]",True,384,2,True,12,1,"(512, 512)",0.1,0.0001,1,focal,2,False,,Conv1d,,concatenation,64,34
0,0.4153995180831236,0.602478563785553,0.5986842165620639,[0.55966209 0.63770634],0.6147886128028777,[0.66582915 0.56374808],0.6083479052823315,[0.48269581 0.734     ],0.34765043258666994,0.6334519386291504,0.5935942260977014,[0.72086721 0.46632124],0.5972527472527472,[0.7        0.49450549],0.5920966151823859,[0.74301676 0.44117647],35,3,5,11,15,4,umap,17,8,"['time_encoding', 'timeline_index']","['z_score', None]",True,384,2,True,12,1,"(512, 512)",0.1,0.0001,12,focal,2,False,,Conv1d,,concatenation,64,34
0,0.37467582085553336,0.5938989520072937,0.5937036309679672,[0.58479532 0.60261194],0.5968080661476888,[0.62893082 0.56468531],0.596224043715847,[0.54644809 0.646     ],0.2233671009540558,0.6797152757644653,0.630003511235955,[0.765625   0.49438202],0.64801026957638,[0.71707317 0.57894737],0.6263007996494687,[0.82122905 0.43137255],35,3,5,11,15,4,umap,17,8,"['time_encoding', 'timeline_index']","['z_score', None]",True,384,2,True,12,1,"(512, 512)",0.1,0.0001,123,focal,2,False,,Conv1d,,concatenation,64,34
0,0.38075362233554616,0.5967588424682617,0.5861438922864415,[0.51986379 0.65242399],0.6217274957570869,[0.68975904 0.55369596],0.6055610200364299,[0.41712204 0.794     ],0.2388424277305603,0.6334519386291504,0.6011218147489699,[0.71468144 0.48756219],0.6018703518703519,[0.70879121 0.49494949],0.6005312739620988,[0.72067039 0.48039216],35,3,5,11,15,4,umap,17,8,"['time_encoding', 'timeline_index']","['z_score', None]",True,384,2,True,12,1,"(512, 512)",0.1,0.0005,1,focal,2,False,,Conv1d,,concatenation,64,35
0,0.3519988857647952,0.6015252470970154,0.5935435190472306,[0.53658537 0.65050167],0.6222302269545115,[0.68555241 0.55890805],0.6094007285974499,[0.44080146 0.778     ],0.21413336992263793,0.6939501762390137,0.6730790043290042,[0.75568182 0.59047619],0.6714301006208521,[0.76878613 0.57407407],0.6754299485157191,[0.74301676 0.60784314],35,3,5,11,15,4,umap,17,8,"['time_encoding', 'timeline_index']","['z_score', None]",True,384,2,True,12,1,"(512, 512)",0.1,0.0005,12,focal,2,False,,Conv1d,,concatenation,64,35
0,0.30424503105528217,0.5853193402290344,0.5812029350624319,[0.53968254 0.62272333],0.5968548424520859,[0.64393939 0.54977029],0.59124043715847,[0.46448087 0.718     ],0.23230256140232086,0.7188612222671509,0.6742387555946878,[0.79480519 0.55367232],0.6980258899676375,[0.74271845 0.65333333],0.6675703801073503,[0.8547486  0.48039216],35,3,5,11,15,4,umap,17,8,"['time_encoding', 'timeline_index']","['z_score', None]",True,384,2,True,12,1,"(512, 512)",0.1,0.0005,123,focal,2,False,,Conv1d,,concatenation,64,35
