,loss,accuracy,f1,f1_scores,precision,precision_scores,recall,recall_scores,valid_loss,valid_accuracy,valid_f1,valid_f1_scores,valid_precision,valid_precision_scores,valid_recall,valid_recall_scores,k,shift,window_size,n,dimensions,sig_depth,method,input_channels,output_channels,features,standardise_method,add_time_in_path,num_features,embedding_dim,log_signature,swnu_hidden_dim,lstm_hidden_dim,ffn_hidden_dim,dropout_rate,learning_rate,seed,BiLSTM,loss_function,gamma,k_fold,n_splits,augmentation_type,hidden_dim_aug,comb_method,batch_size,model_id
0,0.48640868944280286,0.6072450280189514,0.594916919108605,[0.52424942 0.66558442],0.638098808846598,[0.71608833 0.56010929],0.6167395264116575,[0.41347905 0.82      ],0.21321287751197815,0.6690391302108765,0.655351137487636,[0.72403561 0.58666667],0.654368632293918,[0.7721519  0.53658537],0.6643115346697338,[0.68156425 0.64705882],35,3,5,11,15,3,gaussian_random_projection,17,,"['time_encoding', 'timeline_index']","['z_score', None]",True,2,384,True,"(12,)",384,"(256, 256)",0.5,0.001,1,True,focal,2,False,,Conv1d,,concatenation,64,0
0,0.3090121123720618,0.6367969512939453,0.6327587680246549,[0.67126833 0.5942492 ],0.6366201127749356,[0.63770492 0.63553531],0.633280510018215,[0.70856102 0.558     ],0.20750926434993744,0.6868327260017395,0.65529162484666,[0.75956284 0.55102041],0.6588917965638867,[0.74331551 0.57446809],0.6529740387775222,[0.77653631 0.52941176],35,3,5,11,15,3,gaussian_random_projection,17,,"['time_encoding', 'timeline_index']","['z_score', None]",True,2,384,True,"(12,)",384,"(256, 256)",0.5,0.001,12,True,focal,2,False,,Conv1d,,concatenation,64,0
0,0.31267864914501414,0.6329838037490845,0.6322137297524718,[0.64904284 0.61538462],0.6322027477890934,[0.64963504 0.61477046],0.6322258652094718,[0.64845173 0.616     ],0.19647830426692964,0.7117437720298767,0.63012496546793,[0.80387409 0.45637584],0.7164029823604292,[0.70940171 0.72340426],0.6303538175046555,[0.9273743  0.33333333],35,3,5,11,15,3,gaussian_random_projection,17,,"['time_encoding', 'timeline_index']","['z_score', None]",True,2,384,True,"(12,)",384,"(256, 256)",0.5,0.001,123,True,focal,2,False,,Conv1d,,concatenation,64,0
0,0.3009683279430165,0.6348903775215149,0.6321828873176898,[0.66374012 0.60062565],0.6340644732469258,[0.64067797 0.62745098],0.6322622950819672,[0.68852459 0.576     ],0.20934819281101227,0.6868327260017395,0.5688380527270192,[0.79439252 0.34328358],0.7007404618473896,[0.68273092 0.71875   ],0.5876054332347465,[0.94972067 0.2254902 ],35,3,5,11,15,3,gaussian_random_projection,17,,"['time_encoding', 'timeline_index']","['z_score', None]",True,2,384,True,"(12,)",384,"(256, 256)",0.5,0.0001,1,True,focal,2,False,,Conv1d,,concatenation,64,1
0,0.35154223529731526,0.6234509348869324,0.6210208122779177,[0.65136805 0.59067358],0.6223762704374725,[0.63184932 0.61290323],0.6210655737704918,[0.67213115 0.57      ],0.19689320921897888,0.7437722086906433,0.6963985594237695,[0.81632653 0.57647059],0.7358809721071526,[0.75117371 0.72058824],0.6871234527330485,[0.89385475 0.48039216],35,3,5,11,15,3,gaussian_random_projection,17,,"['time_encoding', 'timeline_index']","['z_score', None]",True,2,384,True,"(12,)",384,"(256, 256)",0.5,0.0001,12,True,focal,2,False,,Conv1d,,concatenation,64,1
0,0.27822379504933076,0.631077229976654,0.6294270840464773,[0.6541555  0.60469867],0.6300296670695528,[0.64210526 0.61795407],0.6293333333333333,[0.66666667 0.592     ],0.20832140147686004,0.7295373678207397,0.6679726368159205,[0.81094527 0.525     ],0.7275398175351786,[0.7309417  0.72413793],0.6611896155110089,[0.91061453 0.41176471],35,3,5,11,15,3,gaussian_random_projection,17,,"['time_encoding', 'timeline_index']","['z_score', None]",True,2,384,True,"(12,)",384,"(256, 256)",0.5,0.0001,123,True,focal,2,False,,Conv1d,,concatenation,64,1
0,0.3795437760212842,0.5795996189117432,0.5640686884716033,[0.48178613 0.64635124],0.6091496227736554,[0.67880795 0.5394913 ],0.5897030965391621,[0.37340619 0.806     ],0.23080309927463533,0.6298932433128357,0.6031073446327684,[0.70621469 0.5       ],0.6024258760107817,[0.71428571 0.49056604],0.6040639719574981,[0.69832402 0.50980392],35,3,5,11,15,3,gaussian_random_projection,17,,"['time_encoding', 'timeline_index']","['z_score', None]",True,2,384,True,"(12,)",384,"(256, 256)",0.5,0.0005,1,True,focal,2,False,,Conv1d,,concatenation,64,2
0,0.2652103339924532,0.6396568417549133,0.629341095706017,[0.69117647 0.56750572],0.6448841354723708,[0.62666667 0.6631016 ],0.6332459016393442,[0.7704918 0.496    ],0.2013126105070114,0.6725978851318359,0.6396230623396899,[0.74863388 0.53061224],0.6429059051086585,[0.73262032 0.55319149],0.6375835250301238,[0.76536313 0.50980392],35,3,5,11,15,3,gaussian_random_projection,17,,"['time_encoding', 'timeline_index']","['z_score', None]",True,2,384,True,"(12,)",384,"(256, 256)",0.5,0.0005,12,True,focal,2,False,,Conv1d,,concatenation,64,2
0,0.39224883037454944,0.6196377873420715,0.6127399956143638,[0.66442389 0.56105611],0.6203296913202934,[0.6171875  0.62347188],0.6147449908925319,[0.71948998 0.51      ],0.20964381694793702,0.7153024673461914,0.6478255420478756,[0.8019802  0.49367089],0.7082142857142857,[0.72       0.69642857],0.6436904370686822,[0.90502793 0.38235294],35,3,5,11,15,3,gaussian_random_projection,17,,"['time_encoding', 'timeline_index']","['z_score', None]",True,2,384,True,"(12,)",384,"(256, 256)",0.5,0.0005,123,True,focal,2,False,,Conv1d,,concatenation,64,2
0,0.43731240139288063,0.6043851375579834,0.5980200872225356,[0.5474373  0.64860288],0.6222367202962396,[0.68206522 0.56240822],0.6115974499089254,[0.4571949 0.766    ],0.21053626537322997,0.6548042893409729,0.6259862508061529,[0.72980501 0.52216749],0.6262651265126513,[0.72777778 0.52475248],0.6257257092781247,[0.73184358 0.51960784],35,3,5,11,15,3,gaussian_random_projection,17,,"['time_encoding', 'timeline_index']","['z_score', None]",True,2,384,True,"(12,)",384,"(256, 256)",0.1,0.001,1,True,focal,2,False,,Conv1d,,concatenation,64,3
0,0.29541585112319274,0.6291706562042236,0.625631079718568,[0.66203301 0.58922914],0.6285257196370042,[0.63289037 0.62416107],0.6259945355191256,[0.69398907 0.558     ],0.2094279021024704,0.6654804348945618,0.6426677489177489,[0.73295455 0.55238095],0.6413508884607151,[0.74566474 0.53703704],0.6446489210209223,[0.72067039 0.56862745],35,3,5,11,15,3,gaussian_random_projection,17,,"['time_encoding', 'timeline_index']","['z_score', None]",True,2,384,True,"(12,)",384,"(256, 256)",0.1,0.001,12,True,focal,2,False,,Conv1d,,concatenation,64,3
0,0.4625750709982479,0.6081982851028442,0.6030031279897532,[0.64841745 0.55758881],0.6075099631551244,[0.61129032 0.6037296 ],0.6041730418943534,[0.69034608 0.518     ],0.2128888785839081,0.6868327260017395,0.5998705501618122,[0.78640777 0.41333333],0.6705561516452074,[0.69527897 0.64583333],0.6044747507941725,[0.90502793 0.30392157],35,3,5,11,15,3,gaussian_random_projection,17,,"['time_encoding', 'timeline_index']","['z_score', None]",True,2,384,True,"(12,)",384,"(256, 256)",0.1,0.001,123,True,focal,2,False,,Conv1d,,concatenation,64,3
0,0.31393196302301746,0.6253575086593628,0.6246356819951107,[0.64109589 0.60817547],0.6246094859414939,[0.64285714 0.60636183],0.6246721311475409,[0.63934426 0.61      ],0.2053976535797119,0.6797152757644653,0.594191270860077,[0.7804878  0.40789474],0.6563203463203463,[0.69264069 0.62      ],0.5988881586154015,[0.89385475 0.30392157],35,3,5,11,15,3,gaussian_random_projection,17,,"['time_encoding', 'timeline_index']","['z_score', None]",True,2,384,True,"(12,)",384,"(256, 256)",0.1,0.0001,1,True,focal,2,False,,Conv1d,,concatenation,64,4
0,0.43026487091008353,0.6301239132881165,0.6285166660581942,[0.6529517  0.60408163],0.6290714704159344,[0.64147627 0.61666667],0.6284225865209472,[0.66484517 0.592     ],0.21025070250034333,0.7153024673461914,0.660381919265168,[0.79695431 0.52380952],0.6984496124031008,[0.73023256 0.66666667],0.6542337605433235,[0.87709497 0.43137255],35,3,5,11,15,3,gaussian_random_projection,17,,"['time_encoding', 'timeline_index']","['z_score', None]",True,2,384,True,"(12,)",384,"(256, 256)",0.1,0.0001,12,True,focal,2,False,,Conv1d,,concatenation,64,4
0,0.4770909530275008,0.6139180064201355,0.6113055292519247,[0.64317181 0.57943925],0.6127293434272698,[0.62286689 0.60259179],0.6114225865209473,[0.66484517 0.558     ],0.19394124150276185,0.7437722086906433,0.6922234392113911,[0.81818182 0.56626506],0.7404593894009217,[0.74654378 0.734375  ],0.682906123343192,[0.90502793 0.46078431],35,3,5,11,15,3,gaussian_random_projection,17,,"['time_encoding', 'timeline_index']","['z_score', None]",True,2,384,True,"(12,)",384,"(256, 256)",0.1,0.0001,123,True,focal,2,False,,Conv1d,,concatenation,64,4
0,0.35628332635935617,0.621544361114502,0.6213461232468802,[0.63000932 0.61268293],0.6215667030170847,[0.64503817 0.59809524],0.6218324225865209,[0.61566485 0.628     ],0.21947021186351776,0.6654804348945618,0.5981806011926494,[0.76262626 0.43373494],0.629176267281106,[0.69585253 0.5625    ],0.5982582977325008,[0.84357542 0.35294118],35,3,5,11,15,3,gaussian_random_projection,17,,"['time_encoding', 'timeline_index']","['z_score', None]",True,2,384,True,"(12,)",384,"(256, 256)",0.1,0.0005,1,True,focal,2,False,,Conv1d,,concatenation,64,5
0,0.30119697837268605,0.6320305466651917,0.6171214275988319,[0.69267516 0.5415677 ],0.6409712399811409,[0.61527581 0.66666667],0.6241748633879781,[0.79234973 0.456     ],0.20220062136650085,0.6939501762390137,0.6544555021734157,[0.7712766  0.53763441],0.6656393521875755,[0.73604061 0.5952381 ],0.6501259721765801,[0.81005587 0.49019608],35,3,5,11,15,3,gaussian_random_projection,17,,"['time_encoding', 'timeline_index']","['z_score', None]",True,2,384,True,"(12,)",384,"(256, 256)",0.1,0.0005,12,True,focal,2,False,,Conv1d,,concatenation,64,5
0,0.45307063881088705,0.6043851375579834,0.6010438193340268,[0.63755459 0.56453305],0.6031175459650059,[0.61241611 0.59381898],0.6014225865209473,[0.66484517 0.538     ],0.2060562252998352,0.6939501762390137,0.6563033337125953,[0.77005348 0.54255319],0.6657423971377461,[0.73846154 0.59302326],0.6522346368715084,[0.80446927 0.5       ],35,3,5,11,15,3,gaussian_random_projection,17,,"['time_encoding', 'timeline_index']","['z_score', None]",True,2,384,True,"(12,)",384,"(256, 256)",0.1,0.0005,123,True,focal,2,False,,Conv1d,,concatenation,64,5
0,0.43650685338413014,0.6158245801925659,0.6123013460185748,[0.57534247 0.64926023],0.6286151771956856,[0.6825     0.57473035],0.6216338797814207,[0.49726776 0.746     ],0.20756776630878448,0.6654804348945618,0.6281813063063063,[0.74594595 0.51041667],0.63347876672484,[0.72251309 0.54444444],0.6256709387665681,[0.77094972 0.48039216],35,3,5,11,15,3,gaussian_random_projection,17,,"['time_encoding', 'timeline_index']","['z_score', None]",True,2,384,True,"(12,)",384,"(512, 512)",0.5,0.001,1,True,focal,2,False,,Conv1d,,concatenation,64,6
0,0.26859380743082834,0.6186844706535339,0.6172147538351506,[0.64093357 0.59349593],0.6175820961018065,[0.63185841 0.60330579],0.6171366120218579,[0.65027322 0.584     ],0.20491293370723723,0.6405693888664246,0.6278243308810993,[0.6966967  0.55895197],0.6285918805603845,[0.75324675 0.50393701],0.6377478365647935,[0.64804469 0.62745098],35,3,5,11,15,3,gaussian_random_projection,17,,"['time_encoding', 'timeline_index']","['z_score', None]",True,2,384,True,"(12,)",384,"(512, 512)",0.5,0.001,12,True,focal,2,False,,Conv1d,,concatenation,64,6
0,0.5786579549312592,0.6015252470970154,0.5979442508710802,[0.6358885 0.56     ],0.600230012984604,[0.60934891 0.59111111],0.5984225865209472,[0.66484517 0.532     ],0.24936472177505492,0.6939501762390137,0.6397435897435897,[0.77948718 0.5       ],0.6673324306025727,[0.72037915 0.61428571],0.6353653193120824,[0.84916201 0.42156863],35,3,5,11,15,3,gaussian_random_projection,17,,"['time_encoding', 'timeline_index']","['z_score', None]",True,2,384,True,"(12,)",384,"(512, 512)",0.5,0.001,123,True,focal,2,False,,Conv1d,,concatenation,64,6
0,0.3221820540287915,0.6291706562042236,0.6260386643877984,[0.66026201 0.59181532],0.6283723721054268,[0.63422819 0.62251656],0.6262622950819672,[0.68852459 0.564     ],0.20850599110126494,0.690391480922699,0.5801288106483469,[0.79529412 0.3649635 ],0.7006387921022068,[0.68699187 0.71428571],0.5946160587139884,[0.94413408 0.24509804],35,3,5,11,15,3,gaussian_random_projection,17,,"['time_encoding', 'timeline_index']","['z_score', None]",True,2,384,True,"(12,)",384,"(512, 512)",0.5,0.0001,1,True,focal,2,False,,Conv1d,,concatenation,64,7
0,0.3020235615618089,0.6043851375579834,0.6040166385143586,[0.59193707 0.61609621],0.608156067493417,[0.64316239 0.57314974],0.6071347905282332,[0.54826958 0.666     ],0.23700670897960663,0.5871886014938354,0.5041377631739077,[0.70707071 0.30120482],0.5178931451612903,[0.64516129 0.390625  ],0.5136104721218095,[0.78212291 0.24509804],35,3,5,11,15,3,gaussian_random_projection,17,,"['time_encoding', 'timeline_index']","['z_score', None]",True,2,384,True,"(12,)",384,"(512, 512)",0.5,0.0001,12,True,focal,2,False,,Conv1d,,concatenation,64,7
0,0.483488472069011,0.6120114326477051,0.6030051039716877,[0.66280033 0.54320988],0.6134142833821781,[0.60790274 0.61892583],0.6062987249544627,[0.72859745 0.484     ],0.19600419998168944,0.7366548180580139,0.679104938271605,[0.815      0.54320988],0.7354449472096531,[0.73755656 0.73333333],0.6709935370796363,[0.91061453 0.43137255],35,3,5,11,15,3,gaussian_random_projection,17,,"['time_encoding', 'timeline_index']","['z_score', None]",True,2,384,True,"(12,)",384,"(512, 512)",0.5,0.0001,123,True,focal,2,False,,Conv1d,,concatenation,64,7
0,0.4640080525594599,0.5900858044624329,0.5875033835934127,[0.62014134 0.55486542],0.588582807588395,[0.60205832 0.5751073 ],0.587672131147541,[0.63934426 0.536     ],0.23744935691356658,0.7010676264762878,0.6004739336492891,[0.80094787 0.4       ],0.7161576781459822,[0.69547325 0.73684211],0.6093219410669295,[0.94413408 0.2745098 ],35,3,5,11,15,3,gaussian_random_projection,17,,"['time_encoding', 'timeline_index']","['z_score', None]",True,2,384,True,"(12,)",384,"(512, 512)",0.5,0.0005,1,True,focal,2,False,,Conv1d,,concatenation,64,8
0,0.26669972170801726,0.6434699892997742,0.6357205995959117,[0.68885191 0.58258929],0.6465439231518864,[0.63399694 0.65909091],0.6380491803278688,[0.75409836 0.522     ],0.19528689980506897,0.690391480922699,0.66308347459379,[0.75900277 0.56716418],0.6642524142524142,[0.75274725 0.57575758],0.6620933289516924,[0.76536313 0.55882353],35,3,5,11,15,3,gaussian_random_projection,17,,"['time_encoding', 'timeline_index']","['z_score', None]",True,2,384,True,"(12,)",384,"(512, 512)",0.5,0.0005,12,True,focal,2,False,,Conv1d,,concatenation,64,8
0,0.565743633929421,0.6081982851028442,0.6022765325636037,[0.65080714 0.55374593],0.6077866620270209,[0.60987261 0.60570071],0.603816029143898,[0.69763206 0.51      ],0.20244662463665009,0.7010676264762878,0.6434010152284264,[0.78680203 0.5       ],0.6786469344608879,[0.72093023 0.63636364],0.6388432467959251,[0.86592179 0.41176471],35,3,5,11,15,3,gaussian_random_projection,17,,"['time_encoding', 'timeline_index']","['z_score', None]",True,2,384,True,"(12,)",384,"(512, 512)",0.5,0.0005,123,True,focal,2,False,,Conv1d,,concatenation,64,8
0,0.40478576106183667,0.6158245801925659,0.6129757273864987,[0.57977059 0.64618086],0.6269743119966411,[0.67804878 0.57589984],0.6211876138433515,[0.50637523 0.736     ],0.2092689722776413,0.6512455344200134,0.6018218623481781,[0.74210526 0.46153846],0.6132462686567164,[0.70149254 0.525     ],0.5997371015445284,[0.7877095  0.41176471],35,3,5,11,15,3,gaussian_random_projection,17,,"['time_encoding', 'timeline_index']","['z_score', None]",True,2,384,True,"(12,)",384,"(512, 512)",0.1,0.001,1,True,focal,2,False,,Conv1d,,concatenation,64,9
0,0.3042480998179492,0.6034318804740906,0.5824779750013395,[0.67601246 0.48894349],0.6121170761298149,[0.59047619 0.63375796],0.594264116575592,[0.79052823 0.398     ],0.20834543108940123,0.6512455344200134,0.6142705064993276,[0.73369565 0.49484536],0.6180124223602484,[0.71428571 0.52173913],0.612389089714098,[0.75418994 0.47058824],35,3,5,11,15,3,gaussian_random_projection,17,,"['time_encoding', 'timeline_index']","['z_score', None]",True,2,384,True,"(12,)",384,"(512, 512)",0.1,0.001,12,True,focal,2,False,,Conv1d,,concatenation,64,9
0,0.5806863465729881,0.5910391211509705,0.58910334664272,[0.61730598 0.56090072],0.5896592924894812,[0.6048951  0.57442348],0.5891183970856102,[0.63023679 0.548     ],0.2520553857088089,0.6761565804481506,0.597845403790202,[0.77530864 0.42038217],0.6473451327433628,[0.69469027 0.6       ],0.6003121919158725,[0.87709497 0.32352941],35,3,5,11,15,3,gaussian_random_projection,17,,"['time_encoding', 'timeline_index']","['z_score', None]",True,2,384,True,"(12,)",384,"(512, 512)",0.1,0.001,123,True,focal,2,False,,Conv1d,,concatenation,64,9
0,0.341786306570558,0.6224976181983948,0.6202333065164923,[0.64955752 0.59090909],0.6213903231975522,[0.63166954 0.61111111],0.6202440801457194,[0.66848816 0.572     ],0.20934416949748993,0.6725978851318359,0.5885536032594857,[0.7745098 0.4025974],0.6430550890157878,[0.68995633 0.59615385],0.5933015664366305,[0.88268156 0.30392157],35,3,5,11,15,3,gaussian_random_projection,17,,"['time_encoding', 'timeline_index']","['z_score', None]",True,2,384,True,"(12,)",384,"(512, 512)",0.1,0.0001,1,True,focal,2,False,,Conv1d,,concatenation,64,10
0,0.3226568120367387,0.6301239132881165,0.6286983112200959,[0.65170557 0.60569106],0.6290901777225189,[0.64247788 0.61570248],0.6286010928961748,[0.66120219 0.596     ],0.2166616827249527,0.6654804348945618,0.5861950119062539,[0.76732673 0.40506329],0.6301587301587301,[0.68888889 0.57142857],0.5898236389527878,[0.86592179 0.31372549],35,3,5,11,15,3,gaussian_random_projection,17,,"['time_encoding', 'timeline_index']","['z_score', None]",True,2,384,True,"(12,)",384,"(512, 512)",0.1,0.0001,12,True,focal,2,False,,Conv1d,,concatenation,64,10
0,0.4997318965547225,0.6301239132881165,0.6057155035455497,[0.70381679 0.50761421],0.6501131552051393,[0.60578187 0.69444444],0.6198542805100182,[0.83970856 0.4       ],0.1997246503829956,0.7437722086906433,0.6943437273386512,[0.81725888 0.57142857],0.7380549682875264,[0.74883721 0.72727273],0.6850147880381203,[0.89944134 0.47058824],35,3,5,11,15,3,gaussian_random_projection,17,,"['time_encoding', 'timeline_index']","['z_score', None]",True,2,384,True,"(12,)",384,"(512, 512)",0.1,0.0001,123,True,focal,2,False,,Conv1d,,concatenation,64,10
0,0.41947705605450797,0.5958055257797241,0.5953550659766951,[0.60885609 0.58185404],0.5953761954980181,[0.61682243 0.57392996],0.5955464480874317,[0.6010929 0.59     ],0.22410655915737152,0.6583629846572876,0.5924583031182016,[0.75634518 0.42857143],0.6192389006342495,[0.69302326 0.54545455],0.5926717055537298,[0.83240223 0.35294118],35,3,5,11,15,3,gaussian_random_projection,17,,"['time_encoding', 'timeline_index']","['z_score', None]",True,2,384,True,"(12,)",384,"(512, 512)",0.1,0.0005,1,True,focal,2,False,,Conv1d,,concatenation,64,11
0,0.29183289408683777,0.599618673324585,0.5736267564742772,[0.67889908 0.46835443],0.6114556358184544,[0.58498024 0.63793103],0.5893715846994536,[0.80874317 0.37      ],0.20697636604309083,0.6832740306854248,0.6307272056109265,[0.77002584 0.49142857],0.6526936248682824,[0.71634615 0.5890411 ],0.6269854310439259,[0.83240223 0.42156863],35,3,5,11,15,3,gaussian_random_projection,17,,"['time_encoding', 'timeline_index']","['z_score', None]",True,2,384,True,"(12,)",384,"(512, 512)",0.1,0.0005,12,True,focal,2,False,,Conv1d,,concatenation,64,11
0,0.4104912403751822,0.6224976181983948,0.6168821107618754,[0.66326531 0.57049892],0.6226161590965782,[0.62200957 0.62322275],0.6181912568306012,[0.71038251 0.526     ],0.19879394471645356,0.7117437720298767,0.6420382165605095,[0.8        0.48407643],0.7038616251005632,[0.71681416 0.69090909],0.6387884762843685,[0.90502793 0.37254902],35,3,5,11,15,3,gaussian_random_projection,17,,"['time_encoding', 'timeline_index']","['z_score', None]",True,2,384,True,"(12,)",384,"(512, 512)",0.1,0.0005,123,True,focal,2,False,,Conv1d,,concatenation,64,11
0,0.3957934169208302,0.6101048588752747,0.605278095947817,[0.56162915 0.64892704],0.6253563596491227,[0.68229167 0.56842105],0.616615664845173,[0.47723133 0.756     ],0.20465753078460694,0.6583629846572876,0.6290429042904291,[0.73333333 0.52475248],0.6296408839779006,[0.72928177 0.53      ],0.6285190053675102,[0.73743017 0.51960784],35,3,5,11,15,4,gaussian_random_projection,17,,"['time_encoding', 'timeline_index']","['z_score', None]",True,2,384,True,"(10,)",384,"(256, 256)",0.5,0.001,1,True,focal,2,False,,Conv1d,,concatenation,64,12
0,0.2771855171988992,0.6244041919708252,0.6186369675943013,[0.6655348  0.57173913],0.6247009614656673,[0.62321145 0.62619048],0.6200127504553734,[0.7140255 0.526    ],0.19506910145282746,0.6868327260017395,0.6599559955995599,[0.75555556 0.56435644],0.6606906077348066,[0.75138122 0.57      ],0.6593000328623069,[0.75977654 0.55882353],35,3,5,11,15,4,gaussian_random_projection,17,,"['time_encoding', 'timeline_index']","['z_score', None]",True,2,384,True,"(10,)",384,"(256, 256)",0.5,0.001,12,True,focal,2,False,,Conv1d,,concatenation,64,12
0,0.33157625794410706,0.6167778968811035,0.6158699216615049,[0.59719439 0.63454545],0.6226818856718634,[0.6636971  0.58166667],0.6204025500910746,[0.5428051 0.698    ],0.2009705573320389,0.6512455344200134,0.5971149344569289,[0.74479167 0.4494382 ],0.6119383825417202,[0.69756098 0.52631579],0.5955197721546719,[0.79888268 0.39215686],35,3,5,11,15,4,gaussian_random_projection,17,,"['time_encoding', 'timeline_index']","['z_score', None]",True,2,384,True,"(10,)",384,"(256, 256)",0.5,0.001,123,True,focal,2,False,,Conv1d,,concatenation,64,12
0,0.39779602254138274,0.5872259140014648,0.5869721975948532,[0.5972093  0.57673509],0.5871598484903562,[0.61026616 0.56405354],0.5873497267759562,[0.58469945 0.59      ],0.20189406871795654,0.7188612222671509,0.6423035400654196,[0.80778589 0.47682119],0.7251055594651654,[0.71551724 0.73469388],0.640157739073283,[0.9273743  0.35294118],35,3,5,11,15,4,gaussian_random_projection,17,,"['time_encoding', 'timeline_index']","['z_score', None]",True,2,384,True,"(10,)",384,"(256, 256)",0.5,0.0001,1,True,focal,2,False,,Conv1d,,concatenation,64,13
0,0.29465318953289704,0.6291706562042236,0.6291221051081701,[0.62487946 0.63336475],0.6314324537564653,[0.66393443 0.59893048],0.6310819672131147,[0.59016393 0.672     ],0.22224660217761993,0.6476868391036987,0.5811463932426939,[0.7480916  0.41420118],0.6046519737759799,[0.68691589 0.52238806],0.5821831525906451,[0.82122905 0.34313725],35,3,5,11,15,4,gaussian_random_projection,17,,"['time_encoding', 'timeline_index']","['z_score', None]",True,2,384,True,"(10,)",384,"(256, 256)",0.5,0.0001,12,True,focal,2,False,,Conv1d,,concatenation,64,13
0,0.3460134513237897,0.628217339515686,0.6281764641727561,[0.63207547 0.62427746],0.6289038913421456,[0.6555773  0.60223048],0.6291001821493625,[0.61020036 0.648     ],0.21514309346675872,0.6690391302108765,0.5638466545387786,[0.77804296 0.34965035],0.6444613821138212,[0.67916667 0.6097561 ],0.5778562821776755,[0.91061453 0.24509804],35,3,5,11,15,4,gaussian_random_projection,17,,"['time_encoding', 'timeline_index']","['z_score', None]",True,2,384,True,"(10,)",384,"(256, 256)",0.5,0.0001,123,True,focal,2,False,,Conv1d,,concatenation,64,13
0,0.34152426965096416,0.6081982851028442,0.6075077494503693,[0.59104478 0.62397072],0.6131789739948522,[0.65131579 0.57504216],0.6114918032786886,[0.54098361 0.682     ],0.2233854502439499,0.6619216799736023,0.6367285840647752,[0.73239437 0.5410628 ],0.6359848484848485,[0.73863636 0.53333333],0.6376382955416804,[0.72625698 0.54901961],35,3,5,11,15,4,gaussian_random_projection,17,,"['time_encoding', 'timeline_index']","['z_score', None]",True,2,384,True,"(10,)",384,"(256, 256)",0.5,0.0005,1,True,focal,2,False,,Conv1d,,concatenation,64,14
0,0.26088956962613497,0.6291706562042236,0.6260386643877984,[0.66026201 0.59181532],0.6283723721054268,[0.63422819 0.62251656],0.6262622950819672,[0.68852459 0.564     ],0.200444757938385,0.6939501762390137,0.6485456660849331,[0.77486911 0.52222222],0.6658140709864848,[0.72906404 0.6025641 ],0.6437999780917953,[0.82681564 0.46078431],35,3,5,11,15,4,gaussian_random_projection,17,,"['time_encoding', 'timeline_index']","['z_score', None]",True,2,384,True,"(10,)",384,"(256, 256)",0.5,0.0005,12,True,focal,2,False,,Conv1d,,concatenation,64,14
0,0.356180340051651,0.6139180064201355,0.6126507907997896,[0.59049545 0.63480613],0.6208165397820571,[0.66363636 0.57799672],0.6179380692167578,[0.53187614 0.704     ],0.2057095170021057,0.6441280841827393,0.5936957779063042,[0.73684211 0.45054945],0.6045087064676617,[0.69651741 0.5125    ],0.5920418446708292,[0.78212291 0.40196078],35,3,5,11,15,4,gaussian_random_projection,17,,"['time_encoding', 'timeline_index']","['z_score', None]",True,2,384,True,"(10,)",384,"(256, 256)",0.5,0.0005,123,True,focal,2,False,,Conv1d,,concatenation,64,14
0,0.4463998307200039,0.6034318804740906,0.595707149315901,[0.53982301 0.65159129],0.6239213378252222,[0.68732394 0.56051873],0.6112222222222222,[0.44444444 0.778     ],0.21354266703128816,0.6405693888664246,0.6167888632343608,[0.71225071 0.52132701],0.6156656710049071,[0.72674419 0.50458716],0.6187698543104392,[0.69832402 0.53921569],35,3,5,11,15,4,gaussian_random_projection,17,,"['time_encoding', 'timeline_index']","['z_score', None]",True,2,384,True,"(10,)",384,"(256, 256)",0.1,0.001,1,True,focal,2,False,,Conv1d,,concatenation,64,15
0,0.29371608530773835,0.631077229976654,0.6243869130394957,[0.6745164  0.57425743],0.6323521546454768,[0.6265625  0.63814181],0.6262094717668488,[0.73041894 0.522     ],0.20035759806632997,0.6797152757644653,0.6403174422573672,[0.75935829 0.5212766 ],0.6489862850327967,[0.72820513 0.56976744],0.63684412312411,[0.79329609 0.48039216],35,3,5,11,15,4,gaussian_random_projection,17,,"['time_encoding', 'timeline_index']","['z_score', None]",True,2,384,True,"(10,)",384,"(256, 256)",0.1,0.001,12,True,focal,2,False,,Conv1d,,concatenation,64,15
0,0.3009904772043228,0.6320305466651917,0.6317490632616684,[0.6419295  0.62156863],0.6318398284135525,[0.65406427 0.60961538],0.6321183970856101,[0.63023679 0.634     ],0.20680226981639863,0.6832740306854248,0.5786964505314938,[0.78859857 0.36879433],0.6763085399449036,[0.68595041 0.66666667],0.5911381312301457,[0.9273743  0.25490196],35,3,5,11,15,4,gaussian_random_projection,17,,"['time_encoding', 'timeline_index']","['z_score', None]",True,2,384,True,"(10,)",384,"(256, 256)",0.1,0.001,123,True,focal,2,False,,Conv1d,,concatenation,64,15
0,0.3502841626896578,0.6139180064201355,0.6135584062610004,[0.6253469  0.60176991],0.6136072773810736,[0.63533835 0.59187621],0.6138324225865209,[0.61566485 0.612     ],0.20051493644714355,0.690391480922699,0.6241062779648507,[0.78195489 0.46625767],0.6660208643815202,[0.70909091 0.62295082],0.6220286997480556,[0.87150838 0.37254902],35,3,5,11,15,4,gaussian_random_projection,17,,"['time_encoding', 'timeline_index']","['z_score', None]",True,2,384,True,"(10,)",384,"(256, 256)",0.1,0.0001,1,True,focal,2,False,,Conv1d,,concatenation,64,16
0,0.4868853828486274,0.6205910444259644,0.6197613843351548,[0.63752277 0.602     ],0.6197613843351548,[0.63752277 0.602     ],0.6197613843351548,[0.63752277 0.602     ],0.22391064763069152,0.6619216799736023,0.6106159837799203,[0.75195822 0.46927374],0.625668449197861,[0.70588235 0.54545455],0.6081169898126848,[0.80446927 0.41176471],35,3,5,11,15,4,gaussian_random_projection,17,,"['time_encoding', 'timeline_index']","['z_score', None]",True,2,384,True,"(10,)",384,"(256, 256)",0.1,0.0001,12,True,focal,2,False,,Conv1d,,concatenation,64,16
0,0.4322738174129935,0.628217339515686,0.6281764641727561,[0.63207547 0.62427746],0.6289038913421456,[0.6555773  0.60223048],0.6291001821493625,[0.61020036 0.648     ],0.22565894722938537,0.6725978851318359,0.594999373355057,[0.77227723 0.41772152],0.6413095238095239,[0.69333333 0.58928571],0.597518895826487,[0.87150838 0.32352941],35,3,5,11,15,4,gaussian_random_projection,17,,"['time_encoding', 'timeline_index']","['z_score', None]",True,2,384,True,"(10,)",384,"(256, 256)",0.1,0.0001,123,True,focal,2,False,,Conv1d,,concatenation,64,16
0,0.3886624329230365,0.6120114326477051,0.611960660100322,[0.61639962 0.6075217 ],0.6126320268854748,[0.63867188 0.58659218],0.6128142076502732,[0.59562842 0.63      ],0.21300078332424163,0.6654804348945618,0.6158522396742292,[0.7539267  0.47777778],0.6303208285966907,[0.70935961 0.55128205],0.6130189505969986,[0.80446927 0.42156863],35,3,5,11,15,4,gaussian_random_projection,17,,"['time_encoding', 'timeline_index']","['z_score', None]",True,2,384,True,"(10,)",384,"(256, 256)",0.1,0.0005,1,True,focal,2,False,,Conv1d,,concatenation,64,17
0,0.3032799880294239,0.6329838037490845,0.6324493698130963,[0.64646465 0.61843409],0.632409226515317,[0.65185185 0.6129666 ],0.6325828779599272,[0.64116576 0.624     ],0.20897028148174285,0.6441280841827393,0.5936957779063042,[0.73684211 0.45054945],0.6045087064676617,[0.69651741 0.5125    ],0.5920418446708292,[0.78212291 0.40196078],35,3,5,11,15,4,gaussian_random_projection,17,,"['time_encoding', 'timeline_index']","['z_score', None]",True,2,384,True,"(10,)",384,"(256, 256)",0.1,0.0005,12,True,focal,2,False,,Conv1d,,concatenation,64,17
0,0.4891873598098755,0.602478563785553,0.6017126702085525,[0.61917808 0.58424726],0.6016920455290237,[0.62087912 0.58250497],0.601743169398907,[0.61748634 0.586     ],0.22347494959831238,0.6725978851318359,0.6094392071549433,[0.76649746 0.45238095],0.6390415785764623,[0.70232558 0.57575758],0.6080622193011282,[0.84357542 0.37254902],35,3,5,11,15,4,gaussian_random_projection,17,,"['time_encoding', 'timeline_index']","['z_score', None]",True,2,384,True,"(10,)",384,"(256, 256)",0.1,0.0005,123,True,focal,2,False,,Conv1d,,concatenation,64,17
0,0.43744898017715006,0.6148713231086731,0.6067223459539717,[0.55011136 0.66333333],0.6381539091281212,[0.70773639 0.56857143],0.6229544626593807,[0.44990893 0.796     ],0.20565457940101622,0.6654804348945618,0.6489367357788411,[0.7251462  0.57272727],0.6473172507018821,[0.7607362  0.53389831],0.6551922444955636,[0.69273743 0.61764706],35,3,5,11,15,4,gaussian_random_projection,17,,"['time_encoding', 'timeline_index']","['z_score', None]",True,2,384,True,"(10,)",384,"(512, 512)",0.5,0.001,1,True,focal,2,False,,Conv1d,,concatenation,64,18
0,0.29346223964410667,0.6186844706535339,0.6169295939234589,[0.64285714 0.59100204],0.6175376825506158,[0.63047285 0.60460251],0.6168688524590163,[0.6557377 0.578    ],0.2002103716135025,0.6619216799736023,0.6421821593726962,[0.72622478 0.55813953],0.6404867256637168,[0.75       0.53097345],0.6460729543213934,[0.70391061 0.58823529],35,3,5,11,15,4,gaussian_random_projection,17,,"['time_encoding', 'timeline_index']","['z_score', None]",True,2,384,True,"(10,)",384,"(512, 512)",0.5,0.001,12,True,focal,2,False,,Conv1d,,concatenation,64,18
0,0.43196893965496735,0.6253575086593628,0.6247559475968859,[0.63978002 0.60973188],0.6247170607800753,[0.64391144 0.60552268],0.6248506375227687,[0.63570128 0.614     ],0.2311016410589218,0.6619216799736023,0.5585049202017697,[0.77218225 0.34482759],0.6289329685362517,[0.67647059 0.58139535],0.5722696899989046,[0.89944134 0.24509804],35,3,5,11,15,4,gaussian_random_projection,17,,"['time_encoding', 'timeline_index']","['z_score', None]",True,2,384,True,"(10,)",384,"(512, 512)",0.5,0.001,123,True,focal,2,False,,Conv1d,,concatenation,64,18
0,0.43419888615608215,0.5805529356002808,0.5800304267755625,[0.59484346 0.56521739],0.5800417539571694,[0.60148976 0.55859375],0.5801712204007285,[0.58834244 0.572     ],0.21345714330673218,0.7046263217926025,0.6360160431980274,[0.79404467 0.47798742],0.6904761904761905,[0.71428571 0.66666667],0.6332018841055975,[0.89385475 0.37254902],35,3,5,11,15,4,gaussian_random_projection,17,,"['time_encoding', 'timeline_index']","['z_score', None]",True,2,384,True,"(10,)",384,"(512, 512)",0.5,0.0001,1,True,focal,2,False,,Conv1d,,concatenation,64,19
0,0.30335983371033387,0.5977120995521545,0.5969029095094482,[0.57884232 0.6149635 ],0.6028064210261197,[0.6401766  0.56543624],0.6011165755919854,[0.52823315 0.674     ],0.23751336634159087,0.5907472968101501,0.5166838665290677,[0.70588235 0.32748538],0.5283702488378452,[0.6509434 0.4057971],0.5227297622959799,[0.77094972 0.2745098 ],35,3,5,11,15,4,gaussian_random_projection,17,,"['time_encoding', 'timeline_index']","['z_score', None]",True,2,384,True,"(10,)",384,"(512, 512)",0.5,0.0001,12,True,focal,2,False,,Conv1d,,concatenation,64,19
0,0.5975708908894483,0.5977120995521545,0.5977117411850237,[0.59732824 0.59809524],0.5990817999635635,[0.62725451 0.57090909],0.599063752276867,[0.5701275 0.628    ],0.2578776448965073,0.6548042893409729,0.589608082268094,[0.75318066 0.4260355 ],0.614451108941275,[0.69158879 0.53731343],0.5898784094643444,[0.82681564 0.35294118],35,3,5,11,15,4,gaussian_random_projection,17,,"['time_encoding', 'timeline_index']","['z_score', None]",True,2,384,True,"(10,)",384,"(512, 512)",0.5,0.0001,123,True,focal,2,False,,Conv1d,,concatenation,64,19
0,0.4978001012521632,0.5843660831451416,0.5707243634506942,[0.49419954 0.64724919],0.6119947214890957,[0.68051118 0.54347826],0.5939890710382514,[0.38797814 0.8       ],0.23875784277915954,0.6405693888664246,0.6195831378593928,[0.70893372 0.53023256],0.6182838179519595,[0.73214286 0.50442478],0.6229871837002958,[0.68715084 0.55882353],35,3,5,11,15,4,gaussian_random_projection,17,,"['time_encoding', 'timeline_index']","['z_score', None]",True,2,384,True,"(10,)",384,"(512, 512)",0.5,0.0005,1,True,focal,2,False,,Conv1d,,concatenation,64,20
0,0.28808214208659005,0.6348903775215149,0.6324197967987337,[0.66255507 0.60228453],0.6339940586323061,[0.64163823 0.62634989],0.632440801457195,[0.6848816 0.58     ],0.20629655420780182,0.690391480922699,0.6390254706533776,[0.7751938  0.50285714],0.6619467860906216,[0.72115385 0.60273973],0.6346806879176252,[0.83798883 0.43137255],35,3,5,11,15,4,gaussian_random_projection,17,,"['time_encoding', 'timeline_index']","['z_score', None]",True,2,384,True,"(10,)",384,"(512, 512)",0.5,0.0005,12,True,focal,2,False,,Conv1d,,concatenation,64,20
0,0.5085912662393907,0.605338454246521,0.6049934512115258,[0.61666667 0.59332024],0.6050651135396898,[0.62711864 0.58301158],0.6052786885245902,[0.60655738 0.604     ],0.21645456552505493,0.6797152757644653,0.6179296591733139,[0.7715736  0.46428571],0.6489429175475687,[0.70697674 0.59090909],0.6157574761748275,[0.84916201 0.38235294],35,3,5,11,15,4,gaussian_random_projection,17,,"['time_encoding', 'timeline_index']","['z_score', None]",True,2,384,True,"(10,)",384,"(512, 512)",0.5,0.0005,123,True,focal,2,False,,Conv1d,,concatenation,64,20
0,0.44607702423544493,0.6158245801925659,0.6150844270840448,[0.59820538 0.63196347],0.6211527782919335,[0.66079295 0.58151261],0.6192240437158469,[0.54644809 0.692     ],0.2088243305683136,0.6512455344200134,0.6103848330503678,[0.73655914 0.48421053],0.6162859161563825,[0.70984456 0.52272727],0.6081717603242415,[0.76536313 0.45098039],35,3,5,11,15,4,gaussian_random_projection,17,,"['time_encoding', 'timeline_index']","['z_score', None]",True,2,384,True,"(10,)",384,"(512, 512)",0.1,0.001,1,True,focal,2,False,,Conv1d,,concatenation,64,21
0,0.27858256943085613,0.6272640824317932,0.6252972479159529,[0.65244444 0.59815005],0.6261873825463942,[0.63715278 0.61522199],0.6252440801457195,[0.66848816 0.582     ],0.20598262846469878,0.6548042893409729,0.6275602924096467,[0.72829132 0.52682927],0.6273044616559398,[0.73033708 0.52427184],0.627834373973053,[0.72625698 0.52941176],35,3,5,11,15,4,gaussian_random_projection,17,,"['time_encoding', 'timeline_index']","['z_score', None]",True,2,384,True,"(10,)",384,"(512, 512)",0.1,0.001,12,True,focal,2,False,,Conv1d,,concatenation,64,21
0,0.3307795191512388,0.6148713231086731,0.6112676573105852,[0.64869565 0.57383966],0.6138875683384835,[0.62063228 0.60714286],0.6117085610200365,[0.67941712 0.544     ],0.22290910482406617,0.690391480922699,0.5801288106483469,[0.79529412 0.3649635 ],0.7006387921022068,[0.68699187 0.71428571],0.5946160587139884,[0.94413408 0.24509804],35,3,5,11,15,4,gaussian_random_projection,17,,"['time_encoding', 'timeline_index']","['z_score', None]",True,2,384,True,"(10,)",384,"(512, 512)",0.1,0.001,123,True,focal,2,False,,Conv1d,,concatenation,64,21
0,0.46540210001608906,0.5853193402290344,0.5848832607835379,[0.59833795 0.57142857],0.5849241845751063,[0.60674157 0.5631068 ],0.5850819672131147,[0.59016393 0.58      ],0.21545176208019257,0.6725978851318359,0.619465379180405,[0.76165803 0.47727273],0.6388562475518997,[0.71014493 0.56756757],0.6164968780808413,[0.82122905 0.41176471],35,3,5,11,15,4,gaussian_random_projection,17,,"['time_encoding', 'timeline_index']","['z_score', None]",True,2,384,True,"(10,)",384,"(512, 512)",0.1,0.0001,1,True,focal,2,False,,Conv1d,,concatenation,64,22
0,0.35315245565246134,0.6320305466651917,0.6312258652094718,[0.64845173 0.614     ],0.6312258652094718,[0.64845173 0.614     ],0.6312258652094718,[0.64845173 0.614     ],0.23160116672515868,0.6370106935501099,0.5543843283582089,[0.74626866 0.3625    ],0.586322869955157,[0.67264574 0.5       ],0.5611512761529193,[0.83798883 0.28431373],35,3,5,11,15,4,gaussian_random_projection,17,,"['time_encoding', 'timeline_index']","['z_score', None]",True,2,384,True,"(10,)",384,"(512, 512)",0.1,0.0001,12,True,focal,2,False,,Conv1d,,concatenation,64,22
0,0.43225619722815123,0.628217339515686,0.6281602425670223,[0.63276836 0.62355212],0.6287913502662128,[0.65497076 0.60261194],0.6290109289617487,[0.61202186 0.646     ],0.227554526925087,0.6690391302108765,0.603835367240203,[0.76455696 0.44311377],0.6341524216524217,[0.69907407 0.56923077],0.6031602585168145,[0.84357542 0.3627451 ],35,3,5,11,15,4,gaussian_random_projection,17,,"['time_encoding', 'timeline_index']","['z_score', None]",True,2,384,True,"(10,)",384,"(512, 512)",0.1,0.0001,123,True,focal,2,False,,Conv1d,,concatenation,64,22
0,0.5315317458966199,0.5805529356002808,0.5801862766499308,[0.56777996 0.59259259],0.5839644143812954,[0.61620469 0.55172414],0.5832058287795993,[0.52641166 0.64      ],0.25997167229652407,0.6548042893409729,0.6243574371907774,[0.73130194 0.51741294],0.6252636252636252,[0.72527473 0.52525253],0.6236170445831963,[0.73743017 0.50980392],35,3,5,11,15,4,gaussian_random_projection,17,,"['time_encoding', 'timeline_index']","['z_score', None]",True,2,384,True,"(10,)",384,"(512, 512)",0.1,0.0005,1,True,focal,2,False,,Conv1d,,concatenation,64,23
0,0.4869619678048527,0.621544361114502,0.6214947962157933,[0.62582469 0.6171649 ],0.622170332867784,[0.6484375  0.59590317],0.622367941712204,[0.60473588 0.64      ],0.27040978968143464,0.6156583428382874,0.5924911376087657,[0.68965517 0.4953271 ],0.5916367286559594,[0.71005917 0.47321429],0.5949994522948845,[0.67039106 0.51960784],35,3,5,11,15,4,gaussian_random_projection,17,,"['time_encoding', 'timeline_index']","['z_score', None]",True,2,384,True,"(10,)",384,"(512, 512)",0.1,0.0005,12,True,focal,2,False,,Conv1d,,concatenation,64,23
0,0.49783153218381543,0.6091516017913818,0.6082255419930771,[0.62727273 0.58917836],0.608247873526775,[0.6261343  0.59036145],0.6082076502732241,[0.6284153 0.588    ],0.22957047522068025,0.6761565804481506,0.6096328524540111,[0.77078086 0.44848485],0.6445682248434542,[0.70183486 0.58730159],0.6087468506955855,[0.8547486 0.3627451],35,3,5,11,15,4,gaussian_random_projection,17,,"['time_encoding', 'timeline_index']","['z_score', None]",True,2,384,True,"(10,)",384,"(512, 512)",0.1,0.0005,123,True,focal,2,False,,Conv1d,,concatenation,64,23
