,loss,accuracy,f1,f1_scores,precision,precision_scores,recall,recall_scores,valid_loss,valid_accuracy,valid_f1,valid_f1_scores,valid_precision,valid_precision_scores,valid_recall,valid_recall_scores,k,dimensions,sig_depth,method,input_channels,output_channels,features,standardise_method,include_features_in_path,include_features_in_input,embedding_dim,num_features,log_signature,pooling,swnu_hidden_dim,ffn_hidden_dim,dropout_rate,learning_rate,seed,BiLSTM,loss_function,gamma,k_fold,n_splits,augmentation_type,hidden_dim_aug,comb_method,batch_size,model_id
0,,0.687045693397522,0.6626037541488456,[0.7534146  0.57179291],0.6603960829236473,[0.77235772 0.54843444],0.6663040310518933,[0.73537844 0.59722962],,0.7316349744796753,0.7140052226394455,[0.78501242 0.64299803],0.7153048840808767,[0.77837259 0.65223718],0.7128917363995789,[0.7917665  0.63401697],5,15,3,umap,17,,"['time_encoding', 'timeline_index']","['z_score', None]",True,True,384,2,True,signature,"(12,)","(32, 32)",0.1,0.0005,1,True,focal,2,True,5,Conv1d,,concatenation,64,0
0,,0.6971108913421631,0.6647004090342521,[0.7689464  0.56045442],0.6659976131062167,[0.76276446 0.56923077],0.6635869751164507,[0.77522936 0.55194459],,0.7390483617782593,0.7163900779699105,[0.79655317 0.63622698],0.7241861686321283,[0.76954315 0.67882919],0.7120922507815395,[0.82552821 0.59865629],5,15,3,umap,17,,"['time_encoding', 'timeline_index']","['z_score', None]",True,True,384,2,True,signature,"(12,)","(32, 32)",0.1,0.0005,12,True,focal,2,True,5,Conv1d,,concatenation,64,0
0,,0.6868592500686646,0.6590979234520296,[0.75638051 0.56181534],0.6577951784973167,[0.76525822 0.55033214],0.6607471907641024,[0.74770642 0.57378796],,0.7321741580963135,0.7140871618391956,[0.78599892 0.6421754 ],0.715843649710933,[0.77737537 0.65431193],0.7126484247360543,[0.79481594 0.63048091],5,15,3,umap,17,,"['time_encoding', 'timeline_index']","['z_score', None]",True,True,384,2,True,signature,"(12,)","(32, 32)",0.1,0.0005,123,True,focal,2,True,5,Conv1d,,concatenation,64,0
0,,0.6855545043945312,0.6616508439013764,[0.75158298 0.57171871],0.6593513582720114,[0.77263094 0.54607177],0.6657724115683332,[0.73165138 0.59989345],,0.7331176996231079,0.7177526457771322,[0.78360656 0.65189873],0.7173042027067033,[0.78635666 0.64825175],0.7182313067476894,[0.78087563 0.65558699],5,15,3,umap,17,,"['time_encoding', 'timeline_index']","['z_score', None]",True,True,384,2,True,signature,"(12,)","(32, 32)",0.1,0.0003,1,True,focal,2,True,5,Conv1d,,concatenation,64,1
0,,0.6941286325454712,0.6676623999769884,[0.76144788 0.57387692],0.6660578227664444,[0.77233854 0.5597771 ],0.6697827363350652,[0.75086009 0.58870538],,0.7356786727905273,0.7170001979236014,[0.78970509 0.6442953 ],0.7196151458721292,[0.77777778 0.66145251],0.7150047892115347,[0.80200392 0.62800566],5,15,3,umap,17,,"['time_encoding', 'timeline_index']","['z_score', None]",True,True,384,2,True,signature,"(12,)","(32, 32)",0.1,0.0003,12,True,focal,2,True,5,Conv1d,,concatenation,64,1
0,,0.6890959739685059,0.6576920428725528,[0.76137339 0.5540107 ],0.6579719188145843,[0.75985151 0.55609232],0.6574229842907626,[0.76290138 0.55194459],,0.7356786727905273,0.7137829291369217,[0.79294689 0.63461897],0.720101861775967,[0.76946721 0.67073651],0.7100484790209736,[0.8179046  0.60219236],5,15,3,umap,17,,"['time_encoding', 'timeline_index']","['z_score', None]",True,True,384,2,True,signature,"(12,)","(32, 32)",0.1,0.0003,123,True,focal,2,True,5,Conv1d,,concatenation,64,1
0,,0.6857408881187439,0.663093187423403,[0.75044405 0.57574233],0.6606225218867777,[0.77570379 0.54554125],0.6681303704183428,[0.72677752 0.60948322],,0.7294783592224121,0.7131512793211907,[0.78158668 0.64471588],0.7132537550426113,[0.78099174 0.64551577],0.7130502471319417,[0.78218253 0.64391796],5,15,3,umap,17,,"['time_encoding', 'timeline_index']","['z_score', None]",True,True,384,2,True,signature,"(12,)","(32, 32)",0.1,0.0001,1,True,focal,2,True,5,Conv1d,,concatenation,64,2
0,,0.7041938304901123,0.6717791615615797,[0.77492554 0.56863278],0.6736178624617359,[0.76676958 0.58046615],0.670264561837404,[0.78325688 0.55727224],,0.7364873886108398,0.7152526111480904,[0.79301218 0.63749305],0.7208520373864202,[0.77152864 0.67017544],0.7117882459901714,[0.81572642 0.60785007],5,15,3,umap,17,,"['time_encoding', 'timeline_index']","['z_score', None]",True,True,384,2,True,signature,"(12,)","(32, 32)",0.1,0.0001,12,True,focal,2,True,5,Conv1d,,concatenation,64,2
0,,0.6961789131164551,0.6605103189924619,[0.7705518  0.55046884],0.6637627474865536,[0.75691372 0.57061178],0.6581949437419657,[0.78469037 0.53169952],,0.7328481078147888,0.7078797306156506,[0.79328327 0.62247619],0.717852842175991,[0.76105663 0.67464905],0.7030766640469007,[0.82835983 0.57779349],5,15,3,umap,17,,"['time_encoding', 'timeline_index']","['z_score', None]",True,True,384,2,True,signature,"(12,)","(32, 32)",0.1,0.0001,123,True,focal,2,True,5,Conv1d,,concatenation,64,2
0,,0.6863000988960266,0.6617999512998852,[0.75282714 0.57077276],0.6596057320107882,[0.7717555  0.54745597],0.6654845687535742,[0.73480505 0.59616409],,0.7319045662879944,0.7167883933147634,[0.78221833 0.65135846],0.7161246509808351,[0.78643769 0.64581161],0.7175227067779435,[0.778044   0.65700141],5,15,3,umap,17,,"['time_encoding', 'timeline_index']","['z_score', None]",True,True,384,2,True,signature,"(12,)","(128, 128)",0.1,0.0005,1,True,focal,2,True,5,Conv1d,,concatenation,64,3
0,,0.701957106590271,0.6709046165503543,[0.77199487 0.56981437],0.6717433703361085,[0.76794326 0.57554348],0.6701438190700562,[0.77608945 0.56419819],,0.7346003651618958,0.7121951934545103,[0.79249657 0.63189381],0.7190145853637124,[0.76766027 0.6703689 ],0.7082945785632488,[0.81899368 0.59759547],5,15,3,umap,17,,"['time_encoding', 'timeline_index']","['z_score', None]",True,True,384,2,True,signature,"(12,)","(128, 128)",0.1,0.0005,12,True,focal,2,True,5,Conv1d,,concatenation,64,3
0,,0.698602020740509,0.6624393003355021,[0.77292515 0.55195345],0.6662792124285403,[0.75750069 0.57505774],0.6598124080491512,[0.78899083 0.53063399],,0.7397223114967346,0.7150267929046766,[0.79891701 0.63113658],0.7258473307601432,[0.76536313 0.68633153],0.7098531133880106,[0.83554781 0.58415842],5,15,3,umap,17,,"['time_encoding', 'timeline_index']","['z_score', None]",True,True,384,2,True,signature,"(12,)","(128, 128)",0.1,0.0005,123,True,focal,2,True,5,Conv1d,,concatenation,64,3
0,,0.6864864826202393,0.6664474754195313,[0.74820359 0.58469136],0.6638817908784848,[0.78289474 0.54486884],0.6736251209718808,[0.71645642 0.63079382],,0.7306914925575256,0.7164802312966598,[0.77995595 0.65300452],0.7152276668716933,[0.78881711 0.64163823],0.7180362106908018,[0.77129166 0.66478076],5,15,3,umap,17,,"['time_encoding', 'timeline_index']","['z_score', None]",True,True,384,2,True,signature,"(12,)","(128, 128)",0.1,0.0003,1,True,focal,2,True,5,Conv1d,,concatenation,64,4
0,,0.6849953532218933,0.6629872808024387,[0.74910926 0.5768653 ],0.6604759936567919,[0.77678571 0.54416627],0.6685412471345549,[0.72333716 0.61374534],,0.7242215871810913,0.7092223229243995,[0.77526362 0.64318103],0.7082562129530519,[0.78196322 0.63454921],0.7103643836705293,[0.76867785 0.65205092],5,15,3,umap,17,,"['time_encoding', 'timeline_index']","['z_score', None]",True,True,384,2,True,signature,"(12,)","(128, 128)",0.1,0.0003,12,True,focal,2,True,5,Conv1d,,concatenation,64,4
0,,0.6885368227958679,0.6657778846503357,[0.75299335 0.57856242],0.6632823890414674,[0.77723528 0.5493295 ],0.6706497014805003,[0.73021789 0.61108151],,0.7234128713607788,0.7083696024637671,[0.77460457 0.64213464],0.707407666374528,[0.78129847 0.63351686],0.7095072472832124,[0.7680244 0.6509901],5,15,3,umap,17,,"['time_encoding', 'timeline_index']","['z_score', None]",True,True,384,2,True,signature,"(12,)","(128, 128)",0.1,0.0003,123,True,focal,2,True,5,Conv1d,,concatenation,64,4
0,,0.6900279521942139,0.6658189655446876,[0.75576443 0.5758735 ],0.6635574865750832,[0.77476664 0.55234834],0.6695818802451696,[0.73767202 0.60149174],,0.737026572227478,0.7202660884063096,[0.78873849 0.65179368],0.7211278720581047,[0.78423773 0.65801802],0.7194886095635733,[0.79329122 0.645686  ],5,15,3,umap,17,,"['time_encoding', 'timeline_index']","['z_score', None]",True,True,384,2,True,signature,"(12,)","(128, 128)",0.1,0.0001,1,True,focal,2,True,5,Conv1d,,concatenation,64,5
0,,0.7000932097434998,0.6729341359519259,[0.76718275 0.57868552],0.671733935908811,[0.77446684 0.56900103],0.674369892298368,[0.7600344  0.58870538],,0.729208767414093,0.7113371859097458,[0.78316244 0.63951193],0.7126945712942894,[0.77620881 0.64918033],0.7101845379173384,[0.79024178 0.6301273 ],5,15,3,umap,17,,"['time_encoding', 'timeline_index']","['z_score', None]",True,True,384,2,True,signature,"(12,)","(128, 128)",0.1,0.0001,12,True,focal,2,True,5,Conv1d,,concatenation,64,5
0,,0.6965517401695251,0.6657344410840984,[0.76722905 0.56423983],0.6661155225484507,[0.76525956 0.56697149],0.6653715394710474,[0.76920872 0.56153436],,0.7317698001861572,0.7104989975967422,[0.78897137 0.63202663],0.7155784877713539,[0.76875387 0.6624031 ],0.707297493681907,[0.81028098 0.604314  ],5,15,3,umap,17,,"['time_encoding', 'timeline_index']","['z_score', None]",True,True,384,2,True,signature,"(12,)","(128, 128)",0.1,0.0001,123,True,focal,2,True,5,Conv1d,,concatenation,64,5
0,,0.6889095902442932,0.6637330099769039,[0.75574418 0.57172184],0.6616917521348548,[0.77189836 0.55148515],0.6668762799802535,[0.74025229 0.59350027],,0.7282652854919434,0.7127353285265053,[0.77952756 0.6459431 ],0.7122207177954798,[0.78278058 0.64166085],0.7132921724042212,[0.77630146 0.65028289],5,15,3,umap,17,,"['time_encoding', 'timeline_index']","['z_score', None]",True,True,384,2,True,signature,"(12,)","(512, 512)",0.1,0.0005,1,True,focal,2,True,5,Conv1d,,concatenation,64,6
0,,0.6846225261688232,0.6645295790837709,[0.74663073 0.58242843],0.6620167189132706,[0.7815047  0.54252874],0.6716994991275361,[0.71473624 0.62866276],,0.7208518385887146,0.708145616992619,[0.76904204 0.64724919],0.7061590091083261,[0.78793419 0.62438383],0.7114437662766183,[0.75103463 0.6718529 ],5,15,3,umap,17,,"['time_encoding', 'timeline_index']","['z_score', None]",True,True,384,2,True,signature,"(12,)","(512, 512)",0.1,0.0005,12,True,focal,2,True,5,Conv1d,,concatenation,64,6
0,,0.6855545043945312,0.6641638010725751,[0.74892097 0.57940663],0.6616118106081637,[0.77870628 0.54451734],0.6702016320206459,[0.72133028 0.61907299],,0.7337915897369385,0.7188188157511165,[0.78370387 0.65393377],0.7181237213729069,[0.78810573 0.64814172],0.7195905863418279,[0.7793509  0.65983027],5,15,3,umap,17,,"['time_encoding', 'timeline_index']","['z_score', None]",True,True,384,2,True,signature,"(12,)","(512, 512)",0.1,0.0005,123,True,focal,2,True,5,Conv1d,,concatenation,64,6
0,,0.6941286325454712,0.6677383067214083,[0.76137851 0.57409811],0.6661079307547758,[0.77249926 0.5597166 ],0.6699057702365183,[0.75057339 0.58923815],,0.7309610247612,0.7142327943654301,[0.78337313 0.64509246],0.7147229424811008,[0.78066191 0.64878398],0.7137729805902144,[0.78610325 0.64144272],5,15,3,umap,17,,"['time_encoding', 'timeline_index']","['z_score', None]",True,True,384,2,True,signature,"(12,)","(512, 512)",0.1,0.0003,1,True,focal,2,True,5,Conv1d,,concatenation,64,7
0,,0.6941286325454712,0.6646763250984332,[0.76405464 0.56529801],0.6642696622041996,[0.76636862 0.56217071],0.6651074480798463,[0.76175459 0.56846031],,0.7374309301376343,0.7190218557817036,[0.79094226 0.64710145],0.7215057283708304,[0.77956421 0.66344725],0.717099549361228,[0.80265737 0.63154173],5,15,3,umap,17,,"['time_encoding', 'timeline_index']","['z_score', None]",True,True,384,2,True,signature,"(12,)","(512, 512)",0.1,0.0003,12,True,focal,2,True,5,Conv1d,,concatenation,64,7
0,,0.6922646760940552,0.6649437262184532,[0.76062056 0.56926689],0.6636024063572847,[0.76943385 0.55777096],0.6666267754761893,[0.75200688 0.58124667],,0.7385092377662659,0.7193380736728635,[0.79269075 0.6459854 ],0.7227391464888225,[0.77805748 0.66742081],0.7168845046747572,[0.80788499 0.62588402],5,15,3,umap,17,,"['time_encoding', 'timeline_index']","['z_score', None]",True,True,384,2,True,signature,"(12,)","(512, 512)",0.1,0.0003,123,True,focal,2,True,5,Conv1d,,concatenation,64,7
0,,0.6909599304199219,0.6698372816996176,[0.75334722 0.58632735],0.6671578404835763,[0.78293135 0.55138433],0.6759581828312796,[0.72591743 0.62599893],,0.729613184928894,0.7153811641697877,[0.77902622 0.65173611],0.7141158663302292,[0.78805438 0.64017735],0.7169612568345237,[0.77020257 0.66371994],5,15,3,umap,17,,"['time_encoding', 'timeline_index']","['z_score', None]",True,True,384,2,True,signature,"(12,)","(512, 512)",0.1,0.0001,1,True,focal,2,True,5,Conv1d,,concatenation,64,8
0,,0.6859273314476013,0.6614712381853693,[0.7524607  0.57048177],0.6592693891651992,[0.77161796 0.54692082],0.6651978715058677,[0.73423165 0.59616409],,0.7356786727905273,0.7199920705223111,[0.78626703 0.65371711],0.7198887088284993,[0.78686736 0.65291005],0.720096888722385,[0.78566761 0.65452617],5,15,3,umap,17,,"['time_encoding', 'timeline_index']","['z_score', None]",True,True,384,2,True,signature,"(12,)","(512, 512)",0.1,0.0001,12,True,focal,2,True,5,Conv1d,,concatenation,64,8
0,,0.6928238868713379,0.6642545758335232,[0.76219336 0.56631579],0.6634144215274712,[0.76728646 0.55954238],0.665211312825952,[0.75716743 0.57325519],,0.7251651287078857,0.7066047926472672,[0.78039849 0.63281109],0.7083035145393495,[0.77183639 0.64477064],0.7052199093793065,[0.78915269 0.62128713],5,15,3,umap,17,,"['time_encoding', 'timeline_index']","['z_score', None]",True,True,384,2,True,signature,"(12,)","(512, 512)",0.1,0.0001,123,True,focal,2,True,5,Conv1d,,concatenation,64,8
0,,0.68369060754776,0.6624436178190845,[0.74713158 0.57775566],0.6599317666874382,[0.77784673 0.54201681],0.6686451118806607,[0.71875    0.61854022],,0.7352743148803711,0.720948142133224,[0.78417582 0.65772046],0.7198799422918196,[0.79130628 0.64845361],0.7222143702841517,[0.77717273 0.66725601],5,15,3,umap,17,,"['time_encoding', 'timeline_index']","['z_score', None]",True,True,384,2,True,signature,"(10,)","(32, 32)",0.1,0.0005,1,True,focal,2,True,5,Conv1d,,concatenation,64,9
0,,0.6939421892166138,0.6705706822854216,[0.75831616 0.5828252 ],0.6681279449230166,[0.77918935 0.55706654],0.6748068115722434,[0.73853211 0.61108151],,0.7320393323898315,0.7161559658282618,[0.78330063 0.6490113 ],0.7160400997492726,[0.78398429 0.64809591],0.7162737223095306,[0.78261817 0.64992928],5,15,3,umap,17,,"['time_encoding', 'timeline_index']","['z_score', None]",True,True,384,2,True,signature,"(10,)","(32, 32)",0.1,0.0005,12,True,focal,2,True,5,Conv1d,,concatenation,64,9
0,,0.6887232065200806,0.6609698414500322,[0.75797101 0.56396867],0.6597040264504244,[0.76641266 0.55299539],0.6625497787069938,[0.7497133  0.57538625],,0.7316349744796753,0.713009837037151,[0.78612096 0.63989872],0.7152415485511701,[0.77554048 0.65494261],0.7112622645561069,[0.79699412 0.62553041],5,15,3,umap,17,,"['time_encoding', 'timeline_index']","['z_score', None]",True,True,384,2,True,signature,"(10,)","(32, 32)",0.1,0.0005,123,True,focal,2,True,5,Conv1d,,concatenation,64,9
0,,0.6991612315177917,0.6698326085172724,[0.76823665 0.57142857],0.6695881339546195,[0.76956272 0.56961355],0.6700851660369611,[0.76691514 0.57325519],,0.7449790835380554,0.7241424226535471,[0.79995771 0.64832714],0.7303305545053276,[0.77727553 0.68338558],0.7203468627660601,[0.82400349 0.61669024],5,15,3,umap,17,,"['time_encoding', 'timeline_index']","['z_score', None]",True,True,384,2,True,signature,"(10,)","(32, 32)",0.1,0.0003,1,True,focal,2,True,5,Conv1d,,concatenation,64,10
0,,0.6915190815925598,0.6669197040183235,[0.75743808 0.57640133],0.6647461983294067,[0.77481259 0.5546798 ],0.6703595675316361,[0.74082569 0.59989345],,0.731365442276001,0.7149963752121061,[0.7832989  0.64669385],0.7152207533443371,[0.78202345 0.64841806],0.7147786533951027,[0.78457852 0.64497878],5,15,3,umap,17,,"['time_encoding', 'timeline_index']","['z_score', None]",True,True,384,2,True,signature,"(10,)","(32, 32)",0.1,0.0003,12,True,focal,2,True,5,Conv1d,,concatenation,64,10
0,,0.6900279521942139,0.6578190481526954,[0.76280131 0.55283678],0.6585506195828683,[0.75901221 0.55808903],0.6571554561984037,[0.76662844 0.54768247],,0.7289392352104187,0.7071892439390853,[0.7869929  0.62738558],0.7124953349411902,[0.76597938 0.65901129],0.7039240956955016,[0.8091919  0.59865629],5,15,3,umap,17,,"['time_encoding', 'timeline_index']","['z_score', None]",True,True,384,2,True,signature,"(10,)","(32, 32)",0.1,0.0003,123,True,focal,2,True,5,Conv1d,,concatenation,64,10
0,,0.6904007196426392,0.6633806554457259,[0.75875091 0.5680104 ],0.6618958981023428,[0.76891375 0.55487805],0.6653163231391104,[0.74885321 0.58177944],,0.7389135956764221,0.7201302996834684,[0.79263462 0.64762598],0.7231424345802686,[0.77936842 0.66691645],0.7178901774796455,[0.80636027 0.62942008],5,15,3,umap,17,,"['time_encoding', 'timeline_index']","['z_score', None]",True,True,384,2,True,signature,"(10,)","(32, 32)",0.1,0.0001,1,True,focal,2,True,5,Conv1d,,concatenation,64,11
0,,0.6991612315177917,0.6694282551989086,[0.76856897 0.57028754],0.6693867387744545,[0.76878944 0.56998403],0.6694699965296955,[0.76834862 0.57059137],,0.729343593120575,0.7096319833641399,[0.78528657 0.6339774 ],0.7127589287111278,[0.77126654 0.65425132],0.7073739762655981,[0.79982575 0.61492221],5,15,3,umap,17,,"['time_encoding', 'timeline_index']","['z_score', None]",True,True,384,2,True,signature,"(10,)","(32, 32)",0.1,0.0001,12,True,focal,2,True,5,Conv1d,,concatenation,64,11
0,,0.6984156370162964,0.6642686658232164,[0.77133974 0.55719759],0.666733245753211,[0.76059086 0.57287563],0.6623758052572668,[0.78239679 0.54235482],,0.7247607707977295,0.7019846578024258,[0.7843717  0.61959762],0.7079729856221344,[0.76122156 0.65472441],0.6985110851222658,[0.80897408 0.58804809],5,15,3,umap,17,,"['time_encoding', 'timeline_index']","['z_score', None]",True,True,384,2,True,signature,"(10,)","(32, 32)",0.1,0.0001,123,True,focal,2,True,5,Conv1d,,concatenation,64,11
0,,0.6887232065200806,0.6660823559788571,[0.75303165 0.57913306],0.6635699380099194,[0.77764203 0.54949785],0.6710391179072598,[0.72993119 0.61214704],,0.7323089241981506,0.7175666574197137,[0.78209348 0.65303983],0.7166727563722801,[0.78797258 0.64537293],0.7185962742429766,[0.77630146 0.66089109],5,15,3,umap,17,,"['time_encoding', 'timeline_index']","['z_score', None]",True,True,384,2,True,signature,"(10,)","(128, 128)",0.1,0.0005,1,True,focal,2,True,5,Conv1d,,concatenation,64,12
0,,0.6987884640693665,0.6693427893124735,[0.76801608 0.5706695 ],0.6691387883503027,[0.76912018 0.56915739],0.6695524009863485,[0.76691514 0.57218966],,0.7367569804191589,0.7168317124251569,[0.79194631 0.64171712],0.7209072991630782,[0.77502085 0.66679375],0.7140429032634725,[0.80962753 0.61845827],5,15,3,umap,17,,"['time_encoding', 'timeline_index']","['z_score', None]",True,True,384,2,True,signature,"(10,)","(128, 128)",0.1,0.0005,12,True,focal,2,True,5,Conv1d,,concatenation,64,12
0,,0.68369060754776,0.6602930416789284,[0.74944633 0.57113975],0.6579359852476291,[0.77260274 0.54326923],0.6648310609356136,[0.72763761 0.60202451],,0.7286696434020996,0.7129911988716016,[0.78007211 0.64591029],0.71259182205055,[0.78255151 0.64263213],0.7134152146272287,[0.77760836 0.64922207],5,15,3,umap,17,,"['time_encoding', 'timeline_index']","['z_score', None]",True,True,384,2,True,signature,"(10,)","(128, 128)",0.1,0.0005,123,True,focal,2,True,5,Conv1d,,concatenation,64,12
0,,0.6909599304199219,0.669703995083121,[0.7534939  0.58591409],0.667031399869846,[0.78258184 0.55148096],0.6757121150283734,[0.72649083 0.6249334 ],,0.7328481078147888,0.7175800700096893,[0.78324584 0.6519143 ],0.7170534247413076,[0.78651439 0.64759246],0.7181492785990178,[0.78000436 0.6562942 ],5,15,3,umap,17,,"['time_encoding', 'timeline_index']","['z_score', None]",True,True,384,2,True,signature,"(10,)","(128, 128)",0.1,0.0003,1,True,focal,2,True,5,Conv1d,,concatenation,64,13
0,,0.6848089694976807,0.666470789073839,[0.74467764 0.58826394],0.6641534533439183,[0.78660287 0.54170404],0.675287796992077,[0.70699541 0.64358018],,0.7238172292709351,0.7121766931398942,[0.77005948 0.65429391],0.7099493340145566,[0.79421296 0.62568571],0.7164876501808317,[0.74733174 0.68564356],5,15,3,umap,17,,"['time_encoding', 'timeline_index']","['z_score', None]",True,True,384,2,True,signature,"(10,)","(128, 128)",0.1,0.0003,12,True,focal,2,True,5,Conv1d,,concatenation,64,13
0,,0.6814538836479187,0.6610602221277599,[0.74419997 0.57792047],0.6586260864148612,[0.77857814 0.53867403],0.6680322335075002,[0.71272936 0.62333511],,0.7250303030014038,0.7118798531928902,[0.77343403 0.65032568],0.7100517976057855,[0.7890324  0.63107119],0.7146162530650799,[0.75844043 0.67079208],5,15,3,umap,17,,"['time_encoding', 'timeline_index']","['z_score', None]",True,True,384,2,True,signature,"(10,)","(128, 128)",0.1,0.0003,123,True,focal,2,True,5,Conv1d,,concatenation,64,13
0,,0.6920782923698425,0.6666039220076365,[0.75876168 0.57444616],0.6646620057000356,[0.77321429 0.55610973],0.6694362404872112,[0.74483945 0.59403303],,0.7339264154434204,0.7170278919404871,[0.78617851 0.64787727],0.7178256250165791,[0.78194355 0.6537077 ],0.716304762069075,[0.79045959 0.64214993],5,15,3,umap,17,,"['time_encoding', 'timeline_index']","['z_score', None]",True,True,384,2,True,signature,"(10,)","(128, 128)",0.1,0.0001,1,True,focal,2,True,5,Conv1d,,concatenation,64,14
0,,0.6915190815925598,0.6670651801678115,[0.75729579 0.57683457],0.6648574356031522,[0.7751426  0.55457227],0.6706056353345422,[0.74025229 0.60095898],,0.7244911789894104,0.7084349923323146,[0.7768559  0.64001409],0.7081350289709829,[0.7787262  0.63754386],0.7087490453155842,[0.77499455 0.64250354],5,15,3,umap,17,,"['time_encoding', 'timeline_index']","['z_score', None]",True,True,384,2,True,signature,"(10,)","(128, 128)",0.1,0.0001,12,True,focal,2,True,5,Conv1d,,concatenation,64,14
0,,0.6857408881187439,0.6598938388129487,[0.75365283 0.56613484],0.6580052309304198,[0.76847437 0.54753609],0.6627168787544051,[0.7393922  0.58604156],,0.7274565100669861,0.7110664802850086,[0.77988243 0.64225053],0.7111241819689464,[0.77954298 0.64270538],0.711009248153866,[0.78022217 0.64179632],5,15,3,umap,17,,"['time_encoding', 'timeline_index']","['z_score', None]",True,True,384,2,True,signature,"(10,)","(128, 128)",0.1,0.0001,123,True,focal,2,True,5,Conv1d,,concatenation,64,14
0,,0.6943150162696838,0.6672146395603145,[0.76218097 0.5722483 ],0.6658393128315112,[0.77112676 0.56055187],0.6689418137472933,[0.75344037 0.58444326],,0.7243563532829285,0.7079583477483599,[0.77716029 0.6387564 ],0.707888339855996,[0.77758395 0.63819273],0.7080290846398016,[0.77673709 0.63932107],5,15,3,umap,17,,"['time_encoding', 'timeline_index']","['z_score', None]",True,True,384,2,True,signature,"(10,)","(512, 512)",0.1,0.0005,1,True,focal,2,True,5,Conv1d,,concatenation,64,15
0,,0.7000932097434998,0.6749545254479574,[0.76534928 0.58455977],0.6730002004602853,[0.77886613 0.56713427],0.6776918076376025,[0.75229358 0.60309004],,0.7284000515937805,0.711492572411832,[0.78133478 0.64165036],0.7119924977251766,[0.77854671 0.64543828],0.7110247680336381,[0.78414289 0.63790665],5,15,3,umap,17,,"['time_encoding', 'timeline_index']","['z_score', None]",True,True,384,2,True,signature,"(10,)","(512, 512)",0.1,0.0005,12,True,focal,2,True,5,Conv1d,,concatenation,64,15
0,,0.6931966543197632,0.6684765551676239,[0.75900439 0.57794872],0.6663384542749404,[0.77558348 0.55709343],0.671772739047768,[0.74311927 0.60042621],,0.7348699569702148,0.7166354201681071,[0.78851736 0.64475348],0.7187354959759048,[0.77855626 0.65891473],0.7149623887459537,[0.79873666 0.63118812],5,15,3,umap,17,,"['time_encoding', 'timeline_index']","['z_score', None]",True,True,384,2,True,signature,"(10,)","(512, 512)",0.1,0.0005,123,True,focal,2,True,5,Conv1d,,concatenation,64,15
0,,0.6976701021194458,0.6733822380003105,[0.76244874 0.58431574],0.6711521401641163,[0.77934132 0.56296296],0.6768125467391357,[0.74627294 0.60735216],,0.7269173860549927,0.7111569346499438,[0.77862762 0.64368625],0.7107481217594818,[0.78118834 0.64030791],0.711592033118114,[0.77608364 0.64710042],5,15,3,umap,17,,"['time_encoding', 'timeline_index']","['z_score', None]",True,True,384,2,True,signature,"(10,)","(512, 512)",0.1,0.0003,1,True,focal,2,True,5,Conv1d,,concatenation,64,16
0,,0.699533998966217,0.6723626885688092,[0.76671491 0.57801047],0.6711511117701963,[0.77410871 0.56819352],0.6738168125253552,[0.75946101 0.58817262],,0.7298827171325684,0.7126871226762281,[0.78297596 0.64239829],0.7135032067734205,[0.77859143 0.64841499],0.711951185472345,[0.78741015 0.63649222],5,15,3,umap,17,,"['time_encoding', 'timeline_index']","['z_score', None]",True,True,384,2,True,signature,"(10,)","(512, 512)",0.1,0.0003,12,True,focal,2,True,5,Conv1d,,concatenation,64,16
0,,0.6904007196426392,0.666436911380751,[0.75584301 0.57703081],0.6641242688444984,[0.77556561 0.55268293],0.6703607130986886,[0.73709862 0.6036228 ],,0.7341960072517395,0.7179413760661351,[0.78565217 0.65023058],0.7182155986006027,[0.78411803 0.65231317],0.7176767887604953,[0.78719233 0.64816124],5,15,3,umap,17,,"['time_encoding', 'timeline_index']","['z_score', None]",True,True,384,2,True,signature,"(10,)","(512, 512)",0.1,0.0003,123,True,focal,2,True,5,Conv1d,,concatenation,64,16
0,,0.6959925293922424,0.6679935821485778,[0.76440849 0.57157867],0.6670181234020409,[0.77030568 0.56373057],0.6691246462488941,[0.75860092 0.57964838],,0.7383744716644287,0.7205846373774023,[0.79108815 0.65008112],0.7225131658228541,[0.78191489 0.66311144],0.7190161197250509,[0.8004792  0.63755304],5,15,3,umap,17,,"['time_encoding', 'timeline_index']","['z_score', None]",True,True,384,2,True,signature,"(10,)","(512, 512)",0.1,0.0001,1,True,focal,2,True,5,Conv1d,,concatenation,64,17
0,,0.6999068260192871,0.6739778160052201,[0.76592033 0.58203531],0.6722930435756693,[0.77699115 0.56759494],0.6761950860977648,[0.75516055 0.59722962],,0.7252998948097229,0.7079352771963496,[0.77915041 0.63672014],0.7086349645670347,[0.77528575 0.64198418],0.7072977632579824,[0.7830538  0.63154173],5,15,3,umap,17,,"['time_encoding', 'timeline_index']","['z_score', None]",True,True,384,2,True,signature,"(10,)","(512, 512)",0.1,0.0001,12,True,focal,2,True,5,Conv1d,,concatenation,64,17
0,,0.6915190815925598,0.6658117380875913,[0.75849993 0.57312355],0.6639312778603269,[0.77236256 0.5555    ],0.6685140590098391,[0.74512615 0.59190197],,0.7278608679771423,0.7105162647321062,[0.7813752  0.63965733],0.7113411085504109,[0.77691645 0.64576577],0.70977439717398,[0.78588543 0.63366337],5,15,3,umap,17,,"['time_encoding', 'timeline_index']","['z_score', None]",True,True,384,2,True,signature,"(10,)","(512, 512)",0.1,0.0001,123,True,focal,2,True,5,Conv1d,,concatenation,64,17
