,loss,accuracy,f1,f1_scores,precision,precision_scores,recall,recall_scores,valid_loss,valid_accuracy,valid_f1,valid_f1_scores,valid_precision,valid_precision_scores,valid_recall,valid_recall_scores,k,dimensions,sig_depth,method,input_channels,output_channels,features,standardise_method,include_features_in_path,embedding_dim,num_features,log_signature,swnu_hidden_dim,ffn_hidden_dim,dropout_rate,learning_rate,seed,BiLSTM,loss_function,gamma,k_fold,n_splits,augmentation_type,hidden_dim_aug,comb_method,batch_size,model_id
0,0.31746415180318494,0.631077229976654,0.6308840042734072,[0.62243902 0.63932898],0.6343859533342132,[0.67016807 0.59860384],0.633528233151184,[0.58105647 0.686     ],0.1945461004972458,0.7188612222671509,0.6701338841255925,[0.79691517 0.5433526 ],0.7000335345405768,[0.73809524 0.66197183],0.6633530507174937,[0.86592179 0.46078431],35,15,3,gaussian_random_projection,17,,"['time_encoding', 'timeline_index']","['z_score', None]",True,384,2,True,"(12,)","(64, 64)",0.5,0.001,1,False,focal,2,False,,Conv1d,,concatenation,64,0
0,0.405274361371994,0.605338454246521,0.5982850482850482,[0.65151515 0.54505495],0.6052559257986946,[0.6056338  0.60487805],0.6004590163934427,[0.70491803 0.496     ],0.21282356977462769,0.7330960631370544,0.6847938259972179,[0.80818414 0.56140351],0.720467596390484,[0.74528302 0.69565217],0.6766348997699638,[0.88268156 0.47058824],35,15,3,gaussian_random_projection,17,,"['time_encoding', 'timeline_index']","['z_score', None]",True,384,2,True,"(12,)","(64, 64)",0.5,0.001,12,False,focal,2,False,,Conv1d,,concatenation,64,0
0,0.3180709603954764,0.5776930451393127,0.5776377700846257,[0.57280617 0.58246937],0.5797043482072411,[0.60860656 0.55080214],0.5794918032786885,[0.54098361 0.618     ],0.20119587779045106,0.6797152757644653,0.6440033783783784,[0.75675676 0.53125   ],0.6498254799301919,[0.73298429 0.56666667],0.6410614525139664,[0.78212291 0.5       ],35,15,3,gaussian_random_projection,17,,"['time_encoding', 'timeline_index']","['z_score', None]",True,384,2,True,"(12,)","(64, 64)",0.5,0.001,123,False,focal,2,False,,Conv1d,,concatenation,64,0
0,0.24437034480711994,0.54146808385849,0.4498913561349168,[0.22544283 0.67433988],0.7409729330148982,[0.97222222 0.50972364],0.561752276867031,[0.12750455 0.996     ],0.24260125756263734,0.5516014099121094,0.546076923076923,[0.496      0.59615385],0.6580482897384305,[0.87323944 0.44285714],0.6290667104830759,[0.34636872 0.91176471],35,15,3,gaussian_random_projection,17,,"['time_encoding', 'timeline_index']","['z_score', None]",True,384,2,True,"(12,)","(64, 64)",0.5,0.0001,1,False,focal,2,False,,Conv1d,,concatenation,64,1
0,0.35960262312608604,0.6081982851028442,0.6073061232296901,[0.62602366 0.58858859],0.6073164510839861,[0.62545455 0.58917836],0.6072969034608379,[0.62659381 0.588     ],0.21366119086742402,0.7153024673461914,0.6691003297220914,[0.79274611 0.54545455],0.6938895417156287,[0.73913043 0.64864865],0.6626684193230366,[0.8547486  0.47058824],35,15,3,gaussian_random_projection,17,,"['time_encoding', 'timeline_index']","['z_score', None]",True,384,2,True,"(12,)","(64, 64)",0.5,0.0001,12,False,focal,2,False,,Conv1d,,concatenation,64,1
0,0.24654624479658463,0.5795996189117432,0.544811035313357,[0.41897233 0.67064974],0.6461518814915717,[0.75714286 0.53516091],0.5938087431693989,[0.28961749 0.898     ],0.24361248016357423,0.6405693888664246,0.6257039235080777,[0.70029674 0.55111111],0.6254502418441905,[0.74683544 0.50406504],0.633530507174937,[0.65921788 0.60784314],35,15,3,gaussian_random_projection,17,,"['time_encoding', 'timeline_index']","['z_score', None]",True,384,2,True,"(12,)","(64, 64)",0.5,0.0001,123,False,focal,2,False,,Conv1d,,concatenation,64,1
0,0.3146204334848067,0.5900858044624329,0.5859372705108246,[0.62738302 0.54449153],0.5885879681334227,[0.59834711 0.57882883],0.5866903460837887,[0.65938069 0.514     ],0.1977462112903595,0.7295373678207397,0.6728152959921558,[0.80904523 0.53658537],0.7224186183532184,[0.73515982 0.70967742],0.6654069449008654,[0.89944134 0.43137255],35,15,3,gaussian_random_projection,17,,"['time_encoding', 'timeline_index']","['z_score', None]",True,384,2,True,"(12,)","(64, 64)",0.5,0.0005,1,False,focal,2,False,,Conv1d,,concatenation,64,2
0,0.35363886812153983,0.6539561748504639,0.6531037253449723,[0.67029973 0.63590772],0.6531526113200945,[0.66847826 0.63782696],0.6530655737704918,[0.67213115 0.634     ],0.2119871586561203,0.708185076713562,0.6687083045778698,[0.78306878 0.55434783],0.6828349062385096,[0.74371859 0.62195122],0.6634078212290503,[0.82681564 0.5       ],35,15,3,gaussian_random_projection,17,,"['time_encoding', 'timeline_index']","['z_score', None]",True,384,2,True,"(12,)","(64, 64)",0.5,0.0005,12,False,focal,2,False,,Conv1d,,concatenation,64,2
0,0.3180805926813799,0.6167778968811035,0.6165238361984302,[0.62639405 0.60665362],0.6166692112514268,[0.63946869 0.59386973],0.6169216757741348,[0.61384335 0.62      ],0.1919313669204712,0.6939501762390137,0.6373649459783914,[0.78061224 0.49411765],0.6679784589892295,[0.71830986 0.61764706],0.6332566546171541,[0.8547486  0.41176471],35,15,3,gaussian_random_projection,17,,"['time_encoding', 'timeline_index']","['z_score', None]",True,384,2,True,"(12,)","(64, 64)",0.5,0.0005,123,False,focal,2,False,,Conv1d,,concatenation,64,2
0,0.42778660532306223,0.5748332142829895,0.5735741264656128,[0.59674503 0.55040323],0.5736688269037089,[0.59245961 0.55487805],0.5735464480874317,[0.6010929 0.546    ],0.2609892010688782,0.7224199175834656,0.6732558139534883,[0.8        0.54651163],0.7053825321597833,[0.73933649 0.67142857],0.6661463468068791,[0.87150838 0.46078431],35,15,3,gaussian_random_projection,17,,"['time_encoding', 'timeline_index']","['z_score', None]",True,384,2,True,"(12,)","(64, 64)",0.1,0.001,1,False,focal,2,False,,Conv1d,,concatenation,64,3
0,0.42661642151720386,0.6034318804740906,0.6021733581300368,[0.57979798 0.62454874],0.609936299081036,[0.65079365 0.56907895],0.6073843351548269,[0.52276867 0.692     ],0.2791014939546585,0.6939501762390137,0.6798357180710122,[0.74705882 0.61261261],0.6777432712215321,[0.78881988 0.56666667],0.6880819366852886,[0.70949721 0.66666667],35,15,3,gaussian_random_projection,17,,"['time_encoding', 'timeline_index']","['z_score', None]",True,384,2,True,"(12,)","(64, 64)",0.1,0.001,12,False,focal,2,False,,Conv1d,,concatenation,64,3
0,0.5711729807012221,0.5710200071334839,0.5709884397266249,[0.57466919 0.56730769],0.5717729025685804,[0.59724951 0.5462963 ],0.5718670309653916,[0.55373406 0.59      ],0.204427370429039,0.7117437720298767,0.6834573395452332,[0.77808219 0.58883249],0.6869835880022637,[0.76344086 0.61052632],0.6809617701829336,[0.79329609 0.56862745],35,15,3,gaussian_random_projection,17,,"['time_encoding', 'timeline_index']","['z_score', None]",True,384,2,True,"(12,)","(64, 64)",0.1,0.001,123,False,focal,2,False,,Conv1d,,concatenation,64,3
0,0.24841723459608414,0.5872259140014648,0.5477282209218153,[0.41407307 0.68138337],0.6721309968751914,[0.80526316 0.53899884],0.602344262295082,[0.27868852 0.926     ],0.2415367305278778,0.6512455344200134,0.6463683994246969,[0.68789809 0.60483871],0.6568493150684932,[0.8        0.51369863],0.6693230364771607,[0.60335196 0.73529412],35,15,3,gaussian_random_projection,17,,"['time_encoding', 'timeline_index']","['z_score', None]",True,384,2,True,"(12,)","(64, 64)",0.1,0.0001,1,False,focal,2,False,,Conv1d,,concatenation,64,4
0,0.35063063572434816,0.6139180064201355,0.6138674873234163,[0.60945034 0.61828464],0.6161056076678064,[0.64754098 0.58467023],0.6157959927140255,[0.57559199 0.656     ],0.20519117414951324,0.7402135133743286,0.7090230789962693,[0.80428954 0.61375661],0.7199312714776632,[0.77319588 0.66666667],0.7033081388980174,[0.83798883 0.56862745],35,15,3,gaussian_random_projection,17,,"['time_encoding', 'timeline_index']","['z_score', None]",True,384,2,True,"(12,)","(64, 64)",0.1,0.0001,12,False,focal,2,False,,Conv1d,,concatenation,64,4
0,0.2568631706868901,0.5919923782348633,0.5655053613595015,[0.45822785 0.67278287],0.6477958999219424,[0.75103734 0.54455446],0.6048451730418943,[0.32969035 0.88      ],0.24305061399936675,0.6370106935501099,0.6214338546069316,[0.69822485 0.54464286],0.621069182389937,[0.74213836 0.5       ],0.6286285463906233,[0.65921788 0.59803922],35,15,3,gaussian_random_projection,17,,"['time_encoding', 'timeline_index']","['z_score', None]",True,384,2,True,"(12,)","(64, 64)",0.1,0.0001,123,False,focal,2,False,,Conv1d,,concatenation,64,4
0,0.32194749397390027,0.6244041919708252,0.6242536092221536,[0.6317757  0.61673152],0.6245655935555168,[0.6487524  0.60037879],0.6248324225865209,[0.61566485 0.634     ],0.2163558632135391,0.7010676264762878,0.6781389767644813,[0.76404494 0.59223301],0.6774500217296828,[0.76836158 0.58653846],0.6789078759995618,[0.75977654 0.59803922],35,15,3,gaussian_random_projection,17,,"['time_encoding', 'timeline_index']","['z_score', None]",True,384,2,True,"(12,)","(64, 64)",0.1,0.0005,1,False,focal,2,False,,Conv1d,,concatenation,64,5
0,0.3305094899500118,0.6234509348869324,0.6225934760966608,[0.64058235 0.6046046 ],0.6226052104208417,[0.64       0.60521042],0.6225828779599272,[0.64116576 0.604     ],0.22460214793682098,0.6832740306854248,0.6488338458514118,[0.75880759 0.5388601 ],0.6541353383458646,[0.73684211 0.57142857],0.6459634132982801,[0.78212291 0.50980392],35,15,3,gaussian_random_projection,17,,"['time_encoding', 'timeline_index']","['z_score', None]",True,384,2,True,"(12,)","(64, 64)",0.1,0.0005,12,False,focal,2,False,,Conv1d,,concatenation,64,5
0,0.49248547939693227,0.5977120995521545,0.5966031697430962,[0.57545272 0.61775362],0.6036330828186621,[0.64269663 0.56456954],0.6014735883424408,[0.52094718 0.682     ],0.18862455785274507,0.754448413848877,0.7442927794263106,[0.79525223 0.69333333],0.7411238036430997,[0.84810127 0.63414634],0.7566546171541242,[0.74860335 0.76470588],35,15,3,gaussian_random_projection,17,,"['time_encoding', 'timeline_index']","['z_score', None]",True,384,2,True,"(12,)","(64, 64)",0.1,0.0005,123,False,focal,2,False,,Conv1d,,concatenation,64,5
0,0.3537663764813367,0.5938989520072937,0.5874653816328792,[0.63898305 0.53594771],0.5929905443626354,[0.59746434 0.58851675],0.589351548269581,[0.6867031 0.492    ],0.1975296288728714,0.7651245594024658,0.7252932811944544,[0.82989691 0.62068966],0.7601674641148326,[0.77033493 0.75      ],0.7144265527440026,[0.89944134 0.52941176],35,15,3,gaussian_random_projection,17,,"['time_encoding', 'timeline_index']","['z_score', None]",True,384,2,True,"(12,)","(128, 128)",0.5,0.001,1,False,focal,2,False,,Conv1d,,concatenation,64,6
0,0.5033281585749458,0.6120114326477051,0.611553946165289,[0.5982231  0.62488479],0.616252210433245,[0.65301724 0.57948718],0.6149562841530054,[0.55191257 0.678     ],0.3548581063747406,0.6797152757644653,0.6604092813406381,[0.74137931 0.57943925],0.6584425190194421,[0.76331361 0.55357143],0.6642567641581771,[0.72067039 0.60784314],35,15,3,gaussian_random_projection,17,,"['time_encoding', 'timeline_index']","['z_score', None]",True,384,2,True,"(12,)","(128, 128)",0.5,0.001,12,False,focal,2,False,,Conv1d,,concatenation,64,6
0,0.3493041729225832,0.5967588424682617,0.5946310380267216,[0.624      0.56526208],0.5953851744186047,[0.609375   0.58139535],0.594672131147541,[0.63934426 0.55      ],0.19250106513500215,0.7651245594024658,0.7048319327731092,[0.83823529 0.57142857],0.7964393684917702,[0.74672489 0.84615385],0.6933399057947202,[0.95530726 0.43137255],35,15,3,gaussian_random_projection,17,,"['time_encoding', 'timeline_index']","['z_score', None]",True,384,2,True,"(12,)","(128, 128)",0.5,0.001,123,False,focal,2,False,,Conv1d,,concatenation,64,6
0,0.4045016940902261,0.621544361114502,0.6198515565024587,[0.64521895 0.59448417],0.6204244954766875,[0.63333333 0.60751566],0.6197795992714026,[0.6575592 0.582    ],0.19262354969978332,0.7793594002723694,0.7495111571198527,[0.83597884 0.66304348],0.7689361441353106,[0.79396985 0.74390244],0.7403603899660423,[0.88268156 0.59803922],35,15,3,gaussian_random_projection,17,,"['time_encoding', 'timeline_index']","['z_score', None]",True,384,2,True,"(12,)","(128, 128)",0.5,0.0001,1,False,focal,2,False,,Conv1d,,concatenation,64,7
0,0.2882237635991153,0.6015252470970154,0.5808460279587654,[0.4877451  0.67394696],0.6488740097895533,[0.74531835 0.55242967],0.6132386156648452,[0.36247723 0.864     ],0.23763795793056489,0.6441280841827393,0.6240098479982873,[0.71098266 0.53703704],0.6226494379661729,[0.73652695 0.50877193],0.6278891444846095,[0.68715084 0.56862745],35,15,3,gaussian_random_projection,17,,"['time_encoding', 'timeline_index']","['z_score', None]",True,384,2,True,"(12,)","(128, 128)",0.5,0.0001,12,False,focal,2,False,,Conv1d,,concatenation,64,7
0,0.25294066089041095,0.5567206740379333,0.4913740517713303,[0.30906389 0.67368421],0.678814298169137,[0.83870968 0.51891892],0.5747176684881603,[0.18943534 0.96      ],0.24267414808273316,0.6334519386291504,0.6329871546138142,[0.6199262  0.64604811],0.7051989878076834,[0.91304348 0.4973545 ],0.6954211852338701,[0.46927374 0.92156863],35,15,3,gaussian_random_projection,17,,"['time_encoding', 'timeline_index']","['z_score', None]",True,384,2,True,"(12,)","(128, 128)",0.5,0.0001,123,False,focal,2,False,,Conv1d,,concatenation,64,7
0,0.32192688742104697,0.6177312135696411,0.6172288815667947,[0.63109476 0.60336301],0.6172076764708022,[0.63754647 0.59686888],0.6173861566484518,[0.62477231 0.61      ],0.18454939126968384,0.7758007049560547,0.7538001529796259,[0.82739726 0.68020305],0.758545557441992,[0.81182796 0.70526316],0.7502190820462263,[0.84357542 0.65686275],35,15,3,gaussian_random_projection,17,,"['time_encoding', 'timeline_index']","['z_score', None]",True,384,2,True,"(12,)","(128, 128)",0.5,0.0005,1,False,focal,2,False,,Conv1d,,concatenation,64,8
0,0.4475477898822111,0.6062917113304138,0.6044281635511501,[0.57727738 0.63157895],0.6144634069258206,[0.6588785  0.57004831],0.6108306010928961,[0.5136612 0.708    ],0.23699719905853273,0.7224199175834656,0.7077288244079369,[0.77325581 0.64220183],0.7047544409613375,[0.80606061 0.60344828],0.714645634790229,[0.74301676 0.68627451],35,15,3,gaussian_random_projection,17,,"['time_encoding', 'timeline_index']","['z_score', None]",True,384,2,True,"(12,)","(128, 128)",0.5,0.0005,12,False,focal,2,False,,Conv1d,,concatenation,64,8
0,0.5863763164071476,0.58913254737854,0.5858066171047991,[0.5486911  0.62292213],0.5994874702173463,[0.6453202  0.55365474],0.594615664845173,[0.47723133 0.712     ],0.20091176629066468,0.7224199175834656,0.7056880438285531,[0.77586207 0.63551402],0.7029797125950972,[0.79881657 0.60714286],0.7104283054003724,[0.75418994 0.66666667],35,15,3,gaussian_random_projection,17,,"['time_encoding', 'timeline_index']","['z_score', None]",True,384,2,True,"(12,)","(128, 128)",0.5,0.0005,123,False,focal,2,False,,Conv1d,,concatenation,64,8
0,0.3486720472574234,0.6015252470970154,0.6014959284571761,[0.59807692 0.60491493],0.6034389622524436,[0.63340122 0.5734767 ],0.6032422586520947,[0.56648452 0.64      ],0.21921955645084382,0.7580071091651917,0.7360773480662983,[0.8121547 0.66     ],0.738374038139846,[0.80327869 0.67346939],0.7341439369043707,[0.82122905 0.64705882],35,15,3,gaussian_random_projection,17,,"['time_encoding', 'timeline_index']","['z_score', None]",True,384,2,True,"(12,)","(128, 128)",0.1,0.001,1,False,focal,2,False,,Conv1d,,concatenation,64,9
0,0.2557725389214123,0.6320305466651917,0.6319552507962363,[0.62669246 0.63721805],0.634552533450318,[0.66804124 0.60106383],0.6340819672131148,[0.59016393 0.678     ],0.24412462413311004,0.6548042893409729,0.6259862508061529,[0.72980501 0.52216749],0.6262651265126513,[0.72777778 0.52475248],0.6257257092781247,[0.73184358 0.51960784],35,15,3,gaussian_random_projection,17,,"['time_encoding', 'timeline_index']","['z_score', None]",True,384,2,True,"(12,)","(128, 128)",0.1,0.001,12,False,focal,2,False,,Conv1d,,concatenation,64,9
0,0.6696145183899823,0.5176358819007874,0.5175827971061912,[0.51252408 0.52264151],0.5193050686532281,[0.54396728 0.49464286],0.5192586520947177,[0.4845173 0.554    ],0.2783933639526367,0.7224199175834656,0.6830827067669174,[0.79473684 0.57142857],0.7006218905472636,[0.75124378 0.65      ],0.6766896702815204,[0.84357542 0.50980392],35,15,3,gaussian_random_projection,17,,"['time_encoding', 'timeline_index']","['z_score', None]",True,384,2,True,"(12,)","(128, 128)",0.1,0.001,123,False,focal,2,False,,Conv1d,,concatenation,64,9
0,0.42736902657677145,0.5986654162406921,0.5979580596559744,[0.61482159 0.58109453],0.5979324403028539,[0.61764706 0.57821782],0.5980109289617486,[0.61202186 0.584     ],0.23717513978481292,0.7402135133743286,0.6989801159292685,[0.81038961 0.58757062],0.7253074433656959,[0.75728155 0.69333333],0.6906561507284478,[0.87150838 0.50980392],35,15,3,gaussian_random_projection,17,,"['time_encoding', 'timeline_index']","['z_score', None]",True,384,2,True,"(12,)","(128, 128)",0.1,0.0001,1,False,focal,2,False,,Conv1d,,concatenation,64,10
0,0.4050912576563218,0.5977120995521545,0.5974044163119794,[0.58627451 0.60853432],0.6011467906758057,[0.63481953 0.56747405],0.6003132969034608,[0.54462659 0.656     ],0.20763061344623565,0.7188612222671509,0.6780934151186903,[0.79265092 0.56353591],0.6965471863642061,[0.74752475 0.64556962],0.6717877094972067,[0.84357542 0.5       ],35,15,3,gaussian_random_projection,17,,"['time_encoding', 'timeline_index']","['z_score', None]",True,384,2,True,"(12,)","(128, 128)",0.1,0.0001,12,False,focal,2,False,,Conv1d,,concatenation,64,10
0,0.2600414858144872,0.5910391211509705,0.5647079762090155,[0.45764855 0.67176741],0.6459619855192684,[0.74793388 0.54399009],0.6038451730418943,[0.32969035 0.878     ],0.24126015305519105,0.6405693888664246,0.6278243308810993,[0.6966967  0.55895197],0.6285918805603845,[0.75324675 0.50393701],0.6377478365647935,[0.64804469 0.62745098],35,15,3,gaussian_random_projection,17,,"['time_encoding', 'timeline_index']","['z_score', None]",True,384,2,True,"(12,)","(128, 128)",0.1,0.0001,123,False,focal,2,False,,Conv1d,,concatenation,64,10
0,0.3034799098968506,0.6062917113304138,0.6046303216804149,[0.63025962 0.57900102],0.6050774501478726,[0.61971831 0.59043659],0.6045828779599272,[0.64116576 0.568     ],0.20173959732055663,0.7402135133743286,0.7119648398556524,[0.80216802 0.62176166],0.719144013880856,[0.77894737 0.65934066],0.7075254682878738,[0.82681564 0.58823529],35,15,3,gaussian_random_projection,17,,"['time_encoding', 'timeline_index']","['z_score', None]",True,384,2,True,"(12,)","(128, 128)",0.1,0.0005,1,False,focal,2,False,,Conv1d,,concatenation,64,11
0,0.34293006360530853,0.6129647493362427,0.6125813235914827,[0.62476895 0.6003937 ],0.6126158063906221,[0.63414634 0.59108527],0.6128324225865209,[0.61566485 0.61      ],0.23801216781139373,0.7046263217926025,0.6439508434470652,[0.79093199 0.4969697 ],0.6854885685160914,[0.72018349 0.65079365],0.6395278781903824,[0.87709497 0.40196078],35,15,3,gaussian_random_projection,17,,"['time_encoding', 'timeline_index']","['z_score', None]",True,384,2,True,"(12,)","(128, 128)",0.1,0.0005,12,False,focal,2,False,,Conv1d,,concatenation,64,11
0,0.5826312776874093,0.6034318804740906,0.6029378580423499,[0.61694291 0.58893281],0.6029336883147114,[0.62383613 0.58203125],0.6031001821493625,[0.61020036 0.596     ],0.1984904170036316,0.7651245594024658,0.7500539083557951,[0.81142857 0.68867925],0.7470228601807549,[0.83040936 0.66363636],0.7544911819476394,[0.79329609 0.71568627],35,15,3,gaussian_random_projection,17,,"['time_encoding', 'timeline_index']","['z_score', None]",True,384,2,True,"(12,)","(128, 128)",0.1,0.0005,123,False,focal,2,False,,Conv1d,,concatenation,64,11
0,0.3718276041395524,0.599618673324585,0.5995368013845057,[0.60526316 0.59381044],0.6000745427439003,[0.62524272 0.57490637],0.6002604735883424,[0.58652095 0.614     ],0.1858930319547653,0.7829181551933289,0.7581038935380533,[0.83557951 0.68062827],0.7688143726591761,[0.80729167 0.73033708],0.7515883448351408,[0.86592179 0.6372549 ],35,15,3,gaussian_random_projection,17,,"['time_encoding', 'timeline_index']","['z_score', None]",True,384,2,True,"(12,)","(256, 256)",0.5,0.001,1,False,focal,2,False,,Conv1d,,concatenation,64,12
0,0.4248124063014984,0.6177312135696411,0.6174586242300728,[0.6072478  0.62766945],0.6212841112710397,[0.65677966 0.58578856],0.6203315118397086,[0.56466302 0.676     ],0.23551510274410248,0.7010676264762878,0.6830486625845956,[0.75862069 0.60747664],0.6807111158072696,[0.78106509 0.58035714],0.6873425347792748,[0.73743017 0.6372549 ],35,15,3,gaussian_random_projection,17,,"['time_encoding', 'timeline_index']","['z_score', None]",True,384,2,True,"(12,)","(256, 256)",0.5,0.001,12,False,focal,2,False,,Conv1d,,concatenation,64,12
0,0.4489974186700933,0.5548141002655029,0.5545809560611916,[0.54439024 0.56477167],0.5574651326499186,[0.58613445 0.52879581],0.5570983606557377,[0.50819672 0.606     ],0.20809008181095123,0.6619216799736023,0.6489578539022947,[0.71641791 0.5814978 ],0.6486153846153846,[0.76923077 0.528     ],0.6587249424909629,[0.67039106 0.64705882],35,15,3,gaussian_random_projection,17,,"['time_encoding', 'timeline_index']","['z_score', None]",True,384,2,True,"(12,)","(256, 256)",0.5,0.001,123,False,focal,2,False,,Conv1d,,concatenation,64,12
0,0.2792549571570228,0.602478563785553,0.5954777191991174,[0.54226125 0.64869419],0.621364005565072,[0.68232044 0.56040757],0.6099544626593807,[0.44990893 0.77      ],0.2379179149866104,0.6049821972846985,0.5552085561497326,[0.704      0.40641711],0.5602641056422569,[0.67346939 0.44705882],0.5549895936028042,[0.73743017 0.37254902],35,15,3,gaussian_random_projection,17,,"['time_encoding', 'timeline_index']","['z_score', None]",True,384,2,True,"(12,)","(256, 256)",0.5,0.0001,1,False,focal,2,False,,Conv1d,,concatenation,64,13
0,0.3122258712263668,0.602478563785553,0.5824032626221837,[0.49084249 0.67396403],0.6488589359577807,[0.74444444 0.55327343],0.6140601092896175,[0.36612022 0.862     ],0.23572176992893218,0.6370106935501099,0.6151305188527232,[0.70689655 0.52336449],0.613905325443787,[0.72781065 0.5       ],0.6180852229159821,[0.68715084 0.54901961],35,15,3,gaussian_random_projection,17,,"['time_encoding', 'timeline_index']","['z_score', None]",True,384,2,True,"(12,)","(256, 256)",0.5,0.0001,12,False,focal,2,False,,Conv1d,,concatenation,64,13
0,0.2858974618070266,0.6015252470970154,0.5850537512302219,[0.50238095 0.66772655],0.639587810207727,[0.72508591 0.55408971],0.612167577413479,[0.38433515 0.84      ],0.23982113003730773,0.6334519386291504,0.6045227847236456,[0.71148459 0.49756098],0.6043143885676885,[0.71348315 0.49514563],0.6047486033519553,[0.70949721 0.5       ],35,15,3,gaussian_random_projection,17,,"['time_encoding', 'timeline_index']","['z_score', None]",True,384,2,True,"(12,)","(256, 256)",0.5,0.0001,123,False,focal,2,False,,Conv1d,,concatenation,64,13
0,0.3360409701571745,0.5872259140014648,0.5849310574541016,[0.61579414 0.55406797],0.5857356430770135,[0.60034602 0.57112527],0.5850291438979964,[0.63205829 0.538     ],0.17980644404888152,0.7864768505096436,0.7626689189189189,[0.83783784 0.6875    ],0.7724258289703316,[0.81151832 0.73333333],0.7564903056194545,[0.86592179 0.64705882],35,15,3,gaussian_random_projection,17,,"['time_encoding', 'timeline_index']","['z_score', None]",True,384,2,True,"(12,)","(256, 256)",0.5,0.0005,1,False,focal,2,False,,Conv1d,,concatenation,64,14
0,0.33013954408028545,0.621544361114502,0.6215429522254241,[0.62082139 0.62226451],0.623038433224732,[0.65261044 0.59346642],0.6229927140255009,[0.59198543 0.654     ],0.21834477186203002,0.6939501762390137,0.6598254504504505,[0.76756757 0.55208333],0.666172193135544,[0.7434555  0.58888889],0.6564519662613649,[0.79329609 0.51960784],35,15,3,gaussian_random_projection,17,,"['time_encoding', 'timeline_index']","['z_score', None]",True,384,2,True,"(12,)","(256, 256)",0.5,0.0005,12,False,focal,2,False,,Conv1d,,concatenation,64,14
0,0.4974877886912402,0.6034318804740906,0.6016067776803973,[0.57464213 0.62857143],0.611376795247763,[0.65501166 0.56774194],0.60791985428051,[0.51183971 0.704     ],0.21704483926296234,0.6832740306854248,0.6711289368137288,[0.73432836 0.60792952],0.6702307692307692,[0.78846154 0.552     ],0.6818107131120605,[0.68715084 0.67647059],35,15,3,gaussian_random_projection,17,,"['time_encoding', 'timeline_index']","['z_score', None]",True,384,2,True,"(12,)","(256, 256)",0.5,0.0005,123,False,focal,2,False,,Conv1d,,concatenation,64,14
0,0.386909916120417,0.6139180064201355,0.613601988538437,[0.62465246 0.60255152],0.6136856072999599,[0.63584906 0.59152216],0.6139216757741348,[0.61384335 0.614     ],0.1968071311712265,0.7330960631370544,0.6978278012760771,[0.80106101 0.59459459],0.7126384325179507,[0.76262626 0.6626506 ],0.6913955526344616,[0.84357542 0.53921569],35,15,3,gaussian_random_projection,17,,"['time_encoding', 'timeline_index']","['z_score', None]",True,384,2,True,"(12,)","(256, 256)",0.1,0.001,1,False,focal,2,False,,Conv1d,,concatenation,64,15
0,0.2683876095449223,0.605338454246521,0.6048985785715846,[0.59171598 0.61808118],0.609395713654441,[0.64516129 0.57363014],0.608224043715847,[0.54644809 0.67      ],0.221579447388649,0.6725978851318359,0.6444994499449945,[0.74444444 0.54455446],0.6451657458563536,[0.74033149 0.55      ],0.6439095191149085,[0.74860335 0.53921569],35,15,3,gaussian_random_projection,17,,"['time_encoding', 'timeline_index']","['z_score', None]",True,384,2,True,"(12,)","(256, 256)",0.1,0.001,12,False,focal,2,False,,Conv1d,,concatenation,64,15
0,0.6356013119220734,0.5757864713668823,0.5751687521216307,[0.59136823 0.55896928],0.5751619006039439,[0.5962963 0.5540275],0.5752604735883424,[0.58652095 0.564     ],0.1976543664932251,0.7010676264762878,0.6841682723185614,[0.75722543 0.61111111],0.6816892530728018,[0.78443114 0.57894737],0.6894511994742031,[0.73184358 0.64705882],35,15,3,gaussian_random_projection,17,,"['time_encoding', 'timeline_index']","['z_score', None]",True,384,2,True,"(12,)","(256, 256)",0.1,0.001,123,False,focal,2,False,,Conv1d,,concatenation,64,15
0,0.3585769288680133,0.6186844706535339,0.6156636305681145,[0.6497373  0.58158996],0.6176407502736605,[0.62563238 0.60964912],0.6158870673952641,[0.67577413 0.556     ],0.19145505726337433,0.7473309636116028,0.7054115909929863,[0.81653747 0.59428571],0.7359720758693361,[0.75961538 0.71232877],0.6962427429072187,[0.88268156 0.50980392],35,15,3,gaussian_random_projection,17,,"['time_encoding', 'timeline_index']","['z_score', None]",True,384,2,True,"(12,)","(256, 256)",0.1,0.0001,1,False,focal,2,False,,Conv1d,,concatenation,64,16
0,0.3865599325474571,0.605338454246521,0.6043283843176699,[0.62431942 0.58433735],0.6043775156040366,[0.62206148 0.58669355],0.6042969034608379,[0.62659381 0.582     ],0.22614509165287017,0.6832740306854248,0.6259553401833655,[0.77237852 0.47953216],0.6532335247470604,[0.71226415 0.5942029 ],0.6227681016540695,[0.84357542 0.40196078],35,15,3,gaussian_random_projection,17,,"['time_encoding', 'timeline_index']","['z_score', None]",True,384,2,True,"(12,)","(256, 256)",0.1,0.0001,12,False,focal,2,False,,Conv1d,,concatenation,64,16
0,0.3410142809152603,0.6453765630722046,0.6453504435073434,[0.64230769 0.64839319],0.6474698698435641,[0.6802444  0.61469534],0.6471894353369764,[0.60837887 0.686     ],0.23033786416053773,0.6512455344200134,0.608345659346911,[0.73796791 0.4787234 ],0.6154740608228981,[0.70769231 0.52325581],0.6060630956293132,[0.77094972 0.44117647],35,15,3,gaussian_random_projection,17,,"['time_encoding', 'timeline_index']","['z_score', None]",True,384,2,True,"(12,)","(256, 256)",0.1,0.0001,123,False,focal,2,False,,Conv1d,,concatenation,64,16
0,0.30180197165292855,0.6110581755638123,0.6081089990110977,[0.64210526 0.57411273],0.6098630106621151,[0.61928934 0.60043668],0.6083333333333334,[0.66666667 0.55      ],0.19593843221664428,0.7473309636116028,0.7054115909929863,[0.81653747 0.59428571],0.7359720758693361,[0.75961538 0.71232877],0.6962427429072187,[0.88268156 0.50980392],35,15,3,gaussian_random_projection,17,,"['time_encoding', 'timeline_index']","['z_score', None]",True,384,2,True,"(12,)","(256, 256)",0.1,0.0005,1,False,focal,2,False,,Conv1d,,concatenation,64,17
0,0.36076078695409436,0.5958055257797241,0.5954051261152429,[0.60813309 0.58267717],0.5954520994226042,[0.61726079 0.57364341],0.5956357012750455,[0.5992714 0.592    ],0.25502876937389374,0.6832740306854248,0.6330031550370534,[0.76883117 0.49717514],0.6525566343042071,[0.7184466  0.58666667],0.6290940957388542,[0.82681564 0.43137255],35,15,3,gaussian_random_projection,17,,"['time_encoding', 'timeline_index']","['z_score', None]",True,384,2,True,"(12,)","(256, 256)",0.1,0.0005,12,False,focal,2,False,,Conv1d,,concatenation,64,17
0,0.6451523426701041,0.5614871382713318,0.5614676030942826,[0.55854127 0.56439394],0.5631174573525763,[0.59026369 0.53597122],0.5630273224043716,[0.53005464 0.596     ],0.21465437412261962,0.7224199175834656,0.6958874458874458,[0.78571429 0.60606061],0.6989864864864865,[0.77297297 0.625     ],0.6935589878409465,[0.79888268 0.58823529],35,15,3,gaussian_random_projection,17,,"['time_encoding', 'timeline_index']","['z_score', None]",True,384,2,True,"(12,)","(256, 256)",0.1,0.0005,123,False,focal,2,False,,Conv1d,,concatenation,64,17
0,0.3421911667375004,0.6148713231086731,0.6136491266455164,[0.63537906 0.59191919],0.6138275345916542,[0.62969589 0.59795918],0.613582877959927,[0.64116576 0.586     ],0.21107814610004424,0.754448413848877,0.7154743561523222,[0.82077922 0.61016949],0.7434951456310679,[0.76699029 0.72      ],0.7060466644758462,[0.88268156 0.52941176],35,15,3,gaussian_random_projection,17,,"['time_encoding', 'timeline_index']","['z_score', None]",True,384,2,True,"(12,)","(512, 512)",0.5,0.001,1,False,focal,2,False,,Conv1d,,concatenation,64,18
0,0.6908889763495502,0.6072450280189514,0.6071161048689139,[0.61423221 0.6       ],0.6075017268331697,[0.63198459 0.58301887],0.6077249544626594,[0.59744991 0.618     ],0.4094610303640366,0.7010676264762878,0.6724941724941724,[0.76923077 0.57575758],0.6752533783783784,[0.75675676 0.59375   ],0.6704732172198489,[0.78212291 0.55882353],35,15,3,gaussian_random_projection,17,,"['time_encoding', 'timeline_index']","['z_score', None]",True,384,2,True,"(12,)","(512, 512)",0.5,0.001,12,False,focal,2,False,,Conv1d,,concatenation,64,18
0,0.8392856050940121,0.5538608431816101,0.5538409527133137,[0.55681818 0.55086372],0.5547009760038428,[0.57988166 0.5295203 ],0.55475956284153,[0.53551913 0.574     ],0.1753337025642395,0.7651245594024658,0.7535087719298246,[0.80701754 0.7       ],0.7495840698762608,[0.84662577 0.65254237],0.7629258407273524,[0.77094972 0.75490196],35,15,3,gaussian_random_projection,17,,"['time_encoding', 'timeline_index']","['z_score', None]",True,384,2,True,"(12,)","(512, 512)",0.5,0.001,123,False,focal,2,False,,Conv1d,,concatenation,64,18
0,0.4254777519141926,0.6101048588752747,0.6091444178129302,[0.62851953 0.58976931],0.6091804449887732,[0.62681159 0.5915493 ],0.6091183970856102,[0.63023679 0.588     ],0.216996431350708,0.7366548180580139,0.6919954970968124,[0.80927835 0.57471264],0.7228203083466241,[0.75119617 0.69444444],0.6836455252492059,[0.87709497 0.49019608],35,15,3,gaussian_random_projection,17,,"['time_encoding', 'timeline_index']","['z_score', None]",True,384,2,True,"(12,)","(512, 512)",0.5,0.0001,1,False,focal,2,False,,Conv1d,,concatenation,64,19
0,0.34287121541359844,0.6177312135696411,0.6177089382616417,[0.61479347 0.62062441],0.6196377224095401,[0.6504065  0.58886894],0.6194389799635702,[0.58287796 0.656     ],0.19905981719493865,0.7366548180580139,0.6957806647940075,[0.80729167 0.58426966],0.7201540436456997,[0.75609756 0.68421053],0.6878628546390624,[0.86592179 0.50980392],35,15,3,gaussian_random_projection,17,,"['time_encoding', 'timeline_index']","['z_score', None]",True,384,2,True,"(12,)","(512, 512)",0.5,0.0001,12,False,focal,2,False,,Conv1d,,concatenation,64,19
0,0.30889049785978656,0.6034318804740906,0.5901266108126386,[0.51627907 0.66397415],0.6353684678325883,[0.71382637 0.55691057],0.6131857923497268,[0.40437158 0.822     ],0.23942700922489166,0.6334519386291504,0.6011218147489699,[0.71468144 0.48756219],0.6018703518703519,[0.70879121 0.49494949],0.6005312739620988,[0.72067039 0.48039216],35,15,3,gaussian_random_projection,17,,"['time_encoding', 'timeline_index']","['z_score', None]",True,384,2,True,"(12,)","(512, 512)",0.5,0.0001,123,False,focal,2,False,,Conv1d,,concatenation,64,19
0,0.3608255509067984,0.6091516017913818,0.6080741696556149,[0.62862319 0.58752515],0.6081591713170661,[0.62522523 0.59109312],0.6080291438979963,[0.63205829 0.584     ],0.18271145224571228,0.7651245594024658,0.7348146877144819,[0.82446809 0.64516129],0.7505438723712836,[0.78680203 0.71428571],0.7270785409135722,[0.86592179 0.58823529],35,15,3,gaussian_random_projection,17,,"['time_encoding', 'timeline_index']","['z_score', None]",True,384,2,True,"(12,)","(512, 512)",0.5,0.0005,1,False,focal,2,False,,Conv1d,,concatenation,64,20
0,0.35769517895053415,0.6034318804740906,0.6021733581300368,[0.57979798 0.62454874],0.609936299081036,[0.65079365 0.56907895],0.6073843351548269,[0.52276867 0.692     ],0.23146694898605347,0.6654804348945618,0.6477757627480264,[0.72674419 0.56880734],0.6460292580982236,[0.75757576 0.53448276],0.6530835798006354,[0.69832402 0.60784314],35,15,3,gaussian_random_projection,17,,"['time_encoding', 'timeline_index']","['z_score', None]",True,384,2,True,"(12,)","(512, 512)",0.5,0.0005,12,False,focal,2,False,,Conv1d,,concatenation,64,20
0,0.6728962431935703,0.602478563785553,0.6022703611938264,[0.59317073 0.61136999],0.6055406455776027,[0.63865546 0.57242583],0.6048670309653916,[0.55373406 0.656     ],0.19459620118141174,0.7153024673461914,0.7056050288108957,[0.75903614 0.65217391],0.7047334558823529,[0.82352941 0.5859375 ],0.7196023660860993,[0.70391061 0.73529412],35,15,3,gaussian_random_projection,17,,"['time_encoding', 'timeline_index']","['z_score', None]",True,384,2,True,"(12,)","(512, 512)",0.5,0.0005,123,False,focal,2,False,,Conv1d,,concatenation,64,20
0,0.47171728926546436,0.6167778968811035,0.6161328730911236,[0.63186813 0.60039761],0.6160985303430655,[0.63535912 0.59683794],0.6162076502732241,[0.6284153 0.604    ],0.20685741305351257,0.7366548180580139,0.6975858057009889,[0.80628272 0.58888889],0.719053934571176,[0.75862069 0.67948718],0.6899715193339906,[0.8603352  0.51960784],35,15,3,gaussian_random_projection,17,,"['time_encoding', 'timeline_index']","['z_score', None]",True,384,2,True,"(12,)","(512, 512)",0.1,0.001,1,False,focal,2,False,,Conv1d,,concatenation,64,21
0,0.2450113173793344,0.6167778968811035,0.6164429163938004,[0.60510806 0.62777778],0.6205995882655687,[0.65671642 0.58448276],0.6195100182149362,[0.56102004 0.678     ],0.2124013990163803,0.6690391302108765,0.642918630866981,[0.7394958  0.54634146],0.6426311770481073,[0.74157303 0.54368932],0.6432248877204514,[0.73743017 0.54901961],35,15,3,gaussian_random_projection,17,,"['time_encoding', 'timeline_index']","['z_score', None]",True,384,2,True,"(12,)","(512, 512)",0.1,0.001,12,False,focal,2,False,,Conv1d,,concatenation,64,21
0,0.5872178182882422,0.5805529356002808,0.5782806686694589,[0.5473251  0.60923623],0.588382465124359,[0.62884161 0.54792332],0.5852586520947177,[0.4845173 0.686    ],0.19226035177707673,0.7188612222671509,0.7080807416661188,[0.7641791  0.65198238],0.7062564102564102,[0.82051282 0.592     ],0.7202869974805565,[0.7150838 0.7254902],35,15,3,gaussian_random_projection,17,,"['time_encoding', 'timeline_index']","['z_score', None]",True,384,2,True,"(12,)","(512, 512)",0.1,0.001,123,False,focal,2,False,,Conv1d,,concatenation,64,21
0,0.3805377290529363,0.6101048588752747,0.6082593677782577,[0.63514719 0.58137155],0.608882731524241,[0.62237762 0.59538784],0.6082258652094717,[0.64845173 0.568     ],0.21105008125305175,0.7188612222671509,0.6799313695805759,[0.79155673 0.56830601],0.6959876543209876,[0.75       0.64197531],0.6738963741921349,[0.83798883 0.50980392],35,15,3,gaussian_random_projection,17,,"['time_encoding', 'timeline_index']","['z_score', None]",True,384,2,True,"(12,)","(512, 512)",0.1,0.0001,1,False,focal,2,False,,Conv1d,,concatenation,64,22
0,0.3743794805863324,0.6072450280189514,0.606239841398261,[0.6261343  0.58634538],0.6062897392521729,[0.6238698  0.58870968],0.6062076502732241,[0.6284153 0.584    ],0.2179145485162735,0.7117437720298767,0.6549533843704995,[0.79493671 0.51497006],0.6941951566951567,[0.72685185 0.66153846],0.6493317997590098,[0.87709497 0.42156863],35,15,3,gaussian_random_projection,17,,"['time_encoding', 'timeline_index']","['z_score', None]",True,384,2,True,"(12,)","(512, 512)",0.1,0.0001,12,False,focal,2,False,,Conv1d,,concatenation,64,22
0,0.379583676071728,0.6406100988388062,0.6401863334258329,[0.6278381  0.65253456],0.645236516357206,[0.68534483 0.60512821],0.6436174863387978,[0.57923497 0.708     ],0.22942818999290465,0.6441280841827393,0.6063984760197222,[0.72826087 0.48453608],0.6099321371060502,[0.70899471 0.51086957],0.6046938328403987,[0.74860335 0.46078431],35,15,3,gaussian_random_projection,17,,"['time_encoding', 'timeline_index']","['z_score', None]",True,384,2,True,"(12,)","(512, 512)",0.1,0.0001,123,False,focal,2,False,,Conv1d,,concatenation,64,22
0,0.3602288032279295,0.5977120995521545,0.595964002774634,[0.62254025 0.56938776],0.5964246485061512,[0.6115993 0.58125  ],0.5959398907103826,[0.63387978 0.558     ],0.19143100678920746,0.7615658044815063,0.7269906178854715,[0.82414698 0.62983425],0.7493733550570247,[0.77722772 0.72151899],0.7179592507394019,[0.87709497 0.55882353],35,15,3,gaussian_random_projection,17,,"['time_encoding', 'timeline_index']","['z_score', None]",True,384,2,True,"(12,)","(512, 512)",0.1,0.0005,1,False,focal,2,False,,Conv1d,,concatenation,64,23
0,0.26797129915041085,0.6339371204376221,0.6336944106970079,[0.64312268 0.62426614],0.6338288003373392,[0.65654649 0.61111111],0.6341183970856101,[0.63023679 0.638     ],0.23707500100135803,0.6832740306854248,0.6433654188948307,[0.76266667 0.52406417],0.653031212484994,[0.72959184 0.57647059],0.6396374192134955,[0.79888268 0.48039216],35,15,3,gaussian_random_projection,17,,"['time_encoding', 'timeline_index']","['z_score', None]",True,384,2,True,"(12,)","(512, 512)",0.1,0.0005,12,False,focal,2,False,,Conv1d,,concatenation,64,23
0,0.7511628270149231,0.5853193402290344,0.5844492790709747,[0.60346399 0.56543457],0.584442429010592,[0.6040146  0.56487026],0.5844571948998178,[0.60291439 0.566     ],0.1799014240503311,0.754448413848877,0.7315918435150961,[0.80991736 0.65326633],0.734508068130883,[0.79891304 0.67010309],0.7292419761200569,[0.82122905 0.6372549 ],35,15,3,gaussian_random_projection,17,,"['time_encoding', 'timeline_index']","['z_score', None]",True,384,2,True,"(12,)","(512, 512)",0.1,0.0005,123,False,focal,2,False,,Conv1d,,concatenation,64,23
0,0.3932180930586422,0.5967588424682617,0.5940302194408991,[0.62731278 0.56074766],0.5953309400776948,[0.60750853 0.58315335],0.5942258652094718,[0.64845173 0.54      ],0.19620781540870666,0.7437722086906433,0.6900355435715162,[0.81909548 0.56097561],0.7431138606569451,[0.74429224 0.74193548],0.6807974586482638,[0.91061453 0.45098039],35,15,4,gaussian_random_projection,17,,"['time_encoding', 'timeline_index']","['z_score', None]",True,384,2,True,"(10,)","(64, 64)",0.5,0.001,1,False,focal,2,False,,Conv1d,,concatenation,64,24
0,0.4273681342601776,0.5710200071334839,0.5705419332299833,[0.58487085 0.55621302],0.5705807483908506,[0.59252336 0.54863813],0.5707067395264116,[0.57741348 0.564     ],0.37227038741111756,0.6049821972846985,0.5755460298020003,[0.68732394 0.46376812],0.5751623376623377,[0.69318182 0.45714286],0.5760762405520867,[0.68156425 0.47058824],35,15,4,gaussian_random_projection,17,,"['time_encoding', 'timeline_index']","['z_score', None]",True,384,2,True,"(10,)","(64, 64)",0.5,0.001,12,False,focal,2,False,,Conv1d,,concatenation,64,24
0,0.3527078961624819,0.599618673324585,0.5995892104115166,[0.60302457 0.59615385],0.6003965655242669,[0.62671906 0.57407407],0.600528233151184,[0.58105647 0.62      ],0.18776203095912933,0.7580071091651917,0.7282398452611218,[0.81818182 0.63829787],0.7411449016100179,[0.78461538 0.69767442],0.7214919487348013,[0.8547486  0.58823529],35,15,4,gaussian_random_projection,17,,"['time_encoding', 'timeline_index']","['z_score', None]",True,384,2,True,"(10,)","(64, 64)",0.5,0.001,123,False,focal,2,False,,Conv1d,,concatenation,64,24
0,0.3404714771929909,0.621544361114502,0.6214562625835685,[0.61568248 0.62723005],0.6240876179331529,[0.65702479 0.59115044],0.6236174863387978,[0.57923497 0.668     ],0.22540597915649413,0.7117437720298767,0.63012496546793,[0.80387409 0.45637584],0.7164029823604292,[0.70940171 0.72340426],0.6303538175046555,[0.9273743  0.33333333],35,15,4,gaussian_random_projection,17,,"['time_encoding', 'timeline_index']","['z_score', None]",True,384,2,True,"(10,)","(64, 64)",0.5,0.0001,1,False,focal,2,False,,Conv1d,,concatenation,64,25
0,0.24343105098780463,0.6005719900131226,0.5739975595028675,[0.46759848 0.68039664],0.6615237957081723,[0.77310924 0.54993835],0.6135774134790528,[0.33515483 0.892     ],0.24271824955940247,0.6476868391036987,0.6308568092249306,[0.70967742 0.5520362 ],0.6297593111318601,[0.74691358 0.51260504],0.6370084346587797,[0.67597765 0.59803922],35,15,4,gaussian_random_projection,17,,"['time_encoding', 'timeline_index']","['z_score', None]",True,384,2,True,"(10,)","(64, 64)",0.5,0.0001,12,False,focal,2,False,,Conv1d,,concatenation,64,25
0,0.4490975088932935,0.5729265809059143,0.5723354688410018,[0.55643564 0.58823529],0.5768810778107338,[0.60954447 0.54421769],0.57591985428051,[0.51183971 0.64      ],0.17745922207832338,0.7829181551933289,0.7452932522995082,[0.84318766 0.64739884],0.784842387659289,[0.78095238 0.78873239],0.7326103625807865,[0.91620112 0.54901961],35,15,4,gaussian_random_projection,17,,"['time_encoding', 'timeline_index']","['z_score', None]",True,384,2,True,"(10,)","(64, 64)",0.5,0.0001,123,False,focal,2,False,,Conv1d,,concatenation,64,25
0,0.3314654406379251,0.6234509348869324,0.6181147899817976,[0.57297297 0.66325661],0.6413980746735797,[0.70478723 0.57800892],0.6303479052823315,[0.48269581 0.778     ],0.17506752014160157,0.7686832547187805,0.7435303368577728,[0.82384824 0.66321244],0.7516483516483516,[0.8       0.7032967],0.7383064957826706,[0.84916201 0.62745098],35,15,4,gaussian_random_projection,17,,"['time_encoding', 'timeline_index']","['z_score', None]",True,384,2,True,"(10,)","(64, 64)",0.5,0.0005,1,False,focal,2,False,,Conv1d,,concatenation,64,26
0,0.40201641619205475,0.6081982851028442,0.6056697565727195,[0.57409326 0.63724625],0.6180827712966339,[0.66586538 0.57030016],0.6132768670309654,[0.50455373 0.722     ],0.17531067430973052,0.7864768505096436,0.7614601018675721,[0.83870968 0.68421053],0.773463259538389,[0.80829016 0.73863636],0.7543816409245262,[0.87150838 0.6372549 ],35,15,4,gaussian_random_projection,17,,"['time_encoding', 'timeline_index']","['z_score', None]",True,384,2,True,"(10,)","(64, 64)",0.5,0.0005,12,False,focal,2,False,,Conv1d,,concatenation,64,26
0,0.3699440079576829,0.5967588424682617,0.5967573521192806,[0.59598854 0.59752617],0.5981894911770493,[0.62650602 0.56987296],0.5981530054644808,[0.56830601 0.628     ],0.2255726307630539,0.7046263217926025,0.6209922485659034,[0.79903148 0.44295302],0.7036279323513366,[0.70512821 0.70212766],0.6226585606309563,[0.92178771 0.32352941],35,15,4,gaussian_random_projection,17,,"['time_encoding', 'timeline_index']","['z_score', None]",True,384,2,True,"(10,)","(64, 64)",0.5,0.0005,123,False,focal,2,False,,Conv1d,,concatenation,64,26
0,0.3361682199379977,0.6396568417549133,0.6395123459034875,[0.63229572 0.64672897],0.6427572061678204,[0.67849687 0.60701754],0.6419927140255008,[0.59198543 0.692     ],0.18813272416591645,0.754448413848877,0.7204463860893637,[0.81794195 0.62295082],0.7393518518518518,[0.775     0.7037037],0.7123726585606309,[0.86592179 0.55882353],35,15,4,gaussian_random_projection,17,,"['time_encoding', 'timeline_index']","['z_score', None]",True,384,2,True,"(10,)","(64, 64)",0.1,0.001,1,False,focal,2,False,,Conv1d,,concatenation,64,27
0,0.8826592459398157,0.6072450280189514,0.6072275053800964,[0.60460653 0.60984848],0.6090409619566011,[0.63894523 0.57913669],0.6088852459016394,[0.57377049 0.644     ],0.47406929135322573,0.6619216799736023,0.640892153301855,[0.7277937  0.55399061],0.6392951775304716,[0.74705882 0.53153153],0.6439642896264651,[0.70949721 0.57843137],35,15,4,gaussian_random_projection,17,,"['time_encoding', 'timeline_index']","['z_score', None]",True,384,2,True,"(10,)","(64, 64)",0.1,0.001,12,False,focal,2,False,,Conv1d,,concatenation,64,27
0,0.33793626988635345,0.6224976181983948,0.6203443737661769,[0.64893617 0.59175258],0.6213813251019733,[0.63212435 0.6106383 ],0.6203333333333333,[0.66666667 0.574     ],0.19261805415153505,0.77224200963974,0.7064890977934457,[0.84541063 0.56756757],0.8288621646623496,[0.74468085 0.91304348],0.6947091685836346,[0.97765363 0.41176471],35,15,4,gaussian_random_projection,17,,"['time_encoding', 'timeline_index']","['z_score', None]",True,384,2,True,"(10,)","(64, 64)",0.1,0.001,123,False,focal,2,False,,Conv1d,,concatenation,64,27
0,0.36890720444567066,0.6158245801925659,0.6146465433709163,[0.59334006 0.63595303],0.6225297621266223,[0.66515837 0.57990115],0.61975956284153,[0.53551913 0.704     ],0.2008940875530243,0.7188612222671509,0.6657632834966951,[0.79898219 0.53254438],0.7026433254289302,[0.73364486 0.67164179],0.6591357213276372,[0.87709497 0.44117647],35,15,4,gaussian_random_projection,17,,"['time_encoding', 'timeline_index']","['z_score', None]",True,384,2,True,"(10,)","(64, 64)",0.1,0.0001,1,False,focal,2,False,,Conv1d,,concatenation,64,28
0,0.251551834099433,0.628217339515686,0.6175741463633508,[0.55377574 0.68137255],0.660291117722057,[0.74461538 0.57596685],0.6374007285974499,[0.44080146 0.834     ],0.2434818774461746,0.6548042893409729,0.6172683488492916,[0.73712737 0.49740933],0.621631000578369,[0.71578947 0.52747253],0.6151823858034834,[0.75977654 0.47058824],35,15,4,gaussian_random_projection,17,,"['time_encoding', 'timeline_index']","['z_score', None]",True,384,2,True,"(10,)","(64, 64)",0.1,0.0001,12,False,focal,2,False,,Conv1d,,concatenation,64,28
0,0.38475897382287416,0.5853193402290344,0.5852228569870335,[0.57889642 0.5915493 ],0.5876453594675638,[0.6177686  0.55752212],0.5873132969034609,[0.54462659 0.63      ],0.1744870811700821,0.7758007049560547,0.7316304100659441,[0.84050633 0.62275449],0.7842592592592592,[0.76851852 0.8       ],0.7185891116223025,[0.9273743  0.50980392],35,15,4,gaussian_random_projection,17,,"['time_encoding', 'timeline_index']","['z_score', None]",True,384,2,True,"(10,)","(64, 64)",0.1,0.0001,123,False,focal,2,False,,Conv1d,,concatenation,64,28
0,0.45328182683271523,0.6015252470970154,0.6013655042001528,[0.59338521 0.60934579],0.6043365197963594,[0.63674322 0.57192982],0.6037777777777777,[0.55555556 0.652     ],0.1867249608039856,0.7259786128997803,0.6742249725220952,[0.80407125 0.5443787 ],0.7124424605942251,[0.73831776 0.68656716],0.6668309782013364,[0.88268156 0.45098039],35,15,4,gaussian_random_projection,17,,"['time_encoding', 'timeline_index']","['z_score', None]",True,384,2,True,"(10,)","(64, 64)",0.1,0.0005,1,False,focal,2,False,,Conv1d,,concatenation,64,29
0,0.35788630737977867,0.605338454246521,0.6048468106479157,[0.59090909 0.61878453],0.6095835882617445,[0.64578834 0.57337884],0.6083132969034608,[0.54462659 0.672     ],0.2701149880886078,0.6690391302108765,0.6521027197571789,[0.72886297 0.57534247],0.6503283302063789,[0.76219512 0.53846154],0.6579855405849491,[0.69832402 0.61764706],35,15,4,gaussian_random_projection,17,,"['time_encoding', 'timeline_index']","['z_score', None]",True,384,2,True,"(10,)","(64, 64)",0.1,0.0005,12,False,focal,2,False,,Conv1d,,concatenation,64,29
0,0.3551134765148163,0.6072450280189514,0.6058232521487881,[0.6294964 0.5821501],0.6061023032110461,[0.62166963 0.59053498],0.6057613843351548,[0.63752277 0.574     ],0.19715269804000854,0.7508896589279175,0.702834179357022,[0.82233503 0.58333333],0.7479563072586328,[0.75348837 0.74242424],0.6927100449118195,[0.90502793 0.48039216],35,15,4,gaussian_random_projection,17,,"['time_encoding', 'timeline_index']","['z_score', None]",True,384,2,True,"(10,)","(64, 64)",0.1,0.0005,123,False,focal,2,False,,Conv1d,,concatenation,64,29
0,0.33363716654917774,0.6091516017913818,0.6080741696556149,[0.62862319 0.58752515],0.6081591713170661,[0.62522523 0.59109312],0.6080291438979963,[0.63205829 0.584     ],0.1934152364730835,0.7437722086906433,0.7057591623036649,[0.81151832 0.6       ],0.7279272451686245,[0.7635468  0.69230769],0.6976667762076898,[0.86592179 0.52941176],35,15,4,gaussian_random_projection,17,,"['time_encoding', 'timeline_index']","['z_score', None]",True,384,2,True,"(10,)","(128, 128)",0.5,0.001,1,False,focal,2,False,,Conv1d,,concatenation,64,30
0,0.4538573692826664,0.5967588424682617,0.5961113634439765,[0.61228231 0.57994042],0.5960865229954075,[0.61623616 0.57593688],0.5961894353369763,[0.60837887 0.584     ],0.2789175629615784,0.6690391302108765,0.603835367240203,[0.76455696 0.44311377],0.6341524216524217,[0.69907407 0.56923077],0.6031602585168145,[0.84357542 0.3627451 ],35,15,4,gaussian_random_projection,17,,"['time_encoding', 'timeline_index']","['z_score', None]",True,384,2,True,"(10,)","(128, 128)",0.5,0.001,12,False,focal,2,False,,Conv1d,,concatenation,64,30
0,0.38790331342641043,0.5815061926841736,0.5814088142926614,[0.5750242  0.58779343],0.5838093322606597,[0.61363636 0.5539823 ],0.5834918032786885,[0.54098361 0.626     ],0.2034565895795822,0.7153024673461914,0.6819468024900962,[0.78494624 0.57894737],0.6907383419689119,[0.75647668 0.625     ],0.6774290721875342,[0.81564246 0.53921569],35,15,4,gaussian_random_projection,17,,"['time_encoding', 'timeline_index']","['z_score', None]",True,384,2,True,"(10,)","(128, 128)",0.5,0.001,123,False,focal,2,False,,Conv1d,,concatenation,64,30
0,0.37404464448199554,0.6043851375579834,0.604333351207945,[0.59980714 0.60885957],0.6065263288623944,[0.63729508 0.57575758],0.6062422586520948,[0.56648452 0.646     ],0.19551113545894622,0.7580071091651917,0.7169688351700438,[0.82474227 0.6091954 ],0.7508306751727805,[0.76555024 0.73611111],0.7067312958703034,[0.89385475 0.51960784],35,15,4,gaussian_random_projection,17,,"['time_encoding', 'timeline_index']","['z_score', None]",True,384,2,True,"(10,)","(128, 128)",0.5,0.0001,1,False,focal,2,False,,Conv1d,,concatenation,64,31
0,0.25705893337726593,0.6072450280189514,0.5970320145602102,[0.53287982 0.66118421],0.633579109836093,[0.70570571 0.56145251],0.6160255009107468,[0.428051 0.804   ],0.23932878375053407,0.6192170977592468,0.5818510534733329,[0.70684932 0.45685279],0.583616298811545,[0.69354839 0.47368421],0.5809234308248439,[0.72067039 0.44117647],35,15,4,gaussian_random_projection,17,,"['time_encoding', 'timeline_index']","['z_score', None]",True,384,2,True,"(10,)","(128, 128)",0.5,0.0001,12,False,focal,2,False,,Conv1d,,concatenation,64,31
0,0.5644988890956429,0.5824595093727112,0.5738619922092376,[0.51333333 0.63439065],0.6012661327847575,[0.65811966 0.54441261],0.5903825136612022,[0.42076503 0.76      ],0.18651016652584076,0.7686832547187805,0.7459842848202489,[0.82191781 0.67005076],0.7505942275042445,[0.80645161 0.69473684],0.7425238251725271,[0.83798883 0.64705882],35,15,4,gaussian_random_projection,17,,"['time_encoding', 'timeline_index']","['z_score', None]",True,384,2,True,"(10,)","(128, 128)",0.5,0.0001,123,False,focal,2,False,,Conv1d,,concatenation,64,31
0,0.40814681438838735,0.5767397880554199,0.5764992143854748,[0.58659218 0.56640625],0.5767175572519083,[0.6        0.55343511],0.5768852459016394,[0.57377049 0.58      ],0.17880194783210754,0.77224200963974,0.7414308718656545,[0.83068783 0.65217391],0.7603260203456306,[0.78894472 0.73170732],0.732665133092343,[0.87709497 0.58823529],35,15,4,gaussian_random_projection,17,,"['time_encoding', 'timeline_index']","['z_score', None]",True,384,2,True,"(10,)","(128, 128)",0.5,0.0005,1,False,focal,2,False,,Conv1d,,concatenation,64,32
0,0.3248851150274277,0.6196377873420715,0.6185506691637844,[0.63891403 0.59818731],0.6186630817050214,[0.63489209 0.60243408],0.6184936247723133,[0.64298725 0.594     ],0.2179740011692047,0.6761565804481506,0.6353511586452764,[0.75733333 0.51336898],0.6445978391356543,[0.7244898  0.56470588],0.6319421623397963,[0.79329609 0.47058824],35,15,4,gaussian_random_projection,17,,"['time_encoding', 'timeline_index']","['z_score', None]",True,384,2,True,"(10,)","(128, 128)",0.5,0.0005,12,False,focal,2,False,,Conv1d,,concatenation,64,32
0,0.331252239206258,0.6091516017913818,0.6091085905405896,[0.61320755 0.60500963],0.6098254752326149,[0.63600783 0.58364312],0.6099927140255009,[0.59198543 0.628     ],0.18745631873607635,0.790035605430603,0.7450835678152435,[0.85213033 0.63803681],0.8125931445603576,[0.77272727 0.85245902],0.7297622959798444,[0.94972067 0.50980392],35,15,4,gaussian_random_projection,17,,"['time_encoding', 'timeline_index']","['z_score', None]",True,384,2,True,"(10,)","(128, 128)",0.5,0.0005,123,False,focal,2,False,,Conv1d,,concatenation,64,32
0,0.32434601292890664,0.6043851375579834,0.6039690878739499,[0.61680517 0.591133  ],0.6039962183193338,[0.62546816 0.58252427],0.6041894353369763,[0.60837887 0.6       ],0.18789972066879274,0.7437722086906433,0.7179658748745399,[0.80327869 0.63265306],0.7228353623847992,[0.78609626 0.65957447],0.7145360937671157,[0.82122905 0.60784314],35,15,4,gaussian_random_projection,17,,"['time_encoding', 'timeline_index']","['z_score', None]",True,384,2,True,"(10,)","(128, 128)",0.1,0.001,1,False,focal,2,False,,Conv1d,,concatenation,64,33
0,0.5034859794027665,0.628217339515686,0.6272658692847615,[0.646098   0.60843373],0.6273241993816718,[0.6437613 0.6108871],0.6272258652094718,[0.64845173 0.606     ],0.2476071834564209,0.690391480922699,0.6434062167247692,[0.77284595 0.51396648],0.6614463967405144,[0.7254902 0.5974026],0.6388980173074816,[0.82681564 0.45098039],35,15,4,gaussian_random_projection,17,,"['time_encoding', 'timeline_index']","['z_score', None]",True,384,2,True,"(10,)","(128, 128)",0.1,0.001,12,False,focal,2,False,,Conv1d,,concatenation,64,33
0,0.3078926582546795,0.6158245801925659,0.6148782405345009,[0.59578736 0.63396912],0.6218226319229856,[0.66294643 0.58069884],0.6194918032786885,[0.54098361 0.698     ],0.19613052904605865,0.7224199175834656,0.6882751166230514,[0.79144385 0.58510638],0.6992546213476446,[0.75897436 0.63953488],0.6830156643663052,[0.82681564 0.53921569],35,15,4,gaussian_random_projection,17,,"['time_encoding', 'timeline_index']","['z_score', None]",True,384,2,True,"(10,)","(128, 128)",0.1,0.001,123,False,focal,2,False,,Conv1d,,concatenation,64,33
0,0.35342955238678875,0.6091516017913818,0.6090488968395945,[0.61538462 0.60271318],0.6095079332761304,[0.6344294  0.58458647],0.6097249544626594,[0.59744991 0.622     ],0.1893172264099121,0.7686832547187805,0.723110740544228,[0.83544304 0.61077844],0.7742521367521367,[0.76388889 0.78461538],0.7108938547486033,[0.92178771 0.5       ],35,15,4,gaussian_random_projection,17,,"['time_encoding', 'timeline_index']","['z_score', None]",True,384,2,True,"(10,)","(128, 128)",0.1,0.0001,1,False,focal,2,False,,Conv1d,,concatenation,64,34
0,0.273795955321368,0.6377502679824829,0.6337963473339947,[0.59574468 0.67184801],0.653648971151828,[0.71611253 0.59118541],0.6440091074681239,[0.51001821 0.778     ],0.23881059885025024,0.6334519386291504,0.5802990095851279,[0.72965879 0.43093923],0.5908948489785687,[0.68811881 0.49367089],0.5794446270128163,[0.77653631 0.38235294],35,15,4,gaussian_random_projection,17,,"['time_encoding', 'timeline_index']","['z_score', None]",True,384,2,True,"(10,)","(128, 128)",0.1,0.0001,12,False,focal,2,False,,Conv1d,,concatenation,64,34
0,0.36329417631906624,0.621544361114502,0.6214067078120837,[0.61418853 0.62862488],0.6244214997070885,[0.65833333 0.59050967],0.6237959927140255,[0.57559199 0.672     ],0.1973765730857849,0.7473309636116028,0.6785259663879086,[0.82725061 0.52980132],0.7745425756509501,[0.73275862 0.81632653],0.6709387665680797,[0.94972067 0.39215686],35,15,4,gaussian_random_projection,17,,"['time_encoding', 'timeline_index']","['z_score', None]",True,384,2,True,"(10,)","(128, 128)",0.1,0.0001,123,False,focal,2,False,,Conv1d,,concatenation,64,34
0,0.3093092082177891,0.6348903775215149,0.6348850629552384,[0.6362773  0.63349282],0.636010994611912,[0.66468254 0.60733945],0.6361001821493625,[0.61020036 0.662     ],0.19166440963745118,0.7508896589279175,0.706768038163387,[0.82051282 0.59302326],0.7434326337169939,[0.75829384 0.72857143],0.696927374301676,[0.89385475 0.5       ],35,15,4,gaussian_random_projection,17,,"['time_encoding', 'timeline_index']","['z_score', None]",True,384,2,True,"(10,)","(128, 128)",0.1,0.0005,1,False,focal,2,False,,Conv1d,,concatenation,64,35
0,0.36678774567211375,0.6205910444259644,0.6205493147198895,[0.6245283  0.61657033],0.6212725248983333,[0.64774951 0.59479554],0.6214571948998179,[0.60291439 0.64      ],0.27819000482559203,0.6405693888664246,0.6088670222295725,[0.72022161 0.49751244],0.6096681096681097,[0.71428571 0.50505051],0.608226530835798,[0.72625698 0.49019608],35,15,4,gaussian_random_projection,17,,"['time_encoding', 'timeline_index']","['z_score', None]",True,384,2,True,"(10,)","(128, 128)",0.1,0.0005,12,False,focal,2,False,,Conv1d,,concatenation,64,35
0,0.3422383262830622,0.5977120995521545,0.5969029095094482,[0.6149635  0.57884232],0.5968884971995019,[0.61608775 0.57768924],0.5969216757741348,[0.61384335 0.58      ],0.19254036247730255,0.7437722086906433,0.7091097308488612,[0.80952381 0.60869565],0.7258855251869102,[0.76884422 0.68292683],0.7018841055975463,[0.8547486  0.54901961],35,15,4,gaussian_random_projection,17,,"['time_encoding', 'timeline_index']","['z_score', None]",True,384,2,True,"(10,)","(128, 128)",0.1,0.0005,123,False,focal,2,False,,Conv1d,,concatenation,64,35
0,0.3927161605919109,0.5881792306900024,0.5864923461007818,[0.61290323 0.56008147],0.58685701113087,[0.6031746  0.57053942],0.5864754098360656,[0.62295082 0.55      ],0.18318678438663483,0.77224200963974,0.7414308718656545,[0.83068783 0.65217391],0.7603260203456306,[0.78894472 0.73170732],0.732665133092343,[0.87709497 0.58823529],35,15,4,gaussian_random_projection,17,,"['time_encoding', 'timeline_index']","['z_score', None]",True,384,2,True,"(10,)","(256, 256)",0.5,0.001,1,False,focal,2,False,,Conv1d,,concatenation,64,36
0,0.29790206604144154,0.5900858044624329,0.5900556201832194,[0.59357278 0.58653846],0.5908553445390381,[0.61689587 0.56481481],0.5909744990892531,[0.571949 0.61    ],0.22997768819332123,0.6939501762390137,0.6580928126768535,[0.7688172  0.54736842],0.6659208666980687,[0.74093264 0.59090909],0.6543433015664366,[0.79888268 0.50980392],35,15,4,gaussian_random_projection,17,,"['time_encoding', 'timeline_index']","['z_score', None]",True,384,2,True,"(10,)","(256, 256)",0.5,0.001,12,False,focal,2,False,,Conv1d,,concatenation,64,36
0,0.35467282989445853,0.5929456949234009,0.5890603368633125,[0.62901825 0.54910243],0.5914921923194125,[0.6013289  0.58165548],0.5896903460837888,[0.65938069 0.52      ],0.20492637455463408,0.708185076713562,0.6494766946574175,[0.79292929 0.5060241 ],0.6898761520737327,[0.7235023 0.65625  ],0.6444298389746961,[0.87709497 0.41176471],35,15,4,gaussian_random_projection,17,,"['time_encoding', 'timeline_index']","['z_score', None]",True,384,2,True,"(10,)","(256, 256)",0.5,0.001,123,False,focal,2,False,,Conv1d,,concatenation,64,36
0,0.3795351456193363,0.6072450280189514,0.6072160825941545,[0.60384615 0.61058601],0.609182124112155,[0.6395112  0.57885305],0.6089744990892532,[0.571949 0.646   ],0.19516583681106567,0.7615658044815063,0.7125868254331731,[0.83123426 0.59393939],0.767329255861366,[0.75688073 0.77777778],0.7010899331799759,[0.92178771 0.48039216],35,15,4,gaussian_random_projection,17,,"['time_encoding', 'timeline_index']","['z_score', None]",True,384,2,True,"(10,)","(256, 256)",0.5,0.0001,1,False,focal,2,False,,Conv1d,,concatenation,64,37
0,0.2835668737397474,0.6263107657432556,0.6216035159269429,[0.57939914 0.66380789],0.6430209582951096,[0.70496084 0.58108108],0.6329016393442624,[0.49180328 0.774     ],0.2364751011133194,0.6192170977592468,0.5664893233559698,[0.7176781  0.41530055],0.5745679012345679,[0.68      0.4691358],0.5661627779603462,[0.75977654 0.37254902],35,15,4,gaussian_random_projection,17,,"['time_encoding', 'timeline_index']","['z_score', None]",True,384,2,True,"(10,)","(256, 256)",0.5,0.0001,12,False,focal,2,False,,Conv1d,,concatenation,64,37
0,0.34544231523485747,0.6453765630722046,0.6428053602811951,[0.6125     0.67311072],0.6578209733885545,[0.71532847 0.60031348],0.6507595628415301,[0.53551913 0.766     ],0.2162854015827179,0.6619216799736023,0.6106159837799203,[0.75195822 0.46927374],0.625668449197861,[0.70588235 0.54545455],0.6081169898126848,[0.80446927 0.41176471],35,15,4,gaussian_random_projection,17,,"['time_encoding', 'timeline_index']","['z_score', None]",True,384,2,True,"(10,)","(256, 256)",0.5,0.0001,123,False,focal,2,False,,Conv1d,,concatenation,64,37
0,0.43562255536808686,0.6034318804740906,0.5987760566073819,[0.55555556 0.64199656],0.6176393670421634,[0.67183463 0.56344411],0.6097941712204007,[0.47358834 0.746     ],0.17690453678369522,0.7580071091651917,0.7267787691603753,[0.81914894 0.6344086 ],0.7420534203529128,[0.78172589 0.70238095],0.719383284039873,[0.8603352  0.57843137],35,15,4,gaussian_random_projection,17,,"['time_encoding', 'timeline_index']","['z_score', None]",True,384,2,True,"(10,)","(256, 256)",0.5,0.0005,1,False,focal,2,False,,Conv1d,,concatenation,64,38
0,0.3405389575397267,0.6558627486228943,0.6544950252954943,[0.63275687 0.67623318],0.6647989959162264,[0.71658986 0.61300813],0.6602422586520947,[0.56648452 0.754     ],0.21056920289993286,0.6725978851318359,0.6217813670411985,[0.76041667 0.48314607],0.6389922978177149,[0.71219512 0.56578947],0.6186055427757695,[0.81564246 0.42156863],35,15,4,gaussian_random_projection,17,,"['time_encoding', 'timeline_index']","['z_score', None]",True,384,2,True,"(10,)","(256, 256)",0.5,0.0005,12,False,focal,2,False,,Conv1d,,concatenation,64,38
0,0.342327760422931,0.58913254737854,0.5871877445291663,[0.61552186 0.55885363],0.5877369485860051,[0.60314685 0.57232704],0.5872076502732241,[0.6284153 0.546    ],0.18395628035068512,0.790035605430603,0.7450835678152435,[0.85213033 0.63803681],0.8125931445603576,[0.77272727 0.85245902],0.7297622959798444,[0.94972067 0.50980392],35,15,4,gaussian_random_projection,17,,"['time_encoding', 'timeline_index']","['z_score', None]",True,384,2,True,"(10,)","(256, 256)",0.5,0.0005,123,False,focal,2,False,,Conv1d,,concatenation,64,38
0,0.3996215234784519,0.6205910444259644,0.6198915489777634,[0.63619744 0.60358566],0.6198612931411096,[0.63853211 0.60119048],0.6199398907103826,[0.63387978 0.606     ],0.18122741281986238,0.7758007049560547,0.7417769155593156,[0.83550914 0.64804469],0.7687802393684746,[0.78431373 0.75324675],0.731241099791872,[0.89385475 0.56862745],35,15,4,gaussian_random_projection,17,,"['time_encoding', 'timeline_index']","['z_score', None]",True,384,2,True,"(10,)","(256, 256)",0.1,0.001,1,False,focal,2,False,,Conv1d,,concatenation,64,39
0,1.247564179055831,0.6224976181983948,0.6222088835534214,[0.63265306 0.61176471],0.6223062381852552,[0.64461248 0.6       ],0.6225646630236794,[0.62112933 0.624     ],0.5465703487396241,0.6619216799736023,0.6213314041732273,[0.74530831 0.4973545 ],0.628362365209148,[0.71649485 0.54022989],0.6186603132873261,[0.77653631 0.46078431],35,15,4,gaussian_random_projection,17,,"['time_encoding', 'timeline_index']","['z_score', None]",True,384,2,True,"(10,)","(256, 256)",0.1,0.001,12,False,focal,2,False,,Conv1d,,concatenation,64,39
0,0.4411710974048166,0.602478563785553,0.5993972179713665,[0.63453111 0.56426332],0.6011480572476195,[0.61148649 0.59080963],0.5996903460837888,[0.65938069 0.54      ],0.20438551604747773,0.7437722086906433,0.680560818491853,[0.8226601  0.53846154],0.7567302985805189,[0.73568282 0.77777778],0.6723627998685507,[0.93296089 0.41176471],35,15,4,gaussian_random_projection,17,,"['time_encoding', 'timeline_index']","['z_score', None]",True,384,2,True,"(10,)","(256, 256)",0.1,0.001,123,False,focal,2,False,,Conv1d,,concatenation,64,39
0,0.3658233477788813,0.6453765630722046,0.6435544805512726,[0.61806982 0.66903915],0.6553996983408747,[0.70823529 0.6025641 ],0.6501347905282331,[0.54826958 0.752     ],0.1900656819343567,0.7615658044815063,0.7269906178854715,[0.82414698 0.62983425],0.7493733550570247,[0.77722772 0.72151899],0.7179592507394019,[0.87709497 0.55882353],35,15,4,gaussian_random_projection,17,,"['time_encoding', 'timeline_index']","['z_score', None]",True,384,2,True,"(10,)","(256, 256)",0.1,0.0001,1,False,focal,2,False,,Conv1d,,concatenation,64,40
0,0.313269465285189,0.6367969512939453,0.6344529860199661,[0.60518135 0.66372462],0.6479599586827074,[0.70192308 0.59399684],0.6419380692167578,[0.53187614 0.752     ],0.23793831169605256,0.6298932433128357,0.5643410852713178,[0.73333333 0.39534884],0.581719702098849,[0.67772512 0.48571429],0.5661080074487895,[0.79888268 0.33333333],35,15,4,gaussian_random_projection,17,,"['time_encoding', 'timeline_index']","['z_score', None]",True,384,2,True,"(10,)","(256, 256)",0.1,0.0001,12,False,focal,2,False,,Conv1d,,concatenation,64,40
0,0.768452458521899,0.557673990726471,0.5575288171339223,[0.56554307 0.54951456],0.5579252553895372,[0.58188825 0.53396226],0.5580455373406192,[0.55009107 0.566     ],0.21476958990097045,0.7473309636116028,0.7123433827876061,[0.81266491 0.61202186],0.730679012345679,[0.77       0.69135802],0.7046774016869317,[0.8603352  0.54901961],35,15,4,gaussian_random_projection,17,,"['time_encoding', 'timeline_index']","['z_score', None]",True,384,2,True,"(10,)","(256, 256)",0.1,0.0001,123,False,focal,2,False,,Conv1d,,concatenation,64,40
0,0.5710663865594303,0.5614871382713318,0.5593531749510534,[0.52868852 0.59001783],0.5681848987552429,[0.60421546 0.53215434],0.5659726775956284,[0.46994536 0.662     ],0.19627551436424256,0.7366548180580139,0.717595610604085,[0.79096045 0.64423077],0.7160377358490566,[0.8        0.63207547],0.7194928250629861,[0.78212291 0.65686275],35,15,4,gaussian_random_projection,17,,"['time_encoding', 'timeline_index']","['z_score', None]",True,384,2,True,"(10,)","(256, 256)",0.1,0.0005,1,False,focal,2,False,,Conv1d,,concatenation,64,41
0,0.660734285326565,0.6272640824317932,0.6271976586181667,[0.6321731  0.62222222],0.6277828284664897,[0.6536965  0.60186916],0.6280109289617486,[0.61202186 0.644     ],0.28000849187374116,0.6761565804481506,0.6572481737148984,[0.73775216 0.57674419],0.6552886641382216,[0.76190476 0.54867257],0.6614634680687917,[0.7150838  0.60784314],35,15,4,gaussian_random_projection,17,,"['time_encoding', 'timeline_index']","['z_score', None]",True,384,2,True,"(10,)","(256, 256)",0.1,0.0005,12,False,focal,2,False,,Conv1d,,concatenation,64,41
0,0.3311552501776639,0.5958055257797241,0.593134133936347,[0.62610229 0.56016598],0.5943670792808724,[0.60683761 0.58189655],0.5933151183970856,[0.64663024 0.54      ],0.19608857929706575,0.7366548180580139,0.699334875650665,[0.80526316 0.59340659],0.7180970149253731,[0.76119403 0.675     ],0.6920801840289188,[0.8547486  0.52941176],35,15,4,gaussian_random_projection,17,,"['time_encoding', 'timeline_index']","['z_score', None]",True,384,2,True,"(10,)","(256, 256)",0.1,0.0005,123,False,focal,2,False,,Conv1d,,concatenation,64,41
0,0.3402958433417713,0.6158245801925659,0.615466759810329,[0.62719704 0.60373648],0.6155142449935282,[0.63721805 0.59381044],0.615743169398907,[0.61748634 0.614     ],0.1883092999458313,0.7473309636116028,0.7072272360407954,[0.81558442 0.59887006],0.7344012944983819,[0.76213592 0.70666667],0.6983514076021471,[0.87709497 0.51960784],35,15,4,gaussian_random_projection,17,,"['time_encoding', 'timeline_index']","['z_score', None]",True,384,2,True,"(10,)","(512, 512)",0.5,0.001,1,False,focal,2,False,,Conv1d,,concatenation,64,42
0,0.34967590693165274,0.5967588424682617,0.5967529546476915,[0.59521531 0.5982906 ],0.5983181910984076,[0.62701613 0.56962025],0.5982422586520948,[0.56648452 0.63      ],0.19689517915248872,0.7010676264762878,0.6693747198565665,[0.77173913 0.56701031],0.6745744191396366,[0.75132275 0.59782609],0.6662558878299923,[0.79329609 0.53921569],35,15,4,gaussian_random_projection,17,,"['time_encoding', 'timeline_index']","['z_score', None]",True,384,2,True,"(10,)","(512, 512)",0.5,0.001,12,False,focal,2,False,,Conv1d,,concatenation,64,42
0,0.46920881025931416,0.5843660831451416,0.5826635715276409,[0.609319   0.55600815],0.5830186539038544,[0.59964727 0.56639004],0.5826539162112933,[0.61930783 0.546     ],0.19799773693084716,0.7437722086906433,0.7166069027341999,[0.80434783 0.62886598],0.7230561306648262,[0.78306878 0.66304348],0.7124274290721875,[0.82681564 0.59803922],35,15,4,gaussian_random_projection,17,,"['time_encoding', 'timeline_index']","['z_score', None]",True,384,2,True,"(10,)","(512, 512)",0.5,0.001,123,False,focal,2,False,,Conv1d,,concatenation,64,42
0,0.3539726926999934,0.6348903775215149,0.63218288731769,[0.60062565 0.66374012],0.6469941600824458,[0.70243902 0.5915493 ],0.6402950819672131,[0.52459016 0.756     ],0.18793555498123168,0.7615658044815063,0.7253817990868912,[0.82506527 0.62569832],0.750891265597148,[0.7745098  0.72727273],0.7158505860444737,[0.88268156 0.54901961],35,15,4,gaussian_random_projection,17,,"['time_encoding', 'timeline_index']","['z_score', None]",True,384,2,True,"(10,)","(512, 512)",0.5,0.0001,1,False,focal,2,False,,Conv1d,,concatenation,64,43
0,0.3421107662074706,0.6272640824317932,0.6224871764427595,[0.58002148 0.66495287],0.6442577140748997,[0.70680628 0.58170915],0.6339016393442622,[0.49180328 0.776     ],0.23861253559589385,0.6441280841827393,0.5959857372900852,[0.73544974 0.45652174],0.6053437921313887,[0.69849246 0.51219512],0.5941505093657575,[0.77653631 0.41176471],35,15,4,gaussian_random_projection,17,,"['time_encoding', 'timeline_index']","['z_score', None]",True,384,2,True,"(10,)","(512, 512)",0.5,0.0001,12,False,focal,2,False,,Conv1d,,concatenation,64,43
0,0.33265849246698265,0.6482364535331726,0.6457433577051169,[0.61602497 0.67546174],0.6606361738123181,[0.7184466  0.60282575],0.6535810564663024,[0.53916211 0.768     ],0.21042381823062897,0.6654804348945618,0.6158522396742292,[0.7539267  0.47777778],0.6303208285966907,[0.70935961 0.55128205],0.6130189505969986,[0.80446927 0.42156863],35,15,4,gaussian_random_projection,17,,"['time_encoding', 'timeline_index']","['z_score', None]",True,384,2,True,"(10,)","(512, 512)",0.5,0.0001,123,False,focal,2,False,,Conv1d,,concatenation,64,43
0,0.5145861138315762,0.5776930451393127,0.5774718705248563,[0.56780488 0.58713886],0.580541378855207,[0.61134454 0.54973822],0.5800273224043716,[0.53005464 0.63      ],0.18695399463176726,0.7686832547187805,0.7395365418894831,[0.82666667 0.65240642],0.7542316926770709,[0.79081633 0.71764706],0.7319805016978859,[0.86592179 0.59803922],35,15,4,gaussian_random_projection,17,,"['time_encoding', 'timeline_index']","['z_score', None]",True,384,2,True,"(10,)","(512, 512)",0.5,0.0005,1,False,focal,2,False,,Conv1d,,concatenation,64,44
0,0.7658820485367495,0.5986654162406921,0.598336881912795,[0.60982391 0.58684985],0.598431308394227,[0.62075472 0.5761079 ],0.5986357012750455,[0.5992714 0.598    ],0.3136466801166534,0.7295373678207397,0.7050276243093923,[0.79005525 0.62      ],0.7070369131259061,[0.78142077 0.63265306],0.7033629094095739,[0.79888268 0.60784314],35,15,4,gaussian_random_projection,17,,"['time_encoding', 'timeline_index']","['z_score', None]",True,384,2,True,"(10,)","(512, 512)",0.5,0.0005,12,False,focal,2,False,,Conv1d,,concatenation,64,44
0,0.3935236597762388,0.5881792306900024,0.5871252705923513,[0.56626506 0.60798548],0.5936754442685456,[0.63087248 0.55647841],0.5918306010928962,[0.5136612 0.67     ],0.17955874800682067,0.754448413848877,0.718841084091008,[0.81889764 0.61878453],0.7405689936082216,[0.77227723 0.70886076],0.7102639938657027,[0.87150838 0.54901961],35,15,4,gaussian_random_projection,17,,"['time_encoding', 'timeline_index']","['z_score', None]",True,384,2,True,"(10,)","(512, 512)",0.5,0.0005,123,False,focal,2,False,,Conv1d,,concatenation,64,44
0,0.34487654969972725,0.6062917113304138,0.6047269956981693,[0.62959641 0.57985758],0.6051017272787129,[0.62014134 0.59006211],0.6046721311475409,[0.63934426 0.57      ],0.1894993454217911,0.7330960631370544,0.6925915661420423,[0.80417755 0.58100559],0.7151133180544945,[0.75490196 0.67532468],0.6850695585496769,[0.8603352  0.50980392],35,15,4,gaussian_random_projection,17,,"['time_encoding', 'timeline_index']","['z_score', None]",True,384,2,True,"(10,)","(512, 512)",0.1,0.001,1,False,focal,2,False,,Conv1d,,concatenation,64,45
0,0.9787104199914372,0.6139180064201355,0.6132981139357221,[0.62878093 0.59781529],0.6132648456662082,[0.63284133 0.59368836],0.6133861566484518,[0.62477231 0.602     ],0.34478315711021423,0.6690391302108765,0.6312075753940813,[0.74932615 0.51308901],0.6372600655430711,[0.72395833 0.5505618 ],0.6284642348559536,[0.77653631 0.48039216],35,15,4,gaussian_random_projection,17,,"['time_encoding', 'timeline_index']","['z_score', None]",True,384,2,True,"(10,)","(512, 512)",0.1,0.001,12,False,focal,2,False,,Conv1d,,concatenation,64,45
0,0.45000187965000377,0.6091516017913818,0.6027660171864726,[0.65313029 0.55240175],0.6089838528375258,[0.60979463 0.60817308],0.6045482695810565,[0.70309654 0.506     ],0.22398049533367156,0.7224199175834656,0.6688723712835387,[0.80203046 0.53571429],0.7083509513742072,[0.73488372 0.68181818],0.6619290174170227,[0.88268156 0.44117647],35,15,4,gaussian_random_projection,17,,"['time_encoding', 'timeline_index']","['z_score', None]",True,384,2,True,"(10,)","(512, 512)",0.1,0.001,123,False,focal,2,False,,Conv1d,,concatenation,64,45
0,0.38332001426640677,0.6520496010780334,0.6478910801403341,[0.60962567 0.68615649],0.6700759618315242,[0.73834197 0.60180995],0.6585628415300546,[0.51912568 0.798     ],0.19071849882602693,0.7615658044815063,0.7356389626072428,[0.81842818 0.65284974],0.7435222672064777,[0.79473684 0.69230769],0.7306112389089714,[0.84357542 0.61764706],35,15,4,gaussian_random_projection,17,,"['time_encoding', 'timeline_index']","['z_score', None]",True,384,2,True,"(10,)","(512, 512)",0.1,0.0001,1,False,focal,2,False,,Conv1d,,concatenation,64,46
0,0.35269342625842376,0.6396568417549133,0.6385132917623892,[0.61818182 0.65884477],0.6471032491944146,[0.69387755 0.60032895],0.6436885245901639,[0.55737705 0.73      ],0.2207513689994812,0.6298932433128357,0.5671288067306554,[0.73195876 0.40229885],0.5827684742158427,[0.67942584 0.48611111],0.5682166721437178,[0.79329609 0.34313725],35,15,4,gaussian_random_projection,17,,"['time_encoding', 'timeline_index']","['z_score', None]",True,384,2,True,"(10,)","(512, 512)",0.1,0.0001,12,False,focal,2,False,,Conv1d,,concatenation,64,46
0,0.5663897535380196,0.586272656917572,0.5858627941839987,[0.59889094 0.57283465],0.5859167066625943,[0.60787992 0.56395349],0.5860819672131148,[0.59016393 0.582     ],0.18735642731189728,0.7366548180580139,0.6957806647940075,[0.80729167 0.58426966],0.7201540436456997,[0.75609756 0.68421053],0.6878628546390624,[0.86592179 0.50980392],35,15,4,gaussian_random_projection,17,,"['time_encoding', 'timeline_index']","['z_score', None]",True,384,2,True,"(10,)","(512, 512)",0.1,0.0001,123,False,focal,2,False,,Conv1d,,concatenation,64,46
0,0.5176277739160201,0.5748332142829895,0.5731944505261929,[0.54674797 0.59964093],0.5811823729828897,[0.6183908  0.54397394],0.5789908925318762,[0.48998179 0.668     ],0.17875983864068984,0.754448413848877,0.7235080213903744,[0.816      0.63101604],0.7373649459783913,[0.78061224 0.69411765],0.7165899879504876,[0.8547486  0.57843137],35,15,4,gaussian_random_projection,17,,"['time_encoding', 'timeline_index']","['z_score', None]",True,384,2,True,"(10,)","(512, 512)",0.1,0.0005,1,False,focal,2,False,,Conv1d,,concatenation,64,47
0,0.747344492112889,0.6263107657432556,0.6254936247723133,[0.64298725 0.608     ],0.6254936247723133,[0.64298725 0.608     ],0.6254936247723133,[0.64298725 0.608     ],0.2819407194852829,0.7010676264762878,0.6693747198565665,[0.77173913 0.56701031],0.6745744191396366,[0.75132275 0.59782609],0.6662558878299923,[0.79329609 0.53921569],35,15,4,gaussian_random_projection,17,,"['time_encoding', 'timeline_index']","['z_score', None]",True,384,2,True,"(10,)","(512, 512)",0.1,0.0005,12,False,focal,2,False,,Conv1d,,concatenation,64,47
0,0.279742065597983,0.6129647493362427,0.6070218498560567,[0.65534805 0.55869565],0.6127886289650996,[0.6136725  0.61190476],0.6085482695810565,[0.70309654 0.514     ],0.19546740651130676,0.7651245594024658,0.7235241502683364,[0.83076923 0.61627907],0.7624576844955993,[0.76777251 0.75714286],0.7123178880490744,[0.90502793 0.51960784],35,15,4,gaussian_random_projection,17,,"['time_encoding', 'timeline_index']","['z_score', None]",True,384,2,True,"(10,)","(512, 512)",0.1,0.0005,123,False,focal,2,False,,Conv1d,,concatenation,64,47
