,loss,accuracy,f1,f1_scores,precision,precision_scores,recall,recall_scores,valid_loss,valid_accuracy,valid_f1,valid_f1_scores,valid_precision,valid_precision_scores,valid_recall,valid_recall_scores,k,dimensions,sig_depth,method,input_channels,output_channels,features,standardise_method,add_time_in_path,num_features,embedding_dim,log_signature,num_heads,num_layers,ffn_hidden_dim,dropout_rate,learning_rate,seed,loss_function,gamma,k_fold,n_splits,augmentation_type,hidden_dim_aug,comb_method,batch_size,model_id
0,,0.6251536011695862,0.5875806248429858,[0.60129826 0.408      0.5093217  0.83170254],0.5901417889626882,[0.5666452  0.40996785 0.52536825 0.85858586],0.5867986723915082,[0.64046579 0.40605096 0.49422633 0.80645161],,0.6311869621276855,0.5936366311634107,[0.61112535 0.41295052 0.51245125 0.83801941],0.5963679653319202,[0.57418112 0.41370869 0.53043478 0.86714727],0.5929444299338227,[0.65315068 0.41219512 0.49564713 0.81078479],20,15,3,gaussian_random_projection,15,12,['timeline_index'],[None],False,1,384,True,10,1,"(256, 256)",0.5,0.001,1,focal,2,True,5,Conv1d,,concatenation,64,0
0,,0.6577222347259521,0.6243081795231784,[0.65135235 0.43280182 0.57735712 0.83572143],0.6269474281197049,[0.66339623 0.41364296 0.54765193 0.88309859],0.6242995299416452,[0.63973799 0.45382166 0.61046959 0.79316888],,0.6611326336860657,0.6297815553745254,[0.6568433  0.44863014 0.5720536  0.84159919],0.6324048639446576,[0.68016432 0.42167382 0.54084798 0.88693333],0.6305228770468113,[0.63506849 0.47926829 0.60708067 0.80067405],20,15,3,gaussian_random_projection,15,12,['timeline_index'],[None],False,1,384,True,10,1,"(256, 256)",0.5,0.001,12,focal,2,True,5,Conv1d,,concatenation,64,0
0,,0.6573125720024109,0.6224069705336552,[0.63829787 0.45676998 0.56487401 0.82968601],0.6239963750161875,[0.64349112 0.46822742 0.55220588 0.83206107],0.6211272880497615,[0.63318777 0.44585987 0.57813703 0.82732448],,0.6567882299423218,0.6189037279130636,[0.6422876  0.4340796  0.55854834 0.84069937],0.6204018878608947,[0.64459161 0.4428934  0.54600887 0.84811367],0.6176751600987779,[0.64       0.42560976 0.57167731 0.83341358],20,15,3,gaussian_random_projection,15,12,['timeline_index'],[None],False,1,384,True,10,1,"(256, 256)",0.5,0.001,123,focal,2,True,5,Conv1d,,concatenation,64,0
0,,0.4778779149055481,0.43264342110986653,[0.45363489 0.24531835 0.36768343 0.66393701],0.44065004279055114,[0.40790238 0.29772727 0.39574091 0.66122961],0.4323808637279356,[0.51091703 0.20859873 0.34334103 0.66666667],,0.49030256271362305,0.44285933719805815,[0.46568745 0.25142045 0.37693299 0.67739645],0.4515514037258578,[0.41537801 0.30102041 0.42360608 0.66620112],0.44355381013962103,[0.52986301 0.21585366 0.33952409 0.68897448],20,15,3,gaussian_random_projection,15,12,['timeline_index'],[None],False,1,384,True,10,1,"(256, 256)",0.5,0.0001,1,focal,2,True,5,Conv1d,,concatenation,64,1
0,,0.5024580359458923,0.45899654498587683,[0.47271487 0.25327511 0.414568   0.6954282 ],0.46269466439281237,[0.44480103 0.28046422 0.41731669 0.70819672],0.45755643992966105,[0.50436681 0.23089172 0.41185527 0.68311195],,0.5041117072105408,0.4608883146480323,[0.46181913 0.26972353 0.40671972 0.70529088],0.4641548005486057,[0.44035785 0.30165913 0.41317365 0.70142857],0.4597605383066952,[0.48547945 0.24390244 0.40046431 0.70919596],20,15,3,gaussian_random_projection,15,12,['timeline_index'],[None],False,1,384,True,10,1,"(256, 256)",0.5,0.0001,12,focal,2,True,5,Conv1d,,concatenation,64,1
0,,0.49959033727645874,0.4517760729577198,[0.48717949 0.24590164 0.38592027 0.68810289],0.4609429457505223,[0.42708333 0.28723404 0.42965061 0.69980379],0.45224555553676654,[0.56695779 0.21496815 0.35026944 0.67678684],,0.5070597529411316,0.4638004261665071,[0.48769793 0.28225806 0.37810632 0.70713939],0.46988921666434935,[0.43903509 0.31437126 0.41277473 0.7133758 ],0.4636030000165523,[0.54849315 0.25609756 0.34881021 0.70101107],20,15,3,gaussian_random_projection,15,12,['timeline_index'],[None],False,1,384,True,10,1,"(256, 256)",0.5,0.0001,123,focal,2,True,5,Conv1d,,concatenation,64,1
0,,0.5489553213119507,0.5093038446394393,[0.51053541 0.35488959 0.4079058  0.76388458],0.5091532062139674,[0.48586456 0.3515625  0.44949027 0.74969549],0.5120278032164279,[0.53784571 0.35828025 0.37336413 0.77862113],,0.5570209622383118,0.5153566488158247,[0.50861404 0.34239802 0.43384907 0.77656546],0.5168392817366736,[0.47916667 0.34711779 0.47576177 0.76531089],0.5166504594435505,[0.54191781 0.33780488 0.39872316 0.78815599],20,15,3,gaussian_random_projection,15,12,['timeline_index'],[None],False,1,384,True,10,1,"(256, 256)",0.5,0.0005,1,focal,2,True,5,Conv1d,,concatenation,64,2
0,,0.5780417919158936,0.5378844762022446,[0.52915129 0.34546863 0.47615414 0.80076384],0.5377330830194584,[0.53667665 0.33634992 0.4720121  0.80589366],0.5382495105698437,[0.52183406 0.35509554 0.48036952 0.79569892],,0.5804499387741089,0.5424560514940838,[0.51649928 0.36439169 0.48237269 0.80656054],0.5427240133765755,[0.54216867 0.35491329 0.46569422 0.80811986],0.543209585578774,[0.49315068 0.37439024 0.50029019 0.80500722],20,15,3,gaussian_random_projection,15,12,['timeline_index'],[None],False,1,384,True,10,1,"(256, 256)",0.5,0.0005,12,focal,2,True,5,Conv1d,,concatenation,64,2
0,,0.5647275447845459,0.5206510890549145,[0.53241852 0.34908537 0.41415465 0.78694581],0.5209497455145193,[0.50356911 0.33479532 0.47878788 0.76664667],0.5256673207274973,[0.56477438 0.36464968 0.36489607 0.80834915],,0.5683475732803345,0.5240476467162724,[0.54135338 0.35953687 0.41726619 0.77803415],0.5245023396655413,[0.51377953 0.3593179  0.47790262 0.7470093 ],0.5284607482062669,[0.57205479 0.3597561  0.37028439 0.81174771],20,15,3,gaussian_random_projection,15,12,['timeline_index'],[None],False,1,384,True,10,1,"(256, 256)",0.5,0.0005,123,focal,2,True,5,Conv1d,,concatenation,64,2
0,,0.6409258246421814,0.607881663175416,[0.60043988 0.43698854 0.56362329 0.83047493],0.6126762462050303,[0.60487445 0.44949495 0.52865813 0.86767746],0.6052754314979696,[0.59606987 0.42515924 0.60354119 0.79633144],,0.653840184211731,0.6192483405473358,[0.61439373 0.43856333 0.58235294 0.84168337],0.624801092824386,[0.62829324 0.45371578 0.53991076 0.8772846 ],0.6165955524948691,[0.60109589 0.42439024 0.63203714 0.80885893],20,15,3,gaussian_random_projection,15,12,['timeline_index'],[None],False,1,384,True,10,1,"(256, 256)",0.1,0.001,1,focal,2,True,5,Conv1d,,concatenation,64,3
0,,0.6464563608169556,0.6121576032091449,[0.60248696 0.44926414 0.57441441 0.8224649 ],0.6150224819611502,[0.67113494 0.43740573 0.5399729  0.81157635],0.613890310634278,[0.54657933 0.46178344 0.61354888 0.83364959],,0.6581846475601196,0.6217983016810908,[0.63073606 0.43568946 0.58890086 0.83186683],0.626636106100213,[0.72011252 0.41501104 0.54952237 0.8218985 ],0.6240177688673171,[0.56109589 0.45853659 0.63435868 0.84207992],20,15,3,gaussian_random_projection,15,12,['timeline_index'],[None],False,1,384,True,10,1,"(256, 256)",0.1,0.001,12,focal,2,True,5,Conv1d,,concatenation,64,3
0,,0.66939777135849,0.6290738908741556,[0.66715867 0.43157895 0.58645533 0.83110261],0.6364351535406203,[0.67664671 0.48046875 0.55111713 0.83750803],0.6252707737717698,[0.65793304 0.39171975 0.62663587 0.82479443],,0.6709076762199402,0.6331218815083021,[0.66067416 0.44839371 0.59223817 0.83118149],0.6438719477032272,[0.6778098  0.51010886 0.54634625 0.84122288],0.6280768171292854,[0.64438356 0.4        0.64654672 0.82137699],20,15,3,gaussian_random_projection,15,12,['timeline_index'],[None],False,1,384,True,10,1,"(256, 256)",0.1,0.001,123,focal,2,True,5,Conv1d,,concatenation,64,3
0,,0.47685375809669495,0.43521543460105855,[0.46338125 0.27781927 0.33198015 0.66768107],0.4358037740112992,[0.4373385  0.26160338 0.40087146 0.64340176],0.4415149520970327,[0.49272198 0.29617834 0.28329484 0.69386464],,0.4937160611152649,0.4527990774537004,[0.46688826 0.29045643 0.3739072  0.67994442],0.4549431348201054,[0.43767977 0.28258362 0.44444444 0.6550647 ],0.4571340188076376,[0.50027397 0.29878049 0.32269298 0.70678864],20,15,3,gaussian_random_projection,15,12,['timeline_index'],[None],False,1,384,True,10,1,"(256, 256)",0.1,0.0001,1,focal,2,True,5,Conv1d,,concatenation,64,4
0,,0.5030725002288818,0.4585593088124764,[0.4893617  0.2555457  0.40191007 0.68741977],0.4631764128076973,[0.4504284  0.28857715 0.41598023 0.69771987],0.4577854007039772,[0.5356623  0.22929936 0.38876059 0.67741935],,0.5059736371040344,0.4614735237934229,[0.46553901 0.25770308 0.41607981 0.7065722 ],0.4680782342843238,[0.43164794 0.30263158 0.42077151 0.7172619 ],0.4593209362423054,[0.50520548 0.22439024 0.41149158 0.69619644],20,15,3,gaussian_random_projection,15,12,['timeline_index'],[None],False,1,384,True,10,1,"(256, 256)",0.1,0.0001,12,focal,2,True,5,Conv1d,,concatenation,64,4
0,,0.5071691870689392,0.45846739687576576,[0.48071625 0.25064378 0.39412485 0.70838471],0.45957020676997495,[0.45620915 0.27188082 0.41927083 0.69092002],0.4597673993588144,[0.50800582 0.23248408 0.37182448 0.72675522],,0.5112490057945251,0.4657423098020191,[0.47515856 0.2778865  0.39901931 0.71090487],0.4666112886751034,[0.45890761 0.29873773 0.42272727 0.68607255],0.4669476289237483,[0.49260274 0.2597561  0.37782937 0.73760231],20,15,3,gaussian_random_projection,15,12,['timeline_index'],[None],False,1,384,True,10,1,"(256, 256)",0.1,0.0001,123,focal,2,True,5,Conv1d,,concatenation,64,4
0,,0.549569845199585,0.514019907858272,[0.49697401 0.32917706 0.46567381 0.76425475],0.5199480829215795,[0.48641115 0.34434783 0.44085282 0.80818054],0.5104016591583653,[0.50800582 0.31528662 0.49345651 0.72485769],,0.5599689483642578,0.5226131235076841,[0.50346297 0.33268608 0.47445457 0.77984887],0.5286762906594685,[0.48989114 0.35448276 0.45258166 0.8177496 ],0.5187694062774539,[0.51780822 0.31341463 0.49854904 0.74530573],20,15,3,gaussian_random_projection,15,12,['timeline_index'],[None],False,1,384,True,10,1,"(256, 256)",0.1,0.0005,1,focal,2,True,5,Conv1d,,concatenation,64,5
0,,0.5645227432250977,0.5153851867593684,[0.53645833 0.30573248 0.43048237 0.78886756],0.5236615586046123,[0.4852768  0.3566879  0.45462329 0.79805825],0.513971733070895,[0.59970888 0.26751592 0.40877598 0.77988615],,0.5692785382270813,0.5178258372792336,[0.52834922 0.29116608 0.46066407 0.79112397],0.5253637487853441,[0.48727441 0.34621849 0.47530864 0.79265346],0.5161752873508363,[0.5769863  0.25121951 0.44689495 0.78960039],20,15,3,gaussian_random_projection,15,12,['timeline_index'],[None],False,1,384,True,10,1,"(256, 256)",0.1,0.0005,12,focal,2,True,5,Conv1d,,concatenation,64,5
0,,0.5782465934753418,0.532890244662767,[0.5381295  0.31713555 0.47860067 0.79769526],0.5360161000359642,[0.53200569 0.3412844  0.46325648 0.80751782],0.5309198027616968,[0.54439592 0.29617834 0.49499615 0.78810879],,0.5767261385917664,0.5315847473657394,[0.52407002 0.32270916 0.47539616 0.80416364],0.5355870281157717,[0.52321136 0.35422741 0.45624333 0.80866602],0.529302900557739,[0.52493151 0.29634146 0.49622751 0.79971112],20,15,3,gaussian_random_projection,15,12,['timeline_index'],[None],False,1,384,True,10,1,"(256, 256)",0.1,0.0005,123,focal,2,True,5,Conv1d,,concatenation,64,5
0,,0.6501433849334717,0.6120912961425126,[0.64067055 0.39693487 0.57842047 0.8323393 ],0.6140397653756444,[0.64160584 0.38257016 0.55793991 0.87404315],0.6117635424474275,[0.63973799 0.41242038 0.60046189 0.7944339 ],,0.6510473489761353,0.6176997238989911,[0.64403974 0.43139535 0.55979928 0.83556454],0.6195987088000781,[0.64869372 0.41222222 0.53862661 0.87885228],0.6177341351186809,[0.63945205 0.45243902 0.58270459 0.79634088],20,15,3,gaussian_random_projection,15,12,['timeline_index'],[None],False,1,384,True,10,1,"(512, 512)",0.5,0.001,1,focal,2,True,5,Conv1d,,concatenation,64,6
0,,0.6532158851623535,0.6141959880521868,[0.62702703 0.41161401 0.58143489 0.83670803],0.6243140737687854,[0.66776316 0.44383057 0.52070646 0.86495611],0.610794627537437,[0.59097525 0.38375796 0.65819861 0.81024668],,0.6470131874084473,0.6075789410999375,[0.6151612  0.40551181 0.57606178 0.83358098],0.617311027436608,[0.65451174 0.43892045 0.51757632 0.85823559],0.6042137997736075,[0.58027397 0.37682927 0.64944864 0.81030332],20,15,3,gaussian_random_projection,15,12,['timeline_index'],[None],False,1,384,True,10,1,"(512, 512)",0.5,0.001,12,focal,2,True,5,Conv1d,,concatenation,64,6
0,,0.6519868969917297,0.6126115401163923,[0.6423091  0.42473556 0.5513308  0.83207071],0.6135945463339598,[0.64490095 0.43427621 0.54470323 0.83049779],0.6117785769250541,[0.63973799 0.4156051  0.55812163 0.83364959],,0.6470131874084473,0.6121206698635472,[0.62022848 0.44808055 0.54454063 0.83563302],0.6147401634635825,[0.63095238 0.46293888 0.5247578  0.84031159],0.6102222726709936,[0.60986301 0.43414634 0.56587348 0.83100626],20,15,3,gaussian_random_projection,15,12,['timeline_index'],[None],False,1,384,True,10,1,"(512, 512)",0.5,0.001,123,focal,2,True,5,Conv1d,,concatenation,64,6
0,,0.4985661506652832,0.4572701641438616,[0.45520581 0.29222973 0.39799331 0.6836518 ],0.45929010938042475,[0.43375082 0.31115108 0.43549863 0.65675991],0.4584117855982127,[0.47889374 0.27547771 0.36643572 0.71283997],,0.5055081248283386,0.4630488066276053,[0.44934383 0.30206254 0.40491958 0.69586927],0.46629602079084886,[0.43123426 0.33235725 0.44337017 0.65822241],0.46414001469131116,[0.4690411  0.27682927 0.37260592 0.73808377],20,15,3,gaussian_random_projection,15,12,['timeline_index'],[None],False,1,384,True,10,1,"(512, 512)",0.5,0.0001,1,focal,2,True,5,Conv1d,,concatenation,64,7
0,,0.4907824695110321,0.4472917784526034,[0.45149912 0.24427481 0.41855448 0.67483871],0.45603537738814826,[0.43805613 0.3047619  0.39271255 0.68861093],0.4448146224721198,[0.4657933  0.20382166 0.44803695 0.66160658],,0.5006982088088989,0.4559143082222259,[0.44775326 0.25110132 0.42974303 0.69505963],0.46484324156321466,[0.43491736 0.31549815 0.40620155 0.70275591],0.453404404842531,[0.46136986 0.20853659 0.45618108 0.68753009],20,15,3,gaussian_random_projection,15,12,['timeline_index'],[None],False,1,384,True,10,1,"(512, 512)",0.5,0.0001,12,focal,2,True,5,Conv1d,,concatenation,64,7
0,,0.4985661506652832,0.44815262953874224,[0.45821326 0.22934888 0.42294961 0.68209877],0.4547238677534812,[0.45363766 0.29426434 0.40492958 0.66606389],0.44808827683518215,[0.4628821  0.18789809 0.44264819 0.69892473],,0.5092319846153259,0.4634129325038041,[0.45622756 0.26870007 0.43562708 0.69309701],0.47036816006668064,[0.45991091 0.33213645 0.41733121 0.67209408],0.462317043858006,[0.45260274 0.22560976 0.4556007  0.71545498],20,15,3,gaussian_random_projection,15,12,['timeline_index'],[None],False,1,384,True,10,1,"(512, 512)",0.5,0.0001,123,focal,2,True,5,Conv1d,,concatenation,64,7
0,,0.5591970682144165,0.5219537281430356,[0.52684228 0.34749621 0.43873684 0.77473958],0.525090178336746,[0.48615385 0.33188406 0.48420074 0.79812207],0.5233448038966985,[0.57496361 0.36464968 0.40107775 0.75268817],,0.5633824467658997,0.5265793511109095,[0.52103396 0.35924007 0.43539147 0.79065191],0.5288241627009428,[0.48467704 0.34023991 0.4820296  0.8083501 ],0.5286173922434726,[0.56328767 0.3804878  0.39698201 0.77371208],20,15,3,gaussian_random_projection,15,12,['timeline_index'],[None],False,1,384,True,10,1,"(512, 512)",0.5,0.0005,1,focal,2,True,5,Conv1d,,concatenation,64,8
0,,0.5675952434539795,0.5317649160289668,[0.52549575 0.34449761 0.47142323 0.78564307],0.5356032920511202,[0.51172414 0.34504792 0.45791001 0.82773109],0.5293411289388937,[0.54002911 0.34394904 0.48575828 0.74762808],,0.5688130259513855,0.5315711149885779,[0.5242616  0.34332085 0.46613546 0.79256655],0.5356583428094011,[0.50533808 0.3516624  0.45728643 0.82834646],0.5287766867656858,[0.54465753 0.33536585 0.47533372 0.75974964],20,15,3,gaussian_random_projection,15,12,['timeline_index'],[None],False,1,384,True,10,1,"(512, 512)",0.5,0.0005,12,focal,2,True,5,Conv1d,,concatenation,64,8
0,,0.5682097673416138,0.5314652651438496,[0.51681287 0.34859675 0.46715896 0.79329249],0.5312778785414934,[0.51908957 0.32506887 0.47174254 0.80921053],0.5327511053191315,[0.51455604 0.37579618 0.46266359 0.77798861],,0.5709852576255798,0.5382446510282157,[0.51499019 0.37641723 0.46166999 0.79990119],0.5383955859240952,[0.52694954 0.35169492 0.45352744 0.82141045],0.5395099034819187,[0.50356164 0.40487805 0.47011027 0.77948965],20,15,3,gaussian_random_projection,15,12,['timeline_index'],[None],False,1,384,True,10,1,"(512, 512)",0.5,0.0005,123,focal,2,True,5,Conv1d,,concatenation,64,8
0,,0.6884473562240601,0.6534381155112944,[0.68158845 0.47077662 0.61463415 0.84675325],0.6547804383994528,[0.67621777 0.47342995 0.59956076 0.86991328],0.6526193530809085,[0.68704512 0.46815287 0.63048499 0.82479443],,0.6791310906410217,0.6396252415770289,[0.69222403 0.42970177 0.59053556 0.8460396 ],0.6408711347922497,[0.68699406 0.42891859 0.57696567 0.87060621],0.6389006423681276,[0.69753425 0.4304878  0.60475914 0.82282138],20,15,3,gaussian_random_projection,15,12,['timeline_index'],[None],False,1,384,True,10,1,"(512, 512)",0.1,0.001,1,focal,2,True,5,Conv1d,,concatenation,64,9
0,,0.660794734954834,0.6230709899082405,[0.64538198 0.4304     0.57869866 0.83780332],0.6255021947289681,[0.67541766 0.43247588 0.54820937 0.84590587],0.6222203656114365,[0.61790393 0.42834395 0.61277906 0.82985452],,0.6614429950714111,0.6241757775751976,[0.64       0.43483557 0.5832202  0.83864734],0.6271896811043519,[0.685      0.43430657 0.54795918 0.84149297],0.6237665232773904,[0.60054795 0.43536585 0.6233314  0.8358209 ],20,15,3,gaussian_random_projection,15,12,['timeline_index'],[None],False,1,384,True,10,1,"(512, 512)",0.1,0.001,12,focal,2,True,5,Conv1d,,concatenation,64,9
0,,0.6650962829589844,0.6286308542871367,[0.63910076 0.44143426 0.59519666 0.83879173],0.6352404495357301,[0.7126231  0.44178628 0.54320203 0.84335038],0.628223484732102,[0.57933042 0.4410828  0.65819861 0.8342821 ],,0.6660977602005005,0.6303171520230599,[0.63603819 0.44499078 0.59414226 0.84609738],0.6368924331314364,[0.69810085 0.44857497 0.54069491 0.860199  ],0.6293347004122118,[0.58410959 0.44146341 0.65931515 0.83245065],20,15,3,gaussian_random_projection,15,12,['timeline_index'],[None],False,1,384,True,10,1,"(512, 512)",0.1,0.001,123,focal,2,True,5,Conv1d,,concatenation,64,9
0,,0.49549365043640137,0.4550463390986427,[0.47318612 0.26895307 0.39042208 0.68762409],0.4654784806185718,[0.41759465 0.31041667 0.41287554 0.72102706],0.45264412750041844,[0.54585153 0.23726115 0.37028483 0.657179  ],,0.5110938549041748,0.47120171334849026,[0.48637118 0.29480969 0.40689655 0.69672944],0.4823710005447639,[0.42857143 0.3408     0.44239945 0.71771312],0.4688885927122378,[0.56219178 0.2597561  0.3766686  0.67693789],20,15,3,gaussian_random_projection,15,12,['timeline_index'],[None],False,1,384,True,10,1,"(512, 512)",0.1,0.0001,1,focal,2,True,5,Conv1d,,concatenation,64,10
0,,0.5192543864250183,0.47846418032177274,[0.47399651 0.28400342 0.43286421 0.72299258],0.4818894491490892,[0.45539906 0.30683919 0.42781955 0.7375    ],0.4763957388614899,[0.49417758 0.26433121 0.43802925 0.70904491],,0.5255236625671387,0.48742613314305216,[0.46721969 0.30759247 0.44925884 0.72563353],0.49033494834842895,[0.45658996 0.32871012 0.44145658 0.73458313],0.4854054435857069,[0.47835616 0.28902439 0.45734185 0.71689937],20,15,3,gaussian_random_projection,15,12,['timeline_index'],[None],False,1,384,True,10,1,"(512, 512)",0.1,0.0001,12,focal,2,True,5,Conv1d,,concatenation,64,10
0,,0.5151576995849609,0.46954899733515343,[0.47693958 0.27527613 0.41640127 0.70957901],0.470074865388156,[0.46872804 0.29508197 0.43116241 0.68532705],0.4704083784656418,[0.48544396 0.25796178 0.4026174  0.73561037],,0.5247478485107422,0.4855197333860136,[0.47262873 0.3237731  0.42429683 0.72138028],0.48599272006651034,[0.46756032 0.33911883 0.43792464 0.69936709],0.48597004173818165,[0.47780822 0.3097561  0.41149158 0.74482427],20,15,3,gaussian_random_projection,15,12,['timeline_index'],[None],False,1,384,True,10,1,"(512, 512)",0.1,0.0001,123,focal,2,True,5,Conv1d,,concatenation,64,10
0,,0.5737402439117432,0.53200275798448,[0.53441845 0.36006826 0.4521668  0.78135752],0.5358021088897864,[0.50031746 0.38786765 0.48212729 0.77289604],0.531303419574943,[0.57350801 0.33598726 0.42571209 0.79000633],,0.5793638229370117,0.5337090524558903,[0.53996448 0.3450564  0.45813881 0.79167652],0.5382833427169869,[0.50283554 0.37845706 0.49395973 0.77788104],0.5333047363718277,[0.5830137  0.31707317 0.42716193 0.80597015],20,15,3,gaussian_random_projection,15,12,['timeline_index'],[None],False,1,384,True,10,1,"(512, 512)",0.1,0.0005,1,focal,2,True,5,Conv1d,,concatenation,64,11
0,,0.5872592926025391,0.548571076694349,[0.53688213 0.37075332 0.4875195  0.79912935],0.5469589515834581,[0.56210191 0.34573003 0.49407115 0.78593272],0.5518564572316057,[0.51382824 0.39968153 0.48113934 0.81277672],,0.5872769355773926,0.550155660825709,[0.5361119  0.37983193 0.48420431 0.8004745 ],0.5481834364388839,[0.55959476 0.35129534 0.49278846 0.78905519],0.5540196155242224,[0.51452055 0.41341463 0.4759141  0.81222918],20,15,3,gaussian_random_projection,15,12,['timeline_index'],[None],False,1,384,True,10,1,"(512, 512)",0.1,0.0005,12,focal,2,True,5,Conv1d,,concatenation,64,11
0,,0.5671855807304382,0.5287360719147085,[0.51496121 0.33965125 0.47058824 0.78974359],0.5286472202362822,[0.52288072 0.32416787 0.46702047 0.80051982],0.5293576217230085,[0.50727802 0.3566879  0.47421093 0.77925364],,0.5764158368110657,0.5412190925795475,[0.51937114 0.3735363  0.47790134 0.79406759],0.5408888475766176,[0.53252735 0.35923423 0.46973094 0.80206287],0.5421162107989262,[0.50684932 0.38902439 0.486361   0.78623014],20,15,3,gaussian_random_projection,15,12,['timeline_index'],[None],False,1,384,True,10,1,"(512, 512)",0.1,0.0005,123,focal,2,True,5,Conv1d,,concatenation,64,11
0,,0.720811128616333,0.6874294096191567,[0.73046729 0.50628667 0.65450719 0.85845649],0.6948483575943336,[0.7509608  0.53451327 0.60115979 0.89275956],0.6842227703812631,[0.71106259 0.48089172 0.7182448  0.82669197],,0.7233514189720154,0.688537056190786,[0.73915493 0.49967384 0.64937107 0.86594838],0.6981352928318155,[0.76057971 0.5371669  0.59197324 0.90282132],0.6842602672711974,[0.71890411 0.46707317 0.7190946  0.83196919],20,15,4,gaussian_random_projection,15,8,['timeline_index'],[None],False,1,384,True,6,1,"(256, 256)",0.5,0.001,1,focal,2,True,5,Conv1d,,concatenation,64,12
0,,0.7138468027114868,0.6805539293650018,[0.71875    0.51112943 0.64134078 0.8509955 ],0.683287950669703,[0.71770682 0.52991453 0.62121212 0.86431833],0.6785803767478176,[0.71979622 0.49363057 0.66281755 0.83807717],,0.7185415029525757,0.682606570222838,[0.72900245 0.5        0.64189944 0.85952439],0.686929973594093,[0.72330097 0.53005464 0.6187399  0.87562438],0.6797077893758319,[0.73479452 0.47317073 0.66686013 0.84400578],20,15,4,gaussian_random_projection,15,8,['timeline_index'],[None],False,1,384,True,6,1,"(256, 256)",0.5,0.001,12,focal,2,True,5,Conv1d,,concatenation,64,12
0,,0.7132322788238525,0.6785557259905619,[0.71817868 0.49916248 0.63869992 0.85818182],0.6838341636668768,[0.68262295 0.52650177 0.62731997 0.89889197],0.675915991697853,[0.75764192 0.47452229 0.65050038 0.82099937],,0.7216446995735168,0.6870934021265636,[0.74398136 0.51325145 0.6270363  0.8641045 ],0.6930560867084244,[0.70510304 0.54607978 0.61768018 0.90336134],0.6840853219514408,[0.78739726 0.48414634 0.63668021 0.82811748],20,15,4,gaussian_random_projection,15,8,['timeline_index'],[None],False,1,384,True,6,1,"(256, 256)",0.5,0.001,123,focal,2,True,5,Conv1d,,concatenation,64,12
0,,0.394715279340744,0.31961883489389287,[0.29797048 0.16053512 0.28571429 0.53425546],0.3657901859296545,[0.40680101 0.26765799 0.38292367 0.40577807],0.33984525285536055,[0.23508006 0.11464968 0.22786759 0.78178368],,0.39581069350242615,0.32175425755301046,[0.30412547 0.16564952 0.28434622 0.53289582],0.37158526034572786,[0.40252708 0.29051988 0.3891129  0.40418118],0.3415405113364911,[0.24438356 0.11585366 0.22402786 0.78189697],20,15,4,gaussian_random_projection,15,8,['timeline_index'],[None],False,1,384,True,6,1,"(256, 256)",0.5,0.0001,1,focal,2,True,5,Conv1d,,concatenation,64,13
0,,0.4416222870349884,0.38483494608566415,[0.41610738 0.17752809 0.34558824 0.60011608],0.40253720700257234,[0.3860523  0.30152672 0.36814621 0.55442359],0.38917124775554407,[0.45123726 0.12579618 0.3256351  0.65401645],,0.427928626537323,0.36986190712574085,[0.39989965 0.1489726  0.34273452 0.58784086],0.3826590068641398,[0.36881074 0.25       0.36322287 0.54860242],0.3750921788378644,[0.43671233 0.10609756 0.32443413 0.6331247 ],20,15,4,gaussian_random_projection,15,8,['timeline_index'],[None],False,1,384,True,6,1,"(256, 256)",0.5,0.0001,12,focal,2,True,5,Conv1d,,concatenation,64,13
0,,0.40987300872802734,0.3489356960842322,[0.36967509 0.09891435 0.378454   0.54869933],0.36083356259926613,[0.36676218 0.2039801  0.34679487 0.5257971 ],0.3570207545110627,[0.37263464 0.06528662 0.41647421 0.57368754],,0.4221877455711365,0.36178258525754536,[0.39126831 0.11380597 0.38711354 0.55494253],0.37953798243477965,[0.39464883 0.24206349 0.35042333 0.53101628],0.3689618621671943,[0.38794521 0.07439024 0.43238537 0.58112662],20,15,4,gaussian_random_projection,15,8,['timeline_index'],[None],False,1,384,True,6,1,"(256, 256)",0.5,0.0001,123,focal,2,True,5,Conv1d,,concatenation,64,13
0,,0.6569029092788696,0.6180911895531329,[0.64668094 0.43786008 0.5516441  0.83617963],0.619554345355463,[0.63445378 0.45315162 0.55443235 0.83617963],0.6170047287871581,[0.65938865 0.42356688 0.54888376 0.83617963],,0.6647013425827026,0.6257589927056275,[0.65393795 0.44698413 0.55503237 0.84708152],0.6278842069994407,[0.6336074  0.46622517 0.56298507 0.84871919],0.6244090295889448,[0.67561644 0.42926829 0.54730122 0.84545017],20,15,4,gaussian_random_projection,15,8,['timeline_index'],[None],False,1,384,True,6,1,"(256, 256)",0.5,0.0005,1,focal,2,True,5,Conv1d,,concatenation,64,14
0,,0.6394920349121094,0.6076256973377405,[0.61796496 0.44379985 0.53917051 0.82956746],0.6064405515565376,[0.63330787 0.40745672 0.53793103 0.84706658],0.6109503659628899,[0.60334789 0.48726115 0.5404157  0.81277672],,0.6287044286727905,0.5948897669749784,[0.60567649 0.42417459 0.51895386 0.83075411],0.5936937400634732,[0.60920177 0.39193382 0.52559524 0.84804413],0.5977550424259485,[0.60219178 0.46219512 0.51247824 0.81415503],20,15,4,gaussian_random_projection,15,8,['timeline_index'],[None],False,1,384,True,6,1,"(256, 256)",0.5,0.0005,12,focal,2,True,5,Conv1d,,concatenation,64,14
0,,0.6503482460975647,0.6090713163834954,[0.62211982 0.4057725  0.57596052 0.83243243],0.6153119811148203,[0.65853659 0.43454545 0.53120936 0.83695652],0.6067488077202964,[0.58951965 0.38057325 0.62894534 0.82795699],,0.6474786400794983,0.6059322473948634,[0.62283737 0.40237467 0.56461864 0.83389831],0.6133913000137843,[0.65733414 0.43821839 0.51924014 0.83877253],0.6028751950400268,[0.59178082 0.37195122 0.61868833 0.8290804 ],20,15,4,gaussian_random_projection,15,8,['timeline_index'],[None],False,1,384,True,6,1,"(256, 256)",0.5,0.0005,123,focal,2,True,5,Conv1d,,concatenation,64,14
0,,0.7130274772644043,0.6839238749196561,[0.73065476 0.51404494 0.63048499 0.86051081],0.682419346844368,[0.74733638 0.45979899 0.63048499 0.89205703],0.6897771704949675,[0.7147016  0.58280255 0.63048499 0.83111954],,0.7165244221687317,0.6868149802848768,[0.73301381 0.51182796 0.63573487 0.86668328],0.6855600724164008,[0.75493612 0.45769231 0.63136806 0.8982438 ],0.6925610914317489,[0.71232877 0.5804878  0.64016251 0.83726529],20,15,4,gaussian_random_projection,15,8,['timeline_index'],[None],False,1,384,True,6,1,"(256, 256)",0.1,0.001,1,focal,2,True,5,Conv1d,,concatenation,64,15
0,,0.7281851768493652,0.6936649642592544,[0.74021084 0.51049538 0.66312057 0.86083306],0.7001874747453575,[0.76677067 0.53996448 0.61472715 0.8792876 ],0.6906068852004766,[0.7154294  0.48407643 0.71978445 0.84313725],,0.7267649173736572,0.6932464300532323,[0.73762094 0.51446945 0.65888594 0.86200938],0.7006939199902338,[0.76731794 0.54421769 0.60674157 0.88449848],0.6898532869908841,[0.71013699 0.48780488 0.72083575 0.84063553],20,15,4,gaussian_random_projection,15,8,['timeline_index'],[None],False,1,384,True,6,1,"(256, 256)",0.1,0.001,12,focal,2,True,5,Conv1d,,concatenation,64,15
0,,0.7138468027114868,0.68347994668427,[0.73236282 0.52077151 0.63129566 0.8494898 ],0.6815960335443063,[0.75172414 0.4875     0.63056836 0.85659164],0.6868550936864968,[0.7139738  0.5589172  0.63202463 0.84250474],,0.7118696570396423,0.6773928716609026,[0.73132664 0.49618768 0.62981187 0.85224529],0.676262304368458,[0.74418605 0.4779661  0.62817552 0.85472155],0.6789994677364798,[0.71890411 0.51585366 0.63145676 0.84978334],20,15,4,gaussian_random_projection,15,8,['timeline_index'],[None],False,1,384,True,6,1,"(256, 256)",0.1,0.001,123,focal,2,True,5,Conv1d,,concatenation,64,15
0,,0.4022941291332245,0.3563671614493872,[0.38935574 0.18435155 0.33579639 0.51596496],0.3707866491280298,[0.37516869 0.28196721 0.35971856 0.46629213],0.3584851992257546,[0.40465793 0.13694268 0.31485758 0.57748261],,0.40356865525245667,0.35100279024015413,[0.39357218 0.15824916 0.3286119  0.52357792],0.36506433530966,[0.37899543 0.25543478 0.35900963 0.4668175 ],0.3557402916195288,[0.40931507 0.11463415 0.30295995 0.596052  ],20,15,4,gaussian_random_projection,15,8,['timeline_index'],[None],False,1,384,True,6,1,"(256, 256)",0.1,0.0001,1,focal,2,True,5,Conv1d,,concatenation,64,16
0,,0.42052438855171204,0.3489739522746629,[0.41741357 0.07446809 0.34100663 0.56300752],0.3702007439980049,[0.37257143 0.22580645 0.34572785 0.53669725],0.361888975391021,[0.47452693 0.04458599 0.33641263 0.59203036],,0.4218774139881134,0.3500446074020649,[0.4188862  0.07317073 0.35130332 0.55681818],0.3702150922042826,[0.37527115 0.2195122  0.35874168 0.52733534],0.3629587906785111,[0.4739726  0.04390244 0.34416715 0.58979297],20,15,4,gaussian_random_projection,15,8,['timeline_index'],[None],False,1,384,True,6,1,"(256, 256)",0.1,0.0001,12,focal,2,True,5,Conv1d,,concatenation,64,16
0,,0.3846784234046936,0.2998207267801779,[0.24390244 0.02923977 0.39885222 0.52728848],0.3311584627462506,[0.34300792 0.17857143 0.3179323  0.48512221],0.3294154116168485,[0.18922853 0.01592357 0.53502694 0.57748261],,0.3961210250854492,0.31138308529952874,[0.25764664 0.04274466 0.40060176 0.54453929],0.366977635582746,[0.37526205 0.27536232 0.31808874 0.49919743],0.3397982251158801,[0.19616438 0.02317073 0.54091701 0.59894078],20,15,4,gaussian_random_projection,15,8,['timeline_index'],[None],False,1,384,True,6,1,"(256, 256)",0.1,0.0001,123,focal,2,True,5,Conv1d,,concatenation,64,16
0,,0.5909463167190552,0.5500508827139745,[0.55135521 0.34675431 0.5013153  0.80077872],0.5526583305288081,[0.54055944 0.3582343  0.489721   0.82211859],0.5481421992351063,[0.56259098 0.33598726 0.5134719  0.78051866],,0.5882079005241394,0.5471944659583519,[0.55002704 0.34347275 0.49606742 0.79921066],0.5501493372643773,[0.54297918 0.35751979 0.48067501 0.81942337],0.5450493566668003,[0.55726027 0.3304878  0.51247824 0.77997111],20,15,4,gaussian_random_projection,15,8,['timeline_index'],[None],False,1,384,True,6,1,"(256, 256)",0.1,0.0005,1,focal,2,True,5,Conv1d,,concatenation,64,17
0,,0.6276116371154785,0.5811128429039574,[0.6076975  0.38232795 0.50847458 0.82595134],0.5851157672307665,[0.56675063 0.40983607 0.54910714 0.81476923],0.5810469631661769,[0.65502183 0.35828025 0.47344111 0.83744466],,0.621411919593811,0.5723435823762665,[0.60475825 0.35514019 0.51589242 0.81358347],0.5767736108921411,[0.5671785  0.39233038 0.54486766 0.8027179 ],0.5716630012347267,[0.64767123 0.32439024 0.4898433  0.82474723],20,15,4,gaussian_random_projection,15,8,['timeline_index'],[None],False,1,384,True,6,1,"(256, 256)",0.1,0.0005,12,focal,2,True,5,Conv1d,,concatenation,64,17
0,,0.6364194750785828,0.5934054419068845,[0.62827225 0.40640809 0.51168614 0.82725528],0.5995846679969432,[0.57074911 0.43189964 0.55879672 0.8368932 ],0.5930465482307793,[0.69868996 0.38375796 0.47190146 0.81783681],,0.6347556114196777,0.5860941942776539,[0.63111111 0.3708166  0.51223289 0.83021618],0.5930607837965879,[0.57438202 0.41097923 0.54913679 0.8377451 ],0.5852192530788614,[0.70027397 0.33780488 0.47997678 0.82282138],20,15,4,gaussian_random_projection,15,8,['timeline_index'],[None],False,1,384,True,6,1,"(256, 256)",0.1,0.0005,123,focal,2,True,5,Conv1d,,concatenation,64,17
0,,0.7249078154563904,0.6876587908797149,[0.74318508 0.5008726  0.65145381 0.85512367],0.6949111884305373,[0.73267327 0.55405405 0.62411848 0.86879896],0.683543703984848,[0.75400291 0.45700637 0.6812933  0.84187223],,0.7228859663009644,0.6857736138536943,[0.74031642 0.4996642  0.64113786 0.86197597],0.6943966313213509,[0.7370994  0.55605381 0.60631143 0.87812188],0.6809605535328155,[0.74356164 0.45365854 0.68020894 0.8464131 ],20,15,4,gaussian_random_projection,15,8,['timeline_index'],[None],False,1,384,True,6,1,"(512, 512)",0.5,0.001,1,focal,2,True,5,Conv1d,,concatenation,64,18
0,,0.7160999774932861,0.6800941886177893,[0.72700186 0.48853616 0.64948454 0.8553542 ],0.692800661325195,[0.74446987 0.54743083 0.58659218 0.89270977],0.6749749094894861,[0.71033479 0.4410828  0.72748268 0.82099937],,0.7138867378234863,0.6785062059505997,[0.72299405 0.49180328 0.64051282 0.85871468],0.6937976189231603,[0.74911868 0.55900621 0.57372531 0.89334027],0.6723065115944886,[0.69863014 0.43902439 0.72489843 0.82667309],20,15,4,gaussian_random_projection,15,8,['timeline_index'],[None],False,1,384,True,6,1,"(512, 512)",0.5,0.001,12,focal,2,True,5,Conv1d,,concatenation,64,18
0,,0.7023760676383972,0.6694481716036096,[0.72901325 0.50681981 0.59762587 0.84433375],0.6671616247057227,[0.73770492 0.46143791 0.63811189 0.83139178],0.6755704211277982,[0.72052402 0.56210191 0.56197075 0.85768501],,0.7114042043685913,0.6766964404897443,[0.74325069 0.50644258 0.61055901 0.84653349],0.6748285619592667,[0.74736842 0.46839378 0.65664663 0.82690542],0.6820075420108591,[0.73917808 0.55121951 0.57051654 0.86711603],20,15,4,gaussian_random_projection,15,8,['timeline_index'],[None],False,1,384,True,6,1,"(512, 512)",0.5,0.001,123,focal,2,True,5,Conv1d,,concatenation,64,18
0,,0.4018844664096832,0.334618796047805,[0.39170678 0.10824108 0.31291946 0.52560786],0.35622478656204515,[0.39864356 0.23783784 0.3437788  0.44463895],0.3462115438061539,[0.38500728 0.07006369 0.28714396 0.64263125],,0.41039565205574036,0.3486216719794264,[0.37413267 0.14299153 0.34120239 0.5361601 ],0.3800387898236955,[0.37907762 0.3127572  0.37276479 0.45555556],0.3569964819285202,[0.36931507 0.09268293 0.31456761 0.65142032],20,15,4,gaussian_random_projection,15,8,['timeline_index'],[None],False,1,384,True,6,1,"(512, 512)",0.5,0.0001,1,focal,2,True,5,Conv1d,,concatenation,64,19
0,,0.4266693890094757,0.36309943647037013,[0.44385655 0.13808463 0.30632319 0.56413337],0.3825628195303429,[0.37228797 0.22962963 0.39114833 0.53718535],0.37346916214448955,[0.54949054 0.09872611 0.2517321  0.59392789],,0.4221877455711365,0.35709727201317776,[0.43674564 0.12931798 0.30163706 0.56068841],0.377882024188392,[0.36881842 0.23624595 0.3771777  0.52928602],0.3679311789850765,[0.53534247 0.08902439 0.25130586 0.596052  ],20,15,4,gaussian_random_projection,15,8,['timeline_index'],[None],False,1,384,True,6,1,"(512, 512)",0.5,0.0001,12,focal,2,True,5,Conv1d,,concatenation,64,19
0,,0.4068004786968231,0.34009579930638034,[0.40377727 0.08418367 0.34857143 0.52385082],0.3575747375722607,[0.36535062 0.21153846 0.37098175 0.48242812],0.3513886145792411,[0.45123726 0.05254777 0.3287144  0.57305503],,0.4256012439727783,0.3531241358393479,[0.41381036 0.09009009 0.34319162 0.56540448],0.3772406087647292,[0.38075506 0.25139665 0.36572554 0.51108518],0.36598633239139877,[0.45315068 0.05487805 0.32327336 0.63264324],20,15,4,gaussian_random_projection,15,8,['timeline_index'],[None],False,1,384,True,6,1,"(512, 512)",0.5,0.0001,123,focal,2,True,5,Conv1d,,concatenation,64,19
0,,0.6401064991950989,0.599090533783427,[0.61777457 0.41567291 0.54238588 0.82052877],0.6019926912312035,[0.6133429  0.44688645 0.54051988 0.80722154],0.5973381733083925,[0.62227074 0.38853503 0.54426482 0.8342821 ],,0.6386346220970154,0.5946583641944312,[0.61415146 0.40026596 0.54639471 0.81782132],0.5984646706138075,[0.6196319  0.44005848 0.54095563 0.79321267],0.5929475887025255,[0.60876712 0.36707317 0.55194428 0.84400578],20,15,4,gaussian_random_projection,15,8,['timeline_index'],[None],False,1,384,True,6,1,"(512, 512)",0.5,0.0005,1,focal,2,True,5,Conv1d,,concatenation,64,20
0,,0.6261777877807617,0.5880797642479643,[0.60777126 0.41524106 0.50802348 0.82128326],0.5869105070869332,[0.61225997 0.40577508 0.51671975 0.81288724],0.5894941840066653,[0.60334789 0.42515924 0.49961509 0.82985452],,0.6200155019760132,0.5808940072223328,[0.58731489 0.39279279 0.51801029 0.82545805],0.5808150996431868,[0.59920182 0.38698225 0.51042254 0.82665379],0.5811909281371411,[0.57589041 0.39878049 0.52582705 0.82426577],20,15,4,gaussian_random_projection,15,8,['timeline_index'],[None],False,1,384,True,6,1,"(512, 512)",0.5,0.0005,12,focal,2,True,5,Conv1d,,concatenation,64,20
0,,0.6413355469703674,0.5985546318204404,[0.63429542 0.41093474 0.52631579 0.82267258],0.6050617372451711,[0.59452578 0.46047431 0.54153094 0.82371592],0.5960875864418088,[0.6797671  0.37101911 0.51193226 0.82163188],,0.6454616189002991,0.5997806993254786,[0.63763687 0.40378123 0.523217   0.8344877 ],0.6060690722984521,[0.59562322 0.45234493 0.54834606 0.82796209],0.5980171826987429,[0.6860274  0.36463415 0.50029019 0.841117  ],20,15,4,gaussian_random_projection,15,8,['timeline_index'],[None],False,1,384,True,6,1,"(512, 512)",0.5,0.0005,123,focal,2,True,5,Conv1d,,concatenation,64,20
0,,0.7183531522750854,0.6897004598585149,[0.73046729 0.52335063 0.64671101 0.85827291],0.6896315523520513,[0.7509608  0.48959778 0.62189055 0.89607708],0.6925722466752913,[0.71106259 0.56210191 0.67359507 0.82352941],,0.7219550013542175,0.6935207770719054,[0.73350183 0.52995392 0.64384318 0.86678419],0.6942884621986631,[0.75230415 0.50218341 0.61400737 0.90865892],0.6954794071185894,[0.71561644 0.56097561 0.67672664 0.82859894],20,15,4,gaussian_random_projection,15,8,['timeline_index'],[None],False,1,384,True,6,1,"(512, 512)",0.1,0.001,1,focal,2,True,5,Conv1d,,concatenation,64,21
0,,0.7095452547073364,0.6789529128666345,[0.7385068  0.49791377 0.62168487 0.85770621],0.6777740237294478,[0.7464684  0.44197531 0.63003953 0.89261286],0.6849381922482194,[0.73071325 0.57006369 0.61354888 0.82542694],,0.7177656888961792,0.6872222168476568,[0.74225664 0.50873362 0.63136574 0.86653287],0.68599566101444,[0.74930207 0.46047431 0.62954414 0.90466213],0.6920801954945504,[0.73534247 0.56829268 0.63319791 0.83148772],20,15,4,gaussian_random_projection,15,8,['timeline_index'],[None],False,1,384,True,6,1,"(512, 512)",0.1,0.001,12,focal,2,True,5,Conv1d,,concatenation,64,21
0,,0.7240884900093079,0.6917607739972582,[0.73432836 0.50847458 0.66149506 0.8627451 ],0.6970593170614303,[0.75344564 0.51554828 0.61027977 0.90896359],0.6902107119539431,[0.71615721 0.50159236 0.72209392 0.82099937],,0.7326609492301941,0.700418901736528,[0.75111607 0.51806491 0.65948276 0.87301187],0.7046538900980908,[0.7652075  0.5202952  0.61538462 0.91772824],0.6990568529333101,[0.73753425 0.51585366 0.71038886 0.83245065],20,15,4,gaussian_random_projection,15,8,['timeline_index'],[None],False,1,384,True,6,1,"(512, 512)",0.1,0.001,123,focal,2,True,5,Conv1d,,concatenation,64,21
0,,0.4158131778240204,0.35572109184626755,[0.40014015 0.11961722 0.36051829 0.5426087 ],0.37099478162229915,[0.38581081 0.24038462 0.35698113 0.50080257],0.36283735237459763,[0.41557496 0.07961783 0.36412625 0.59203036],,0.4226532280445099,0.36117413446069946,[0.41546148 0.12081784 0.35987353 0.54854369],0.3790263123871377,[0.39939333 0.25390625 0.35649203 0.50631365],0.3684810280988532,[0.43287671 0.07926829 0.36331979 0.59845932],20,15,4,gaussian_random_projection,15,8,['timeline_index'],[None],False,1,384,True,6,1,"(512, 512)",0.1,0.0001,1,focal,2,True,5,Conv1d,,concatenation,64,22
0,,0.43486276268959045,0.38581324162814534,[0.42055761 0.19935691 0.35073409 0.57260435],0.4008117295232235,[0.39051778 0.30491803 0.37294016 0.53487095],0.3876957233320667,[0.45560408 0.14808917 0.33102386 0.61606578],,0.4271528422832489,0.3762022971578778,[0.41228291 0.18064516 0.34122042 0.57066069],0.38737116419724765,[0.38128492 0.26666667 0.36803224 0.53350084],0.37919677288495446,[0.44876712 0.13658537 0.31804991 0.61338469],20,15,4,gaussian_random_projection,15,8,['timeline_index'],[None],False,1,384,True,6,1,"(512, 512)",0.1,0.0001,12,focal,2,True,5,Conv1d,,concatenation,64,22
0,,0.41909053921699524,0.34670626717128983,[0.38875044 0.0616622  0.39015692 0.54625551],0.3621816574174074,[0.3804878  0.19491525 0.36345515 0.50986842],0.36083313979472154,[0.39737991 0.0366242  0.42109315 0.58823529],,0.41365399956703186,0.34898304218365217,[0.37911647 0.09447236 0.37413148 0.54821186],0.37581466152597204,[0.37068063 0.26857143 0.34670629 0.5173003 ],0.3586457237895948,[0.38794521 0.05731707 0.40626814 0.58305248],20,15,4,gaussian_random_projection,15,8,['timeline_index'],[None],False,1,384,True,6,1,"(512, 512)",0.1,0.0001,123,focal,2,True,5,Conv1d,,concatenation,64,22
0,,0.6442031860351562,0.6046288172877599,[0.6259856  0.40521739 0.56191545 0.82539683],0.6123772050879652,[0.59170447 0.44636015 0.54657933 0.86486486],0.6007533028396448,[0.66448326 0.37101911 0.57813703 0.78937381],,0.638479471206665,0.598331124974424,[0.61225541 0.39734219 0.54921986 0.83450704],0.6061899356800384,[0.57746479 0.43649635 0.53718091 0.87361769],0.5941749963231572,[0.65150685 0.36463415 0.5618108  0.79874819],20,15,4,gaussian_random_projection,15,8,['timeline_index'],[None],False,1,384,True,6,1,"(512, 512)",0.1,0.0005,1,focal,2,True,5,Conv1d,,concatenation,64,23
0,,0.6288406252861023,0.5961217987353489,[0.60615154 0.43703704 0.52988816 0.81141046],0.5945252237802059,[0.625387   0.40858726 0.5309119  0.81321474],0.5990729495085868,[0.58806405 0.46974522 0.52886836 0.80961417],,0.6269976496696472,0.592532862892178,[0.60103627 0.41891892 0.5326087  0.81756757],0.5917190631661721,[0.63311098 0.38912134 0.5250987  0.81954523],0.5954123438800418,[0.57205479 0.45365854 0.54033662 0.81559942],20,15,4,gaussian_random_projection,15,8,['timeline_index'],[None],False,1,384,True,6,1,"(512, 512)",0.1,0.0005,12,focal,2,True,5,Conv1d,,concatenation,64,23
0,,0.6530110836029053,0.6103212113260199,[0.6581684  0.42371404 0.53505238 0.82435003],0.6165983762638954,[0.61045426 0.46820809 0.56128487 0.82644628],0.6085858241382961,[0.7139738  0.38694268 0.51116243 0.82226439],,0.6570985317230225,0.612654785384918,[0.6603063  0.41337793 0.54181818 0.83511673],0.6194430290403657,[0.60936052 0.45777778 0.56689918 0.84373464],0.6107281872241597,[0.72054795 0.37682927 0.51886245 0.82667309],20,15,4,gaussian_random_projection,15,8,['timeline_index'],[None],False,1,384,True,6,1,"(512, 512)",0.1,0.0005,123,focal,2,True,5,Conv1d,,concatenation,64,23
0,,0.7214256525039673,0.6886729131922826,[0.72692601 0.5077551  0.65921788 0.86079266],0.6951044374948889,[0.76362179 0.52093802 0.60319489 0.89266304],0.686662668159601,[0.69359534 0.49522293 0.72671286 0.83111954],,0.7233514189720154,0.693992539984851,[0.73509174 0.53190145 0.64539749 0.86357947],0.7023447533025688,[0.77089597 0.55176933 0.58733936 0.89937435],0.6906494675306206,[0.70246575 0.51341463 0.71619269 0.8305248 ],20,15,4,gaussian_random_projection,15,8,['timeline_index'],[None],False,1,384,True,12,1,"(256, 256)",0.5,0.001,1,focal,2,True,5,Conv1d,,concatenation,64,24
0,,0.7265465259552002,0.6934356740260801,[0.73053892 0.51882845 0.6633452  0.86103013],0.6994858581376573,[0.75192604 0.54673721 0.61681006 0.88247012],0.6905118883916073,[0.71033479 0.49363057 0.71747498 0.84060721],,0.727695882320404,0.690936692652351,[0.74540831 0.4960733  0.65482503 0.86744014],0.6994149052776706,[0.76954492 0.53531073 0.60273304 0.89007092],0.6869098875916846,[0.72273973 0.46219512 0.71677307 0.84593163],20,15,4,gaussian_random_projection,15,8,['timeline_index'],[None],False,1,384,True,12,1,"(256, 256)",0.5,0.001,12,focal,2,True,5,Conv1d,,concatenation,64,24
0,,0.7165096402168274,0.6815804551463831,[0.73314607 0.5047619  0.62256809 0.86584576],0.682143661270569,[0.7082768  0.50316456 0.62942565 0.88770764],0.681771973737552,[0.75982533 0.50636943 0.61585835 0.84503479],,0.7222653031349182,0.687507492919831,[0.74225166 0.51040392 0.627508   0.8698664 ],0.6885477295210121,[0.71846154 0.51228501 0.62878788 0.89465649],0.687213557010266,[0.76767123 0.50853659 0.62623331 0.8464131 ],20,15,4,gaussian_random_projection,15,8,['timeline_index'],[None],False,1,384,True,12,1,"(256, 256)",0.5,0.001,123,focal,2,True,5,Conv1d,,concatenation,64,24
0,,0.394715279340744,0.32106276423941127,[0.31149013 0.16704805 0.27347932 0.53223356],0.3699798986849236,[0.40632319 0.29674797 0.37169312 0.40515532],0.34014204055433644,[0.25254731 0.11624204 0.21632025 0.77545857],,0.3906904458999634,0.31483938364114045,[0.30722892 0.14933333 0.27322806 0.52956723],0.361286608644165,[0.39466896 0.27540984 0.372      0.40306764],0.335408649873016,[0.25150685 0.10243902 0.2159025  0.77178623],20,15,4,gaussian_random_projection,15,8,['timeline_index'],[None],False,1,384,True,12,1,"(256, 256)",0.5,0.0001,1,focal,2,True,5,Conv1d,,concatenation,64,25
0,,0.4422367811203003,0.38782447167638423,[0.41565275 0.18222722 0.35696822 0.5964497 ],0.4072502665046614,[0.37912418 0.31034483 0.37922078 0.56031128],0.3909263462926098,[0.45997089 0.12898089 0.33718245 0.63757116],,0.42777347564697266,0.37208744720659515,[0.40570999 0.15686275 0.34539374 0.58038331],0.3856871318657509,[0.37361624 0.26062323 0.36270754 0.54580153],0.3763330073219473,[0.44383562 0.11219512 0.32965757 0.61964372],20,15,4,gaussian_random_projection,15,8,['timeline_index'],[None],False,1,384,True,12,1,"(256, 256)",0.5,0.0001,12,focal,2,True,5,Conv1d,,concatenation,64,25
0,,0.42503073811531067,0.3648740068954802,[0.38707308 0.11751412 0.39091237 0.56399645],0.37252826574081394,[0.39065975 0.20233463 0.36770692 0.52941176],0.37175345383997327,[0.38355167 0.08280255 0.41724403 0.60341556],,0.42172226309776306,0.36137162232757414,[0.37588452 0.12170754 0.38540841 0.56248603],0.37652954431878727,[0.38875878 0.23843416 0.3538835  0.52504174],0.36858086251939826,[0.36383562 0.08170732 0.42309925 0.60568127],20,15,4,gaussian_random_projection,15,8,['timeline_index'],[None],False,1,384,True,12,1,"(256, 256)",0.5,0.0001,123,focal,2,True,5,Conv1d,,concatenation,64,25
0,,0.6403113603591919,0.5990938789077331,[0.6315059  0.41142857 0.52931727 0.82412378],0.6004250214038274,[0.60344828 0.42211055 0.55331654 0.82282472],0.5990785006745807,[0.66229985 0.40127389 0.50731332 0.82542694],,0.6426687240600586,0.6045942002285064,[0.61919831 0.42857143 0.53133433 0.83927273],0.6051964954255721,[0.59684799 0.42909535 0.54962779 0.84521484],0.6047423534473904,[0.64328767 0.42804878 0.51421938 0.83341358],20,15,4,gaussian_random_projection,15,8,['timeline_index'],[None],False,1,384,True,12,1,"(256, 256)",0.5,0.0005,1,focal,2,True,5,Conv1d,,concatenation,64,26
0,,0.6298648118972778,0.5919299132542128,[0.59759212 0.41631973 0.52105852 0.83274928],0.5948440409632403,[0.59912217 0.43630017 0.5050578  0.83889602],0.5897393109113499,[0.59606987 0.39808917 0.53810624 0.82669197],,0.6291698813438416,0.5918497396679326,[0.60228222 0.41409147 0.52382295 0.82720232],0.5931851986820025,[0.61199095 0.4197995  0.50932018 0.83163017],0.5908526326864154,[0.59287671 0.40853659 0.53917586 0.82282138],20,15,4,gaussian_random_projection,15,8,['timeline_index'],[None],False,1,384,True,12,1,"(256, 256)",0.5,0.0005,12,focal,2,True,5,Conv1d,,concatenation,64,26
0,,0.6515772342681885,0.6123223884712563,[0.64885496 0.43008994 0.5391924  0.83115225],0.6139932706584248,[0.62002653 0.44201681 0.55501222 0.83891753],0.6117658871751082,[0.68049491 0.41878981 0.52424942 0.82352941],,0.6600465774536133,0.6187502940937808,[0.66770347 0.42723298 0.54341906 0.83664566],0.6203611607143301,[0.63354648 0.43790013 0.5676359  0.84236213],0.6187542089611069,[0.70575342 0.41707317 0.52118398 0.83100626],20,15,4,gaussian_random_projection,15,8,['timeline_index'],[None],False,1,384,True,12,1,"(256, 256)",0.5,0.0005,123,focal,2,True,5,Conv1d,,concatenation,64,26
0,,0.7267513275146484,0.6938138231804512,[0.73942898 0.51488335 0.65854559 0.86239737],0.6960483642556887,[0.73438622 0.5203252  0.63262411 0.89685792],0.6928161803730284,[0.74454148 0.50955414 0.68668206 0.83048703],,0.7292474508285522,0.6965742509703183,[0.74932028 0.52141527 0.65200445 0.863557  ],0.6992833428652301,[0.74365893 0.53097345 0.62653826 0.89596273],0.6950764368057546,[0.75506849 0.51219512 0.67962855 0.83341358],20,15,4,gaussian_random_projection,15,8,['timeline_index'],[None],False,1,384,True,12,1,"(256, 256)",0.1,0.001,1,focal,2,True,5,Conv1d,,concatenation,64,27
0,,0.7300286889076233,0.6984327095328129,[0.7449422  0.52773376 0.66017964 0.86087524],0.6992907577493193,[0.73959828 0.52523659 0.64238893 0.88993923],0.6983130251687591,[0.7503639  0.53025478 0.67898383 0.83364959],,0.7315748929977417,0.6987842222276426,[0.74746922 0.52286774 0.66035107 0.86444886],0.7009835994345227,[0.74644809 0.53007519 0.63504823 0.89236289],0.697582235144246,[0.74849315 0.51585366 0.68775392 0.83822821],20,15,4,gaussian_random_projection,15,8,['timeline_index'],[None],False,1,384,True,12,1,"(256, 256)",0.1,0.001,12,focal,2,True,5,Conv1d,,concatenation,64,27
0,,0.7126177549362183,0.6838922240710285,[0.73340749 0.51902174 0.62599681 0.85714286],0.6819832730741697,[0.74754346 0.45260664 0.64929694 0.87848606],0.6922999057217623,[0.71979622 0.60828025 0.60431101 0.83681214],,0.7103180885314941,0.6797979255897074,[0.7312009  0.50475185 0.62236725 0.86087171],0.6779809715772065,[0.7492812  0.44506518 0.63652913 0.88104839],0.6868299284317816,[0.7139726  0.58292683 0.60882182 0.84159846],20,15,4,gaussian_random_projection,15,8,['timeline_index'],[None],False,1,384,True,12,1,"(256, 256)",0.1,0.001,123,focal,2,True,5,Conv1d,,concatenation,64,27
0,,0.40352314710617065,0.35751438304615757,[0.39286963 0.18415418 0.33455732 0.51847641],0.37143046927152557,[0.37794217 0.28104575 0.35590278 0.47083118],0.35961123025046815,[0.40902475 0.13694268 0.31562741 0.57685009],,0.40543055534362793,0.3540805195613525,[0.39758403 0.16736402 0.32483475 0.52653928],0.3685600670534768,[0.38174483 0.26666667 0.35488308 0.47094569],0.3583095801714353,[0.41479452 0.12195122 0.29947766 0.59701493],20,15,4,gaussian_random_projection,15,8,['timeline_index'],[None],False,1,384,True,12,1,"(256, 256)",0.1,0.0001,1,focal,2,True,5,Conv1d,,concatenation,64,28
0,,0.42134371399879456,0.3514006667390549,[0.41783439 0.0817942  0.34232122 0.56365286],0.3743795849404691,[0.37146093 0.23846154 0.34761905 0.53997683],0.36337098961102743,[0.47743814 0.04936306 0.33718245 0.58950032],,0.42373934388160706,0.3537356052044293,[0.42173913 0.07992008 0.35665781 0.5566254 ],0.3730930260871894,[0.37710583 0.22099448 0.36298077 0.53129103],0.365546221643723,[0.47835616 0.04878049 0.35055136 0.58449687],20,15,4,gaussian_random_projection,15,8,['timeline_index'],[None],False,1,384,True,12,1,"(256, 256)",0.1,0.0001,12,focal,2,True,5,Conv1d,,concatenation,64,28
0,,0.3844735622406006,0.3004284819470475,[0.24463119 0.03221083 0.39758343 0.52728848],0.335919330642964,[0.34114583 0.2        0.31740928 0.48512221],0.3294075788670222,[0.19068413 0.01751592 0.53194765 0.57748261],,0.39425912499427795,0.3095171816668675,[0.25278276 0.04264871 0.39948119 0.54315606],0.362195092472493,[0.36666667 0.26760563 0.31829142 0.49621665],0.3380562730267785,[0.19287671 0.02317073 0.53627394 0.59990371],20,15,4,gaussian_random_projection,15,8,['timeline_index'],[None],False,1,384,True,12,1,"(256, 256)",0.1,0.0001,123,focal,2,True,5,Conv1d,,concatenation,64,28
0,,0.5931994915008545,0.5469739246546182,[0.55041263 0.31884058 0.5166785  0.80196399],0.5557247967961401,[0.5428167  0.3697479  0.47926267 0.83107191],0.5434340251001415,[0.55822416 0.28025478 0.5604311  0.77482606],,0.5968968272209167,0.5521891413415871,[0.55916917 0.33013699 0.51038892 0.80906149],0.5609193384716397,[0.55779716 0.3765625  0.47168882 0.83762887],0.5482089448137515,[0.56054795 0.29390244 0.55600696 0.78237843],20,15,4,gaussian_random_projection,15,8,['timeline_index'],[None],False,1,384,True,12,1,"(256, 256)",0.1,0.0005,1,focal,2,True,5,Conv1d,,concatenation,64,29
0,,0.6212617754936218,0.5736415478992685,[0.60331126 0.37190083 0.4910333  0.8283208 ],0.5779908849154323,[0.55346294 0.38659794 0.55129434 0.82060832],0.5750339338285444,[0.66302766 0.35828025 0.44264819 0.83617963],,0.6172226667404175,0.5709585124531233,[0.60165455 0.37191651 0.49027734 0.81998566],0.574762411218531,[0.55452865 0.38633377 0.54384724 0.81433998],0.5720238896097065,[0.65753425 0.35853659 0.44631457 0.82571016],20,15,4,gaussian_random_projection,15,8,['timeline_index'],[None],False,1,384,True,12,1,"(256, 256)",0.1,0.0005,12,focal,2,True,5,Conv1d,,concatenation,64,29
0,,0.6259729862213135,0.582284684743851,[0.5961401  0.36837533 0.53964758 0.82497574],0.5877970551010543,[0.58567416 0.40535373 0.51578947 0.84437086],0.5792094979332025,[0.6069869  0.33757962 0.56581986 0.80645161],,0.6231186985969543,0.5786439137110955,[0.5978836  0.3646185  0.53134664 0.82072692],0.5848345719318284,[0.57800512 0.40847201 0.51526718 0.83759398],0.575358529522499,[0.61917808 0.32926829 0.54846198 0.80452576],20,15,4,gaussian_random_projection,15,8,['timeline_index'],[None],False,1,384,True,12,1,"(256, 256)",0.1,0.0005,123,focal,2,True,5,Conv1d,,concatenation,64,29
0,,0.718967616558075,0.6879868006116929,[0.71565987 0.51309707 0.66072701 0.86246325],0.6908049717214271,[0.75918367 0.49701493 0.6151294  0.89189189],0.6889127873307679,[0.6768559  0.53025478 0.71362587 0.83491461],,0.7244375348091125,0.6940774251022077,[0.73265602 0.5244123  0.65316995 0.86607143],0.6985562186117638,[0.77901235 0.51847437 0.60364353 0.89309463],0.6935449522403664,[0.69150685 0.5304878  0.71154962 0.84063553],20,15,4,gaussian_random_projection,15,8,['timeline_index'],[None],False,1,384,True,12,1,"(512, 512)",0.5,0.001,1,focal,2,True,5,Conv1d,,concatenation,64,30
0,,0.7160999774932861,0.6797144869143197,[0.73062218 0.48831169 0.63560248 0.86432161],0.6890191165054593,[0.69926813 0.53510436 0.60290055 0.91880342],0.675489808488053,[0.76491994 0.44904459 0.67205543 0.81593928],,0.7238169312477112,0.6880725411318054,[0.74060447 0.50336474 0.64184009 0.86648087],0.6987962285727815,[0.71161616 0.56156156 0.60756869 0.9144385 ],0.6829160335076758,[0.77205479 0.45609756 0.68020894 0.82330284],20,15,4,gaussian_random_projection,15,8,['timeline_index'],[None],False,1,384,True,12,1,"(512, 512)",0.5,0.001,12,focal,2,True,5,Conv1d,,concatenation,64,30
0,,0.7199918031692505,0.6874705803940309,[0.72838177 0.52093802 0.64425563 0.85630689],0.6920135990237267,[0.71832979 0.54946996 0.61931818 0.88093645],0.6845611701148918,[0.73871907 0.49522293 0.6712856  0.83301708],,0.7168347835540771,0.6831731603699319,[0.72737246 0.50803859 0.63623941 0.86104218],0.6888007064895761,[0.72817133 0.53741497 0.60123967 0.88837686],0.679796991222078,[0.72657534 0.48170732 0.67556587 0.83533943],20,15,4,gaussian_random_projection,15,8,['timeline_index'],[None],False,1,384,True,12,1,"(512, 512)",0.5,0.001,123,focal,2,True,5,Conv1d,,concatenation,64,30
0,,0.40495699644088745,0.336142267753093,[0.39022584 0.1039604  0.31618257 0.53420026],0.35675648319496556,[0.3971364  0.23333333 0.34293429 0.45362191],0.3483305157643244,[0.38355167 0.06687898 0.29330254 0.64958887],,0.4133436679840088,0.35102219777306615,[0.38079378 0.13896714 0.34663342 0.53769446],0.3803125255653662,[0.38582677 0.30204082 0.37441077 0.45897174],0.35946007257038143,[0.37589041 0.0902439  0.32269298 0.649013  ],20,15,4,gaussian_random_projection,15,8,['timeline_index'],[None],False,1,384,True,12,1,"(512, 512)",0.5,0.0001,1,focal,2,True,5,Conv1d,,concatenation,64,31
0,,0.4223678708076477,0.3646545007037469,[0.44164223 0.16375546 0.29485396 0.55836635],0.3849280989461057,[0.36984283 0.26041667 0.37062937 0.53882353],0.372911380098181,[0.54803493 0.11942675 0.2448037  0.57938014],,0.4193948805332184,0.35553890204811633,[0.43499446 0.12964564 0.29567643 0.56183908],0.37388221346568135,[0.36505576 0.22255193 0.37030568 0.53761549],0.36599415012267544,[0.53808219 0.09146341 0.24608241 0.58834858],20,15,4,gaussian_random_projection,15,8,['timeline_index'],[None],False,1,384,True,12,1,"(512, 512)",0.5,0.0001,12,focal,2,True,5,Conv1d,,concatenation,64,31
0,,0.4047521650791168,0.32880824049644775,[0.40298993 0.06388889 0.32172043 0.52663372],0.360973484378804,[0.36406342 0.25       0.36452242 0.4653081 ],0.3455883405584118,[0.45123726 0.0366242  0.28791378 0.60657812],,0.42125678062438965,0.33551068113616694,[0.40610153 0.04496788 0.32306195 0.56791137],0.3546769827131272,[0.37350506 0.18421053 0.36617647 0.49481587],0.3564794285372531,[0.44493151 0.02560976 0.28903076 0.66634569],20,15,4,gaussian_random_projection,15,8,['timeline_index'],[None],False,1,384,True,12,1,"(512, 512)",0.5,0.0001,123,focal,2,True,5,Conv1d,,concatenation,64,31
0,,0.6376485228538513,0.5986698768136436,[0.61373835 0.4167364  0.53776908 0.82643568],0.6020964943559176,[0.58371635 0.43915344 0.54697452 0.83854167],0.5967638610020218,[0.64701601 0.39649682 0.52886836 0.81467426],,0.6414274573326111,0.5972781461759091,[0.63121874 0.39071567 0.53529412 0.83188406],0.5998098076547853,[0.60739615 0.41450068 0.54263566 0.83470674],0.5959318697457001,[0.6569863  0.3695122  0.52814858 0.8290804 ],20,15,4,gaussian_random_projection,15,8,['timeline_index'],[None],False,1,384,True,12,1,"(512, 512)",0.5,0.0005,1,focal,2,True,5,Conv1d,,concatenation,64,32
0,,0.626587450504303,0.5861952559033399,[0.6127285  0.42320261 0.48169717 0.82715273],0.5883291818891787,[0.57278481 0.43456376 0.5239819  0.82198626],0.5872983189562176,[0.65866084 0.41242038 0.44572748 0.83238457],,0.622963547706604,0.5803345546046785,[0.60279543 0.3956605  0.49737086 0.82551143],0.5837104366280607,[0.56208531 0.41499331 0.53245033 0.8253128 ],0.5800624818831462,[0.64986301 0.37804878 0.46662797 0.82571016],20,15,4,gaussian_random_projection,15,8,['timeline_index'],[None],False,1,384,True,12,1,"(512, 512)",0.5,0.0005,12,focal,2,True,5,Conv1d,,concatenation,64,32
0,,0.6505530476570129,0.6119769974027623,[0.64522822 0.43781095 0.53222618 0.83264265],0.6144645004637838,[0.61462451 0.4567474  0.54715447 0.83933162],0.6108929405156563,[0.6790393  0.42038217 0.51809084 0.82605946],,0.6546159982681274,0.6142108296981241,[0.6468285  0.42416452 0.55247642 0.83337387],0.6174033838169645,[0.61764706 0.44836957 0.56141402 0.84218289],0.6124773215127055,[0.67890411 0.40243902 0.54381892 0.82474723],20,15,4,gaussian_random_projection,15,8,['timeline_index'],[None],False,1,384,True,12,1,"(512, 512)",0.5,0.0005,123,focal,2,True,5,Conv1d,,concatenation,64,32
0,,0.7244981527328491,0.6964882132290765,[0.73423423 0.54659358 0.65222181 0.85290323],0.6974487099494817,[0.75813953 0.53775039 0.62359551 0.87030941],0.6968263203989251,[0.71179039 0.55573248 0.68360277 0.83617963],,0.7244375348091125,0.6940856095895034,[0.74225632 0.52832439 0.64953013 0.8562316 ],0.6952162604186561,[0.77095632 0.51691949 0.62005277 0.87293647],0.6944911240551213,[0.71561644 0.5402439  0.68195009 0.84015407],20,15,4,gaussian_random_projection,15,8,['timeline_index'],[None],False,1,384,True,12,1,"(512, 512)",0.1,0.001,1,focal,2,True,5,Conv1d,,concatenation,64,33
0,,0.7322818636894226,0.6989260776787081,[0.74862259 0.528026   0.65808967 0.86096606],0.7013773354874906,[0.71045752 0.53897181 0.66666667 0.88941335],0.6981623501531642,[0.79112082 0.51751592 0.64973056 0.8342821 ],,0.7261443138122559,0.6897291198561237,[0.74610592 0.50415867 0.64531025 0.86334165],0.6941255897817991,[0.70892945 0.53028264 0.64179104 0.89549922],0.687541723868487,[0.78739726 0.4804878  0.64886825 0.83341358],20,15,4,gaussian_random_projection,15,8,['timeline_index'],[None],False,1,384,True,12,1,"(512, 512)",0.1,0.001,12,focal,2,True,5,Conv1d,,concatenation,64,33
0,,0.719172477722168,0.6878477209043317,[0.74762408 0.51997197 0.62572614 0.8580687 ],0.6866647198600375,[0.72392638 0.46433041 0.67866787 0.87973422],0.6953953119973545,[0.77292576 0.59076433 0.5804465  0.83744466],,0.7204034328460693,0.6882533854466122,[0.74626068 0.5135428  0.62480858 0.86840149],0.6865602076548456,[0.72798332 0.4619883  0.6614786  0.8947906 ],0.6947608150820135,[0.76547945 0.57804878 0.59199071 0.84352431],20,15,4,gaussian_random_projection,15,8,['timeline_index'],[None],False,1,384,True,12,1,"(512, 512)",0.1,0.001,123,focal,2,True,5,Conv1d,,concatenation,64,33
0,,0.41560834646224976,0.37237762120864526,[0.39031339 0.18122977 0.38559322 0.5323741 ],0.3864643968792538,[0.38214784 0.28093645 0.35616438 0.52660891],0.37279593095727115,[0.39883552 0.13375796 0.42032333 0.53826692],,0.41846391558647156,0.3723055948398885,[0.40810883 0.1650165  0.38135819 0.53473886],0.3843155585879001,[0.39760915 0.25510204 0.3523622  0.53218884],0.3734992500888088,[0.41917808 0.12195122 0.41555427 0.53731343],20,15,4,gaussian_random_projection,15,8,['timeline_index'],[None],False,1,384,True,12,1,"(512, 512)",0.1,0.0001,1,focal,2,True,5,Conv1d,,concatenation,64,34
0,,0.433224081993103,0.38529097981946114,[0.42349817 0.19957537 0.34896046 0.56912992],0.39938421336360375,[0.38926174 0.29936306 0.37088388 0.53802817],0.3868878795697339,[0.4643377  0.14968153 0.32948422 0.60404807],,0.42606672644615173,0.37792877303653505,[0.41089728 0.19236884 0.33915212 0.56929686],0.38925029213779416,[0.37775735 0.27625571 0.36632997 0.53665814],0.37996576248966935,[0.45041096 0.14756098 0.31572838 0.60616273],20,15,4,gaussian_random_projection,15,8,['timeline_index'],[None],False,1,384,True,12,1,"(512, 512)",0.1,0.0001,12,focal,2,True,5,Conv1d,,concatenation,64,34
0,,0.41990986466407776,0.3478543027809203,[0.38661445 0.06756757 0.38992806 0.54730713],0.3686480760996191,[0.37839721 0.22321429 0.36596894 0.50701187],0.361702465606741,[0.39519651 0.03980892 0.41724403 0.5945604 ],,0.4211016297340393,0.3538871754921342,[0.39104955 0.09211873 0.37712436 0.55525606],0.3849679600229393,[0.38050804 0.2866242  0.35231855 0.52042105],0.36446166357378695,[0.40219178 0.05487805 0.40568775 0.59508907],20,15,4,gaussian_random_projection,15,8,['timeline_index'],[None],False,1,384,True,12,1,"(512, 512)",0.1,0.0001,123,focal,2,True,5,Conv1d,,concatenation,64,34
0,,0.6276116371154785,0.5849618204256747,[0.61527967 0.38742566 0.52294304 0.81419891],0.5888747047000832,[0.57894737 0.41530055 0.53783564 0.82341527],0.5833935793903128,[0.65647744 0.36305732 0.50885296 0.80518659],,0.6257563829421997,0.5809619650697595,[0.60882957 0.37659718 0.51546392 0.8229572 ],0.5868088257194992,[0.57267021 0.4197901  0.52332536 0.83144963],0.5784495236226022,[0.64986301 0.34146341 0.50783517 0.81463649],20,15,4,gaussian_random_projection,15,8,['timeline_index'],[None],False,1,384,True,12,1,"(512, 512)",0.1,0.0005,1,focal,2,True,5,Conv1d,,concatenation,64,35
0,,0.6194182634353638,0.5837629633137337,[0.59298378 0.41486989 0.51198763 0.81521056],0.582279904792268,[0.61550509 0.38912134 0.51437451 0.81011868],0.5865773902123311,[0.5720524  0.44426752 0.50962279 0.82036686],,0.6269976496696472,0.5905995755316218,[0.59439144 0.40586246 0.53861499 0.82352941],0.5900817888533112,[0.62913097 0.37735849 0.52911534 0.82472236],0.5932784899308408,[0.56328767 0.43902439 0.54846198 0.82233991],20,15,4,gaussian_random_projection,15,8,['timeline_index'],[None],False,1,384,True,12,1,"(512, 512)",0.1,0.0005,12,focal,2,True,5,Conv1d,,concatenation,64,35
0,,0.6534207463264465,0.613410290899826,[0.63904899 0.42040457 0.56631348 0.82787412],0.6204984229407464,[0.63266762 0.46954813 0.53894298 0.84083496],0.6095133007265096,[0.64556041 0.38057325 0.59661278 0.81530677],,0.6645461320877075,0.6212322172216501,[0.65805757 0.41124058 0.58034235 0.83528837],0.6293694073335414,[0.64640592 0.46948357 0.55344918 0.84813896],0.6171986525831021,[0.67013699 0.36585366 0.60998259 0.82282138],20,15,4,gaussian_random_projection,15,8,['timeline_index'],[None],False,1,384,True,12,1,"(512, 512)",0.1,0.0005,123,focal,2,True,5,Conv1d,,concatenation,64,35
