,loss,accuracy,f1,f1_scores,precision,precision_scores,recall,recall_scores,valid_loss,valid_accuracy,valid_f1,valid_f1_scores,valid_precision,valid_precision_scores,valid_recall,valid_recall_scores,k,num_layers,bidirectional,hidden_dim,dropout_rate,learning_rate,seed,loss_function,gamma,k_fold,n_splits,batch_size,model_id
0,,0.6308489441871643,0.5204051117714805,[0.75574572 0.48032995 0.32513966],0.5175292181663799,[0.76642698 0.49251789 0.29364279],0.5260979989703962,[0.74535809 0.46873065 0.36420526],,0.7229994535446167,0.6582935297362399,[0.80366636 0.62647325 0.54474097],0.6519377015912465,[0.81245367 0.63863216 0.50472727],0.6671603796633642,[0.7950671  0.61476868 0.59164535],50,1,True,100,0.5,0.001,0,focal,2,True,5,64,0
0,,0.6206371188163757,0.5246759701356964,[0.73820281 0.49391727 0.34190782],0.5180061727119133,[0.7696938  0.48535565 0.29896907],0.5370742677984717,[0.70918736 0.50278638 0.39924906],,0.7236709594726562,0.6647805351633242,[0.80212409 0.63113852 0.561079  ],0.65387104096945,[0.82471264 0.62494549 0.51195499],0.6796087705886485,[0.78073993 0.63745552 0.62063086],50,1,True,100,0.5,0.001,1,focal,2,True,5,64,0
0,,0.6328303813934326,0.5242852460827121,[0.74758823 0.49774572 0.32752179],0.5222805386844923,[0.75729837 0.48364486 0.32589839],0.5266596317624258,[0.73812395 0.5126935  0.32916145],,0.7231113314628601,0.6608590107444633,[0.80099411 0.6284965  0.55308642],0.6551916092632327,[0.81327103 0.61769759 0.53460621],0.6672173589167546,[0.78908234 0.63967972 0.57289003],50,1,True,100,0.5,0.001,12,focal,2,True,5,64,0
0,,0.6194177865982056,0.5111278530506195,[0.74414039 0.47126072 0.31798246],0.508083585537872,[0.75762119 0.48370274 0.28292683],0.5178424515336126,[0.73113094 0.45944272 0.36295369],,0.7179630398750305,0.656090012988728,[0.79918413 0.62471604 0.54436987],0.6465459661568366,[0.81752656 0.63834726 0.48376408],0.6718791375316843,[0.78164672 0.6116548  0.62233589],50,1,True,100,0.5,0.001,123,focal,2,True,5,64,0
0,,0.6229233145713806,0.5156345884722832,[0.74524715 0.47690858 0.32474804],0.5120794114287631,[0.75836246 0.48405612 0.29381966],0.5218334998077826,[0.73257777 0.46996904 0.36295369],,0.7143816351890564,0.6547560206898289,[0.79426913 0.62489045 0.54510849],0.643084999273886,[0.82110358 0.61571675 0.49243466],0.6712918115760295,[0.76913312 0.63434164 0.61040068],50,1,True,100,0.5,0.001,1234,focal,2,True,5,64,0
0,,0.6201798319816589,0.5155514443205466,[0.73900293 0.47561364 0.33203776],0.5125396108857545,[0.74907109 0.49014455 0.29840319],0.5217797031697802,[0.72920183 0.4619195  0.37421777],,0.7159485220909119,0.6507957473811476,[0.7952468  0.62480018 0.53234026],0.6454635936970331,[0.80169554 0.64195214 0.49274311],0.6587665115335942,[0.78890098 0.60854093 0.57885763],50,1,True,100,0.5,0.0001,0,focal,2,True,5,64,1
0,,0.5944215655326843,0.5008917251357451,[0.71322324 0.46242775 0.32702419],0.49457679150290995,[0.74722662 0.45454545 0.2819583 ],0.5140015566842203,[0.68217989 0.47058824 0.38923655],,0.7052042484283447,0.6459626439806913,[0.78340062 0.6261291  0.52835821],0.6340692989541968,[0.81214717 0.62025316 0.46980756],0.6641058381155734,[0.75661951 0.63211744 0.60358056],50,1,True,100,0.5,0.0001,1,focal,2,True,5,64,1
0,,0.6037189364433289,0.49530220999297586,[0.72643789 0.43435663 0.32511211],0.4940030278730618,[0.72802131 0.45957153 0.29441624],0.4998599145161659,[0.72486135 0.41176471 0.36295369],,0.7103525400161743,0.6461239874944179,[0.79021106 0.61008206 0.53807884],0.6420064636535253,[0.79280759 0.64501735 0.48819444],0.6552287087885386,[0.78763148 0.57873665 0.59931799],50,1,True,100,0.5,0.0001,12,focal,2,True,5,64,1
0,,0.6122542023658752,0.5096523980186652,[0.72974614 0.45469203 0.34451902],0.5070156734156207,[0.73519334 0.47442799 0.31142568],0.5154644764206625,[0.72437907 0.43653251 0.38548185],,0.7000559568405151,0.6367984945185731,[0.78177635 0.60174954 0.5268696 ],0.6294514254956133,[0.79368342 0.6235687  0.47110215],0.6497466357214173,[0.77022125 0.58140569 0.59761296],50,1,True,100,0.5,0.0001,123,focal,2,True,5,64,1
0,,0.6090534925460815,0.5092247684596543,[0.73117479 0.46067064 0.33582888],0.5041642230959301,[0.75293817 0.46637056 0.29318394],0.5195779305249174,[0.71063419 0.45510836 0.39299124],,0.701734721660614,0.6449431127787497,[0.77965144 0.61827008 0.53690782],0.632074646312796,[0.81121349 0.61339755 0.4716129 ],0.6656208125779749,[0.75045339 0.62322064 0.62318841],50,1,True,100,0.5,0.0001,1234,focal,2,True,5,64,1
0,,0.6230757236480713,0.5240263469075478,[0.74318294 0.47854682 0.35034927],0.5185753376743548,[0.76460087 0.48415716 0.30696798],0.5346690893897134,[0.72293224 0.47306502 0.40801001],,0.7207610607147217,0.6602208828832618,[0.79881383 0.63349842 0.5483504 ],0.6506329469293438,[0.81675194 0.64129444 0.49385246],0.674634894535605,[0.78164672 0.62588968 0.61636829],50,1,True,100,0.5,0.0005,0,focal,2,True,5,64,2
0,,0.6078341603279114,0.5115112425076828,[0.72628108 0.49375372 0.31449893],0.5050439121414185,[0.76612256 0.47510017 0.27390901],0.5245073299560646,[0.69037859 0.51393189 0.36921151],,0.7157247066497803,0.6625324425489211,[0.79143265 0.63483871 0.56132597],0.6471835231485695,[0.83289922 0.61448793 0.49416342],0.6866997213131891,[0.75389917 0.65658363 0.64961637],50,1,True,100,0.5,0.0005,1,focal,2,True,5,64,2
0,,0.6288675665855408,0.5170064115956435,[0.74906095 0.47987421 0.32208407],0.5153195643258743,[0.75280078 0.48753994 0.30561798],0.5194098141780022,[0.74535809 0.47244582 0.34042553],,0.7204253077507019,0.6579576652619609,[0.79886374 0.6254562  0.54955305],0.6514085560302817,[0.80737174 0.64185393 0.505     ],0.6677122269429295,[0.79053319 0.60987544 0.60272805],50,1,True,100,0.5,0.0005,12,focal,2,True,5,64,2
0,,0.6076817512512207,0.5070537674827795,[0.73174978 0.46368538 0.32572614],0.5029787115611516,[0.75552131 0.47529259 0.27812223],0.5183504401760434,[0.7094285  0.45263158 0.39299124],,0.7116955518722534,0.6557659259730798,[0.79053098 0.62407862 0.55268817],0.6423627746119691,[0.82354097 0.62673845 0.47680891],0.6795985240177482,[0.76006529 0.62144128 0.657289  ],50,1,True,100,0.5,0.0005,123,focal,2,True,5,64,2
0,,0.6233806014060974,0.5123096472655241,[0.74781977 0.45861514 0.33049404],0.5105416115408913,[0.75127768 0.47785235 0.3024948 ],0.5164885557109049,[0.74439354 0.44086687 0.36420526],,0.7278119921684265,0.6669832737460987,[0.80519956 0.6280543  0.56769596],0.6606382800919413,[0.812939   0.63904236 0.52993348],0.6754323376436178,[0.79760609 0.61743772 0.6112532 ],50,1,True,100,0.5,0.0005,1234,focal,2,True,5,64,2
0,,0.6171315312385559,0.5254905100441057,[0.7341901  0.48927536 0.35300607],0.517578803284908,[0.77720905 0.4599455  0.31558185],0.5395949572317945,[0.69568363 0.52260062 0.40050063],,0.7116955518722534,0.6574746854217586,[0.78893462 0.63140218 0.55208725],0.6423706668799157,[0.83539428 0.59777424 0.49394347],0.6807184755101745,[0.74737033 0.66903915 0.62574595],50,1,True,100,0.2,0.001,0,focal,2,True,5,64,3
0,,0.6236854195594788,0.5201430426130349,[0.74241862 0.48774584 0.33026467],0.5150945181156863,[0.76271617 0.47692308 0.3056443 ],0.5271478615081894,[0.72317338 0.49907121 0.359199  ],,0.7157247066497803,0.6549911929362321,[0.79489092 0.62765724 0.54242542],0.6445512630460992,[0.81792018 0.61857451 0.49715909],0.6689646930677293,[0.77312296 0.63701068 0.59676044],50,1,True,100,0.2,0.001,1,focal,2,True,5,64,3
0,,0.6343545317649841,0.5219194582612309,[0.75158769 0.49717514 0.31699554],0.520748305501262,[0.76144519 0.47826087 0.32253886],0.5237562546785283,[0.74198216 0.51764706 0.31163955],,0.7229994535446167,0.6568069967839304,[0.80307749 0.62611729 0.54122622],0.6540337523602925,[0.81125093 0.61393758 0.53691275],0.659822228558887,[0.7950671  0.63879004 0.54560955],50,1,True,100,0.2,0.001,12,focal,2,True,5,64,3
0,,0.6282578706741333,0.5269029021231535,[0.75086677 0.48080554 0.3490364 ],0.5218197068075675,[0.77169763 0.48880358 0.3049579 ],0.5374019886743368,[0.73113094 0.47306502 0.40801001],,0.7186346054077148,0.657848423139449,[0.79921955 0.62505633 0.54926939],0.6475669218945249,[0.81939417 0.63333333 0.48997326],0.6739669422403863,[0.78001451 0.61699288 0.62489344],50,1,True,100,0.2,0.001,123,focal,2,True,5,64,3
0,,0.6224660873413086,0.5238482342910421,[0.74308698 0.49203965 0.33641807],0.517191402447348,[0.77605671 0.47782964 0.29768786],0.5355528655824625,[0.71280444 0.50712074 0.38673342],,0.721320629119873,0.6636243511126151,[0.79973834 0.63024086 0.56089385],0.6516316257748326,[0.82494698 0.63193202 0.49801587],0.6821757057889811,[0.77602466 0.62855872 0.64194373],50,1,True,100,0.2,0.001,1234,focal,2,True,5,64,3
0,,0.6105776429176331,0.5101214311063603,[0.73050346 0.46563193 0.33422891],0.5058462777287935,[0.74804145 0.4766537  0.29284369],0.5193712981487627,[0.71376899 0.45510836 0.38923655],,0.7143816351890564,0.6518429896555732,[0.79378871 0.62595764 0.53578263],0.6432609190472024,[0.80942507 0.63424658 0.48611111],0.6644626727600987,[0.77874501 0.61788256 0.59676044],50,1,True,100,0.2,0.0001,0,focal,2,True,5,64,4
0,,0.6110349297523499,0.5136161310783085,[0.72953471 0.47604134 0.33527234],0.5084830476499171,[0.7535338  0.48162231 0.29029304],0.5247837628399538,[0.70701712 0.47058824 0.39674593],,0.7094572186470032,0.6492121397470457,[0.78866171 0.62184874 0.53712597],0.6393326373079797,[0.80880671 0.63526682 0.47392438],0.6660866466816773,[0.76949583 0.60898577 0.61977835],50,1,True,100,0.2,0.0001,1,focal,2,True,5,64,4
0,,0.5989940762519836,0.5043294300418573,[0.71846594 0.45073969 0.34378265],0.49874829516365143,[0.74279094 0.45838668 0.29506726],0.5169306619504122,[0.69568363 0.44334365 0.41176471],,0.704420804977417,0.6455440180944595,[0.78317635 0.61510872 0.53834698],0.6346454217400915,[0.80610482 0.61997289 0.47785856],0.6627349039584006,[0.76151614 0.61032028 0.61636829],50,1,True,100,0.2,0.0001,12,focal,2,True,5,64,4
0,,0.6181984543800354,0.5164928867669809,[0.73460464 0.46298092 0.3518931 ],0.5138257961985923,[0.74008811 0.48443843 0.31695085],0.5226799512869441,[0.72920183 0.44334365 0.39549437],,0.7011751532554626,0.6374216784263628,[0.78263274 0.60589569 0.5237366 ],0.6297048188546438,[0.79583802 0.61794635 0.47533009],0.6490949321063356,[0.76985854 0.59430605 0.5831202 ],50,1,True,100,0.2,0.0001,123,focal,2,True,5,64,4
0,,0.609663188457489,0.5067983394983661,[0.73171327 0.44545455 0.3432272 ],0.5037281282500312,[0.74121722 0.46825939 0.30170778],0.5150717541859827,[0.72244996 0.4247678  0.3979975 ],,0.7100167870521545,0.6436081425027305,[0.79166667 0.61386593 0.52529183],0.6384062562385572,[0.79779006 0.63425047 0.48317824],0.6519450071640218,[0.78563656 0.59475089 0.57544757],50,1,True,100,0.2,0.0001,1234,focal,2,True,5,64,4
0,,0.615302562713623,0.5165824275732734,[0.73705179 0.47029549 0.3424    ],0.5109106331504101,[0.76190476 0.4725     0.29832714],0.527877544992405,[0.71376899 0.46811146 0.40175219],,0.7191941738128662,0.6614627696384116,[0.7968254  0.63017356 0.55738935],0.6497728298120732,[0.82120862 0.63045414 0.49765573],0.6790534030620433,[0.77384839 0.62989324 0.63341858],50,1,True,100,0.2,0.0005,0,focal,2,True,5,64,5
0,,0.6197226047515869,0.5161306174979899,[0.73897379 0.49298353 0.31643454],0.5110609061148444,[0.76217324 0.48586891 0.28514056],0.5242996089821409,[0.71714492 0.5003096  0.35544431],,0.7216563820838928,0.6622084560774232,[0.79940675 0.63051759 0.55670103],0.652319859098431,[0.81759575 0.63521445 0.50414938],0.6764608287382748,[0.78200943 0.62588968 0.62148338],50,1,True,100,0.2,0.0005,1,focal,2,True,5,64,5
0,,0.6374028325080872,0.5270957950625934,[0.75902155 0.48837971 0.33388612],0.5264701282623195,[0.76234493 0.51805556 0.2990099 ],0.5318730006050136,[0.75572703 0.4619195  0.37797247],,0.7259093523025513,0.6620003453601051,[0.80514974 0.63019391 0.55065739],0.656552950375377,[0.81077602 0.6549904  0.50389243],0.671266014542168,[0.79960102 0.60720641 0.60699062],50,1,True,100,0.2,0.0005,12,focal,2,True,5,64,5
0,,0.5916780829429626,0.5026090886274228,[0.71152359 0.47055394 0.32574974],0.4954974496707379,[0.76433121 0.4446281  0.27753304],0.519824853725896,[0.66554136 0.4996904  0.3942428 ],,0.7060996294021606,0.6537537275387498,[0.78343765 0.62787724 0.54994629],0.6373071173932692,[0.83514679 0.60270049 0.47407407],0.6825796670667436,[0.73775843 0.65524911 0.65473146],50,1,True,100,0.2,0.0005,123,focal,2,True,5,64,5
0,,0.6154549717903137,0.5081532644924024,[0.73768276 0.46833488 0.31844215],0.5042956350464677,[0.75200401 0.46732429 0.29355861],0.5137271855706196,[0.72389679 0.46934985 0.34793492],,0.7208729982376099,0.6618121113926141,[0.79869707 0.63062665 0.55611261],0.6512350889760499,[0.82030205 0.62565674 0.50774648],0.6761801187482216,[0.77820094 0.63567616 0.61466326],50,1,True,100,0.2,0.0005,1234,focal,2,True,5,64,5
0,,0.628410279750824,0.5300531854938949,[0.7479776  0.49143569 0.35074627],0.5242433429625625,[0.77289095 0.4943609  0.30547818],0.5416432683006827,[0.72462021 0.48854489 0.41176471],,0.7162842750549316,0.6588503562446704,[0.79600302 0.62897527 0.55157279],0.6454677745914045,[0.82881822 0.6245614  0.4830237 ],0.6806451825142504,[0.76568734 0.63345196 0.64279625],50,1,True,100,0.1,0.001,0,focal,2,True,5,64,6
0,,0.6308489441871643,0.5314339765810204,[0.74903763 0.49705973 0.34820457],0.5256799361112919,[0.77214542 0.49690594 0.30798845],0.5416623251153255,[0.72727273 0.49721362 0.40050063],,0.717291533946991,0.6557369648437936,[0.79855046 0.62306831 0.54559213],0.6455629158945997,[0.81878811 0.62742445 0.49047619],0.6709081936452486,[0.77928908 0.61877224 0.61466326],50,1,True,100,0.1,0.001,1,focal,2,True,5,64,6
0,,0.6345069408416748,0.5191156157797062,[0.75664572 0.48509829 0.31560284],0.5181210571085318,[0.75829499 0.49707602 0.29899216],0.520951845745315,[0.75500362 0.47368421 0.33416771],,0.7198656797409058,0.6489729097574578,[0.80390915 0.61673601 0.52627357],0.6470575344013166,[0.80223948 0.64196343 0.4969697 ],0.6527506462082497,[0.80558578 0.59341637 0.55924979],50,1,True,100,0.1,0.001,12,focal,2,True,5,64,6
0,,0.628410279750824,0.5249794385492169,[0.75125906 0.4784161  0.34526316],0.5220959918928609,[0.76564847 0.50272851 0.29791099],0.5347534737189229,[0.73740053 0.45634675 0.41051314],,0.721320629119873,0.6571947861653491,[0.80371939 0.62405151 0.54381346],0.6495389773436887,[0.81619297 0.64588291 0.48654105],0.6705457669358923,[0.79162133 0.60364769 0.61636829],50,1,True,100,0.1,0.001,123,focal,2,True,5,64,6
0,,0.6247523427009583,0.5284198618035162,[0.74467817 0.49457177 0.34600964],0.5213465642886672,[0.77953586 0.48206937 0.30243446],0.5415998980572665,[0.71280444 0.50773994 0.40425532],,0.7208729982376099,0.6638594847151643,[0.79984965 0.63216596 0.55956284],0.6508357635738221,[0.8299532  0.63400447 0.48854962],0.6856410000007913,[0.77185346 0.63033808 0.65473146],50,1,True,100,0.1,0.001,1234,focal,2,True,5,64,6
0,,0.6128638982772827,0.5118552066597593,[0.73264402 0.46598856 0.33693305],0.5077903604903592,[0.74830274 0.47877204 0.2962963 ],0.5206617598545803,[0.7176272  0.45386997 0.39048811],,0.7151650786399841,0.6522627420315626,[0.79508953 0.62511333 0.53658537],0.6440049799558866,[0.80958647 0.63724584 0.48518263],0.6649024381634853,[0.78110265 0.61343416 0.6001705 ],50,1,True,100,0.1,0.0001,0,focal,2,True,5,64,7
0,,0.6085962653160095,0.5120874307800645,[0.72611782 0.47450249 0.33564198],0.5065621762035422,[0.7509016  0.47657714 0.29220779],0.5232021319403687,[0.70291777 0.47244582 0.3942428 ],,0.7116955518722534,0.6513741632580131,[0.79029559 0.62455197 0.53927492],0.6412566335722569,[0.81064073 0.62906137 0.4840678 ],0.6665830316383133,[0.77094668 0.62010676 0.60869565],50,1,True,100,0.1,0.0001,1,focal,2,True,5,64,7
0,,0.5989940762519836,0.5060364435444918,[0.71689155 0.45696401 0.34425377],0.5001172222509469,[0.74384236 0.46202532 0.29448399],0.5193685448859225,[0.69182542 0.45201238 0.41426783],,0.7063234448432922,0.6478772547999531,[0.78436859 0.61827957 0.54098361],0.6368772874276803,[0.80741167 0.62274368 0.48047651],0.6651363715917579,[0.76260428 0.613879   0.61892583],50,1,True,100,0.1,0.0001,12,focal,2,True,5,64,7
0,,0.6177412271499634,0.5169707110636352,[0.73311347 0.46947766 0.348321  ],0.5131748330347362,[0.74282178 0.47728727 0.31941545],0.5228512942461186,[0.72365565 0.4619195  0.38297872],,0.7011751532554626,0.6373765625839213,[0.78269711 0.60739082 0.52204176],0.6291531133330247,[0.79811499 0.61163735 0.47770701],0.6488380123947491,[0.76786362 0.60320285 0.57544757],50,1,True,100,0.1,0.0001,123,focal,2,True,5,64,7
0,,0.605395495891571,0.5064147127764754,[0.72864758 0.45366795 0.33692861],0.5025542668507456,[0.7497449  0.47220362 0.28571429],0.5185835790607182,[0.70870509 0.43653251 0.41051314],,0.7067711353302002,0.6457109755457465,[0.78723799 0.61478777 0.53510717],0.6363681365765933,[0.80561883 0.631209   0.47227658],0.6620324249888808,[0.76967719 0.59919929 0.6172208 ],50,1,True,100,0.1,0.0001,1234,focal,2,True,5,64,7
0,,0.6282578706741333,0.5232317524290077,[0.75027503 0.47273894 0.34668129],0.5199099065578697,[0.76078334 0.49035263 0.30859375],0.5306313891946114,[0.74005305 0.45634675 0.39549437],,0.7233352065086365,0.6606717464131293,[0.80285296 0.62309469 0.55606759],0.65451297028857,[0.80966433 0.64793468 0.5059399 ],0.6711550035132539,[0.79615524 0.60008897 0.6172208 ],50,1,True,100,0.1,0.0005,0,focal,2,True,5,64,8
0,,0.6194177865982056,0.5158280026832617,[0.73893585 0.49074917 0.31779899],0.5106001096818289,[0.76263793 0.48097503 0.28818737],0.5239280603976493,[0.71666265 0.50092879 0.35419274],,0.721320629119873,0.6628734238857149,[0.79836157 0.63274336 0.55751534],0.6520735154515401,[0.82019893 0.62940141 0.50662021],0.6778520719918228,[0.77765687 0.636121   0.61977835],50,1,True,100,0.1,0.0005,1,focal,2,True,5,64,8
0,,0.641822874546051,0.5328970525544244,[0.75946305 0.4979039  0.3413242 ],0.5316758919318724,[0.76176613 0.51951548 0.31374607],0.5364700695629329,[0.75717386 0.47801858 0.37421777],,0.721768319606781,0.6569334779159414,[0.80141908 0.62073701 0.54864434],0.6528852361538053,[0.80397883 0.63932107 0.51535581],0.6628695668878305,[0.79887559 0.60320285 0.58653026],50,1,True,100,0.1,0.0005,12,focal,2,True,5,64,8
0,,0.6040237545967102,0.5069223680738887,[0.72552977 0.47443268 0.32080466],0.5008441029142352,[0.76064533 0.46390533 0.27798165],0.5193954432049237,[0.69351338 0.48544892 0.37922403],,0.7122551798820496,0.6583786468808895,[0.78977002 0.63180733 0.55355859],0.6428933310098119,[0.83343404 0.61668784 0.47855811],0.684858903915392,[0.75045339 0.64768683 0.65643649],50,1,True,100,0.1,0.0005,123,focal,2,True,5,64,8
0,,0.6329827904701233,0.5162790701403946,[0.7551798  0.4644393  0.32921811],0.5183143209162733,[0.74594213 0.49857955 0.31042129],0.5165873713731858,[0.76464914 0.43467492 0.35043805],,0.7219921946525574,0.6556438162466881,[0.80332761 0.6129483  0.55065554],0.6533044373385679,[0.80108206 0.64320626 0.515625  ],0.6605959577301457,[0.80558578 0.58540925 0.59079284],50,1,True,100,0.1,0.0005,1234,focal,2,True,5,64,8
0,,0.6256667971611023,0.5229357469817534,[0.74792106 0.48122137 0.3396648 ],0.5173492927011661,[0.77058824 0.4746988  0.30676085],0.531650201281251,[0.72654931 0.4879257  0.38047559],,0.7181869149208069,0.6563047237125447,[0.79918299 0.62469301 0.54503817],0.6464085512725157,[0.8187179  0.62707306 0.49343469],0.6705283970642258,[0.78055858 0.62233096 0.60869565],50,1,True,200,0.5,0.001,0,focal,2,True,5,64,9
0,,0.6256667971611023,0.5226578700011363,[0.7490674  0.48356375 0.33534247],0.5171409214092141,[0.7732991  0.47987805 0.29824561],0.5321977998454265,[0.72630817 0.4873065  0.38297872],,0.7129266858100891,0.6532892118536054,[0.79390597 0.61810936 0.5478523 ],0.6417423616344595,[0.81909354 0.61524901 0.49088454],0.6703320141298338,[0.77022125 0.62099644 0.61977835],50,1,True,200,0.5,0.001,1,focal,2,True,5,64,9
0,,0.6200274229049683,0.5142392892986509,[0.74585909 0.47537337 0.32148541],0.5108032046910287,[0.76515344 0.48825065 0.27900552],0.523298596739763,[0.72751387 0.46315789 0.37922403],,0.7119194269180298,0.6515948422746236,[0.79256561 0.62275986 0.53945906],0.6404606555731804,[0.81706143 0.62725632 0.47706422],0.6694846973249063,[0.76949583 0.6183274  0.62063086],50,1,True,200,0.5,0.001,12,focal,2,True,5,64,9
0,,0.6256667971611023,0.5235398927620242,[0.74913409 0.48262548 0.3388601 ],0.5201941599791248,[0.76911354 0.50234427 0.28912467],0.5346080823799115,[0.73016639 0.46439628 0.40926158],,0.7125909328460693,0.6524264875723508,[0.79610012 0.61793417 0.54324518],0.640882424529786,[0.82398603 0.63096894 0.46769231],0.6744594277173673,[0.7700399  0.60542705 0.64791134],50,1,True,200,0.5,0.001,123,focal,2,True,5,64,9
0,,0.6427373886108398,0.5328164325375867,[0.76227516 0.49180328 0.34437086],0.5305243311277352,[0.76843911 0.49134734 0.33178654],0.5354722680486056,[0.75620931 0.49226006 0.35794743],,0.7303861379623413,0.665959118009595,[0.80802712 0.6390169  0.55083333],0.6619736743763137,[0.81663271 0.63057601 0.53871231],0.6702667366010674,[0.79960102 0.64768683 0.56351236],50,1,True,200,0.5,0.001,1234,focal,2,True,5,64,9
0,,0.6037189364433289,0.4992195925570662,[0.72590584 0.4570715  0.31468144],0.49521264407791193,[0.74237459 0.46095718 0.28230616],0.5062823321413347,[0.71015192 0.45325077 0.35544431],,0.7081141471862793,0.6439131780173482,[0.78792342 0.61700224 0.52681388],0.6369024796830379,[0.8        0.62061206 0.49009538],0.6530400502126101,[0.77620602 0.61343416 0.56947997],50,1,True,200,0.5,0.0001,0,focal,2,True,5,64,10
0,,0.6306965351104736,0.5132247685746468,[0.75223028 0.46846847 0.31897555],0.5161210544545239,[0.74225352 0.50795948 0.29815016],0.5133608279455288,[0.7624789  0.43467492 0.34292866],,0.7068830728530884,0.6406807146051954,[0.7892776  0.60207449 0.53069005],0.6371172925076449,[0.79093061 0.64042126 0.48      ],0.6496807884496362,[0.78763148 0.5680605  0.59335038],50,1,True,200,0.5,0.0001,1,focal,2,True,5,64,10
0,,0.6134735345840454,0.5091656315704475,[0.73570817 0.45935484 0.33243389],0.5062740397734112,[0.74714073 0.47946128 0.29222011],0.5169896442530793,[0.72462021 0.44086687 0.38548185],,0.7063234448432922,0.6436746877457219,[0.78621068 0.60704225 0.53777113],0.638179660544843,[0.79288086 0.64264414 0.47901399],0.6559293193806147,[0.7796518  0.57517794 0.61295823],50,1,True,200,0.5,0.0001,12,focal,2,True,5,64,10
0,,0.60752934217453,0.5108304848767852,[0.72492872 0.46311221 0.34445052],0.5051435869677915,[0.74591837 0.46368715 0.30582524],0.5206231728758753,[0.70508802 0.4625387  0.3942428 ],,0.7077783942222595,0.6470505670722514,[0.78730687 0.61405504 0.53978979],0.6380047155786105,[0.80358829 0.62819916 0.48222669],0.6617213806537419,[0.77167211 0.60053381 0.61295823],50,1,True,200,0.5,0.0001,123,focal,2,True,5,64,10
0,,0.6121017932891846,0.5063094042774501,[0.73375517 0.45774416 0.32742888],0.5051123169489797,[0.74060427 0.48807854 0.28665414],0.5132395001237406,[0.72703159 0.43095975 0.38172716],,0.7102406024932861,0.6473885860437524,[0.79021429 0.61851852 0.53343295],0.6403879282490229,[0.8016421  0.64478764 0.47473404],0.6607031425949593,[0.77910773 0.59430605 0.60869565],50,1,True,200,0.5,0.0001,1234,focal,2,True,5,64,10
0,,0.6226184964179993,0.5181536113279329,[0.74472263 0.47922078 0.33051742],0.515969812488151,[0.75831042 0.50375427 0.28584475],0.5267729444125074,[0.73161321 0.45696594 0.39173967],,0.7140458822250366,0.6546309346174216,[0.79601341 0.61401099 0.5538684 ],0.6438899224690439,[0.81826886 0.63254717 0.48085374],0.6748310674271233,[0.77493653 0.59653025 0.65302643],50,1,True,200,0.5,0.0005,0,focal,2,True,5,64,11
0,,0.6293247938156128,0.5265347690316983,[0.74898437 0.48220365 0.34841629],0.5216661519591482,[0.76509054 0.48205446 0.31785346],0.5337923710803604,[0.73354232 0.48235294 0.38548185],,0.7170677185058594,0.657762548168169,[0.79429051 0.6288172  0.55017993],0.6481997249243598,[0.81786744 0.60865945 0.51807229],0.6696403188742548,[0.77203482 0.65035587 0.58653026],50,1,True,200,0.5,0.0005,1,focal,2,True,5,64,11
0,,0.6278006434440613,0.5205487661182898,[0.75279107 0.46816479 0.34069044],0.5163930482813142,[0.76623377 0.47199497 0.31095041],0.5269763660606115,[0.73981191 0.46439628 0.3767209 ],,0.721320629119873,0.6590006304403336,[0.79940976 0.63270777 0.54488436],0.6510625024798081,[0.81328579 0.63554758 0.50435414],0.6694634605735595,[0.78599927 0.62989324 0.59249787],50,1,True,200,0.5,0.0005,12,focal,2,True,5,64,11
0,,0.6290199756622314,0.5269341572888583,[0.74808595 0.49111873 0.3415978 ],0.522037764568496,[0.76664136 0.49435383 0.30511811],0.5354394004439774,[0.73040752 0.4879257  0.38798498],,0.719977617263794,0.6580560332350481,[0.7988193  0.62912709 0.54622171],0.6497293013564386,[0.81284025 0.63983441 0.49651325],0.6703455709049001,[0.78527385 0.61877224 0.60699062],50,1,True,200,0.5,0.0005,123,focal,2,True,5,64,11
0,,0.6288675665855408,0.5277264023057894,[0.74555625 0.50030102 0.33732194],0.5219371062540147,[0.76936891 0.48681898 0.30962343],0.536062513595228,[0.72317338 0.51455108 0.37046308],,0.7147173881530762,0.6561606991549436,[0.79266917 0.62775891 0.54805401],0.6453078021571049,[0.82266875 0.60024351 0.51301115],0.6703113340540013,[0.76478056 0.65791815 0.58823529],50,1,True,200,0.5,0.0005,1234,focal,2,True,5,64,11
0,,0.6297820210456848,0.5253289848440827,[0.74884175 0.47770701 0.3494382 ],0.5220544485357769,[0.75733662 0.49180328 0.31702345],0.5313893857513491,[0.74053533 0.46439628 0.38923655],,0.7146055102348328,0.6474934159410415,[0.79905049 0.60803324 0.53539652],0.6422008070168963,[0.80455966 0.63195777 0.49008499],0.6564702220096561,[0.79361625 0.58585409 0.58994032],50,1,True,200,0.2,0.001,0,focal,2,True,5,64,12
0,,0.6300868988037109,0.5211567744642164,[0.75107034 0.48856874 0.32383124],0.5179478743257018,[0.76216485 0.49429658 0.2973822 ],0.526236876724896,[0.74029419 0.48297214 0.35544431],,0.7160604596138,0.653475161418757,[0.79855982 0.61192351 0.54994215],0.6448047626900864,[0.81327567 0.61902594 0.50211268],0.6657308031038887,[0.78436707 0.60498221 0.60784314],50,1,True,200,0.2,0.001,1,focal,2,True,5,64,12
0,,0.6372504234313965,0.5240677290450192,[0.75746628 0.48337596 0.33136095],0.5234927954677916,[0.75655521 0.49966953 0.31425365],0.5256430180502694,[0.75837955 0.46811146 0.35043805],,0.7268046736717224,0.6573902890730728,[0.80811374 0.62514004 0.53891709],0.6572196839782322,[0.80701754 0.62979684 0.53484467],0.6576055058065639,[0.80921291 0.6205516  0.543052  ],50,1,True,200,0.2,0.001,12,focal,2,True,5,64,12
0,,0.6212467551231384,0.5217961033098383,[0.73962264 0.49146165 0.33430402],0.5157076993635251,[0.77307389 0.46141304 0.31263617],0.5312806064544285,[0.70894623 0.52569659 0.359199  ],,0.7125909328460693,0.6532440600816541,[0.79337599 0.62068966 0.54566654],0.6414483935157849,[0.8244036  0.59851301 0.50142857],0.6692125429712094,[0.7645992  0.64457295 0.59846547],50,1,True,200,0.2,0.001,123,focal,2,True,5,64,12
0,,0.6346593499183655,0.5311579285313824,[0.75456439 0.48648649 0.35242291],0.527238735223179,[0.76706527 0.5        0.31465093],0.5388830894760493,[0.74246443 0.47368421 0.40050063],,0.7204253077507019,0.6565974438769723,[0.80290628 0.61794171 0.54894434],0.6489161381140616,[0.81451763 0.6329291  0.49930168],0.6682723938185294,[0.79162133 0.60364769 0.60954817],50,1,True,200,0.2,0.001,1234,focal,2,True,5,64,12
0,,0.6024996042251587,0.509182798390982,[0.72403412 0.45923567 0.34427861],0.5043369916272519,[0.7545098  0.47278689 0.28571429],0.5251352316667627,[0.69592476 0.44643963 0.4330413 ],,0.6970341205596924,0.6358463696467506,[0.78010471 0.60690601 0.52052838],0.6257846147032243,[0.80509456 0.62447059 0.4477887 ],0.6561351270089122,[0.75661951 0.59030249 0.62148338],50,1,True,200,0.2,0.0001,0,focal,2,True,5,64,13
0,,0.6209419369697571,0.5133339685817485,[0.7432482  0.47122417 0.32552954],0.5104166143816239,[0.75346878 0.48431373 0.29346734],0.5191938440050303,[0.73330118 0.45882353 0.36545682],,0.7075545787811279,0.6453798960993644,[0.78815826 0.61137766 0.53660377],0.6372280799612682,[0.80183899 0.62846407 0.48138118],0.6587567873876021,[0.77493653 0.59519573 0.60613811],50,1,True,200,0.2,0.0001,1,focal,2,True,5,64,13
0,,0.6177412271499634,0.5096674601207466,[0.74218275 0.45656434 0.3302553 ],0.5079442467396927,[0.74901768 0.48306842 0.29174664],0.5162547856936714,[0.73547143 0.43281734 0.38047559],,0.712031364440918,0.6489687614115754,[0.79181885 0.61211129 0.54297615],0.6436389926608,[0.79735197 0.64514539 0.48841962],0.6599701860880605,[0.78636199 0.58229537 0.6112532 ],50,1,True,200,0.2,0.0001,12,focal,2,True,5,64,13
0,,0.6159121990203857,0.5122762963020429,[0.73638026 0.45198098 0.34846765],0.5087459468930476,[0.7444554  0.46298701 0.31879543],0.5180649247016235,[0.72847842 0.44148607 0.38423029],,0.7133743762969971,0.6492880563509109,[0.79462572 0.61152416 0.54171429],0.6435807557916328,[0.80099502 0.64007782 0.48966942],0.6599680899234528,[0.78835691 0.58540925 0.60613811],50,1,True,200,0.2,0.0001,123,focal,2,True,5,64,13
0,,0.6122542023658752,0.5126331479537333,[0.72960632 0.47477932 0.33351381],0.5082449646648018,[0.74721941 0.48362235 0.29389313],0.5215133864089342,[0.71280444 0.46625387 0.38548185],,0.7073307037353516,0.6484351150982773,[0.78497337 0.62222222 0.53810976],0.6372877126580427,[0.8097166  0.61558555 0.48656099],0.6641921962734457,[0.7616975  0.62900356 0.60187553],50,1,True,200,0.2,0.0001,1234,focal,2,True,5,64,13
0,,0.6185032725334167,0.5197448721107968,[0.73789354 0.49163301 0.32970807],0.5132468172958737,[0.77565125 0.46029173 0.30379747],0.5305486430567918,[0.70364119 0.52755418 0.36045056],,0.7108002305030823,0.6513903076866839,[0.79036507 0.62406176 0.53974409],0.6395935802455708,[0.82127493 0.60248447 0.49502134],0.6674299579313092,[0.7616975  0.64724199 0.59335038],50,1,True,200,0.2,0.0005,0,focal,2,True,5,64,14
0,,0.6299344897270203,0.5328004628574297,[0.74463599 0.49333333 0.36043206],0.5266309855717175,[0.76659857 0.48308605 0.33020833],0.5415558310265624,[0.72389679 0.50402477 0.39674593],,0.7188584208488464,0.6597667057621087,[0.79622712 0.62948718 0.55358582],0.6504190573832674,[0.82075472 0.60567434 0.52482811],0.6713499398065818,[0.77312296 0.65524911 0.58567775],50,1,True,200,0.2,0.0005,1,focal,2,True,5,64,14
0,,0.6297820210456848,0.5239496252982264,[0.75207739 0.48643815 0.33333333],0.5190123734514213,[0.77425945 0.46896552 0.31381215],0.5306128004346512,[0.73113094 0.50526316 0.35544431],,0.7157247066497803,0.6521433799182561,[0.79660235 0.61783997 0.54198783],0.6452894355381208,[0.81135979 0.60748065 0.51702786],0.6601369427983328,[0.78237214 0.62855872 0.56947997],50,1,True,200,0.2,0.0005,12,focal,2,True,5,64,14
0,,0.6204847097396851,0.5194350675005196,[0.74218847 0.48314259 0.33297414],0.5140480664557292,[0.76711271 0.48269468 0.2923368 ],0.5297192130956659,[0.71883289 0.48359133 0.38673342],,0.7180749773979187,0.6577295058762147,[0.79880664 0.62677165 0.54761023],0.6467561275769674,[0.82194935 0.63404643 0.48427261],0.6755339646942066,[0.77693145 0.61966192 0.63000853],50,1,True,200,0.2,0.0005,123,focal,2,True,5,64,14
0,,0.6317634582519531,0.5187454568628836,[0.75361966 0.48419095 0.31842576],0.5164840679431427,[0.76055992 0.48479205 0.30410023],0.5215213200417028,[0.74680492 0.48359133 0.33416771],,0.7232232689857483,0.6571896109125052,[0.80376393 0.62530795 0.54249695],0.6527243000435904,[0.80983063 0.62967975 0.51866252],0.6624704474628269,[0.79778745 0.62099644 0.56862745],50,1,True,200,0.2,0.0005,1234,focal,2,True,5,64,14
0,,0.6236854195594788,0.5196247650867263,[0.74706826 0.47757423 0.33423181],0.5154296777545252,[0.76530096 0.48742747 0.29356061],0.528593515109782,[0.72968411 0.46811146 0.38798498],,0.7141578197479248,0.6517079946407284,[0.79724958 0.61910189 0.53877251],0.6419481968369729,[0.81745427 0.63487611 0.47351421],0.6690018496108627,[0.77801959 0.60409253 0.62489344],50,1,True,200,0.1,0.001,0,focal,2,True,5,64,15
0,,0.6241426467895508,0.5216013523614849,[0.74611657 0.48912368 0.32956381],0.5166410009571284,[0.76974359 0.49095446 0.28922495],0.5313940059381843,[0.72389679 0.4873065  0.38297872],,0.7137101292610168,0.6537097243307898,[0.79394449 0.62377995 0.54340474],0.6423271645868442,[0.8189705  0.62212389 0.4858871 ],0.6707385792789801,[0.77040261 0.62544484 0.61636829],50,1,True,200,0.1,0.001,1,focal,2,True,5,64,15
0,,0.6354214549064636,0.5240708256411318,[0.75825243 0.47790404 0.33605601],0.5218173641567472,[0.76325434 0.48744366 0.3147541 ],0.5274989544087259,[0.75331565 0.46873065 0.36045056],,0.7180749773979187,0.6486864309561855,[0.80196668 0.61393258 0.53016003],0.6455623783763325,[0.80526604 0.62034514 0.51107595],0.6523567053648557,[0.79869423 0.60765125 0.55072464],50,1,True,200,0.1,0.001,12,focal,2,True,5,64,15
0,,0.6162170171737671,0.5154201416619184,[0.7434555  0.46626159 0.33654334],0.5114950371201951,[0.76954839 0.48214286 0.28279387],0.5286622058408025,[0.71907403 0.45139319 0.4155194 ],,0.7129266858100891,0.6542195083313632,[0.79565054 0.61454545 0.55246253],0.6422763386587449,[0.82343811 0.62825279 0.47513812],0.676982406735151,[0.76967719 0.60142349 0.65984655],50,1,True,200,0.1,0.001,123,focal,2,True,5,64,15
0,,0.635726273059845,0.525689089477683,[0.75486189 0.50390964 0.31829574],0.5227145640691507,[0.776108   0.47334059 0.31869511],0.5304483575757333,[0.73474801 0.53869969 0.31789737],,0.7194179892539978,0.6558137925389584,[0.79988939 0.6203744  0.54717759],0.65007693435865,[0.81330834 0.60741688 0.52950558],0.6622909202283509,[0.78690606 0.6338968  0.56606991],50,1,True,200,0.1,0.001,1234,focal,2,True,5,64,15
0,,0.598841667175293,0.5076130853838183,[0.7192493  0.46621622 0.33737374],0.501275201391914,[0.75849158 0.46252285 0.28281118],0.5239531415631759,[0.68386786 0.46996904 0.41802253],,0.6977056264877319,0.6387047505419347,[0.77894935 0.61092531 0.52623959],0.6265220307428672,[0.80990603 0.61242736 0.4572327 ],0.6598269953079068,[0.75027203 0.6094306  0.61977835],50,1,True,200,0.1,0.0001,0,focal,2,True,5,64,16
0,,0.617893636226654,0.5146000883517975,[0.74005664 0.46485473 0.33888889],0.5099883478318717,[0.75616507 0.46910467 0.3046953 ],0.5223428269595325,[0.72462021 0.46068111 0.38172716],,0.7073307037353516,0.6460900168153313,[0.78673422 0.61043994 0.54109589],0.6380430007680292,[0.79947575 0.62599345 0.48865979],0.6587237107931813,[0.77439246 0.59564057 0.60613811],50,1,True,200,0.1,0.0001,1,focal,2,True,5,64,16
0,,0.6171315312385559,0.5066041790171417,[0.74108115 0.45565447 0.32307692],0.5061958444890818,[0.74332848 0.48730606 0.28795299],0.51155702885474,[0.73884736 0.42786378 0.36795995],,0.715053141117096,0.6522485330485064,[0.79401569 0.61686183 0.54586808],0.6472093817798487,[0.79882526 0.65133531 0.49146758],0.6629761755446554,[0.78926369 0.58585409 0.61381074],50,1,True,200,0.1,0.0001,12,focal,2,True,5,64,16
0,,0.6067672371864319,0.5150972068914834,[0.72352647 0.45842283 0.36334232],0.5079440334154446,[0.75032375 0.45437956 0.31912879],0.5276310686671641,[0.69857728 0.4625387  0.42177722],,0.7080022096633911,0.6459012421276323,[0.78852383 0.61503725 0.53414264],0.6369426647425634,[0.80514081 0.62448418 0.48120301],0.6595404264009105,[0.77257889 0.60587189 0.6001705 ],50,1,True,200,0.1,0.0001,123,focal,2,True,5,64,16
0,,0.6142356395721436,0.514099040398072,[0.7326513  0.47524752 0.3343983 ],0.5103816693617472,[0.74936964 0.49076517 0.29101019],0.5234450004323418,[0.71666265 0.46068111 0.39299124],,0.7090095281600952,0.6485570288942824,[0.78865116 0.61985145 0.53716847],0.6383269446422313,[0.80958747 0.62733485 0.47805851],0.6647577044554226,[0.7687704  0.61254448 0.61295823],50,1,True,200,0.1,0.0001,1234,focal,2,True,5,64,16
0,,0.6148452758789062,0.518915636329723,[0.7365652  0.46799387 0.35218783],0.5121434682935276,[0.76642336 0.4630303  0.30697674],0.5316758373351347,[0.70894623 0.47306502 0.41301627],,0.7152770161628723,0.6549170201235458,[0.79571295 0.62310437 0.54593373],0.6440311807287271,[0.81844325 0.62477639 0.4888739 ],0.6712418988141665,[0.7742111  0.62144128 0.61807332],50,1,True,200,0.1,0.0005,0,focal,2,True,5,64,17
0,,0.6281054615974426,0.5256903789825318,[0.74786272 0.48930971 0.33989871],0.5202425274572258,[0.76911315 0.48282098 0.30879346],0.5339009004657308,[0.727755   0.49597523 0.37797247],,0.7219921946525574,0.663405161768107,[0.79973871 0.63035019 0.56012658],0.6531170465823101,[0.82372165 0.61312027 0.52250923],0.6764232929625263,[0.7771128  0.64857651 0.60358056],50,1,True,200,0.1,0.0005,1,focal,2,True,5,64,17
0,,0.6168267130851746,0.514591924746622,[0.74056366 0.47885681 0.3243553 ],0.5086717407367636,[0.77426993 0.45259096 0.29915433],0.5240738382524054,[0.70966964 0.50835913 0.35419274],,0.7116955518722534,0.6543441637144068,[0.78992548 0.62425532 0.54885169],0.6421266248119295,[0.82307844 0.59828711 0.50501433],0.6709809837487383,[0.75933986 0.65258007 0.60102302],50,1,True,200,0.1,0.0005,12,focal,2,True,5,64,17
0,,0.6294772028923035,0.5236410445784971,[0.75086164 0.48635236 0.33370913],0.51925288057577,[0.76690973 0.48725917 0.30358974],0.5304611401279423,[0.73547143 0.48544892 0.37046308],,0.7205371856689453,0.6602869458272458,[0.79955394 0.62981948 0.55148741],0.6499823977669362,[0.81989708 0.63108531 0.4989648 ],0.6750409567923171,[0.78019587 0.62855872 0.61636829],50,1,True,200,0.1,0.0005,123,focal,2,True,5,64,17
0,,0.6314586400985718,0.5155598949880512,[0.75646787 0.47860044 0.31161137],0.5136428660151642,[0.76211454 0.48297604 0.29583802],0.5181230418443905,[0.75090427 0.47430341 0.32916145],,0.726692795753479,0.6623311759457783,[0.80558853 0.62914798 0.55225702],0.6578514675741124,[0.81129299 0.63426763 0.52799378],0.6676438929946095,[0.79996373 0.62411032 0.57885763],50,1,True,200,0.1,0.0005,1234,focal,2,True,5,64,17
0,,0.6230757236480713,0.5193436189055832,[0.74212894 0.49632028 0.31958164],0.513785711573734,[0.77002852 0.47306397 0.29826464],0.5274473402609979,[0.71618037 0.52198142 0.34418023],,0.7161723375320435,0.6535201856738023,[0.79693343 0.62870649 0.53492063],0.6436322467949865,[0.82246237 0.60806318 0.5003712 ],0.6661124567830391,[0.7729416  0.65080071 0.57459506],50,1,True,300,0.5,0.001,0,focal,2,True,5,64,18
0,,0.6233806014060974,0.523891504075133,[0.73962643 0.49636734 0.33568075],0.5179820079870464,[0.77023499 0.46768894 0.3160221 ],0.5326992039538803,[0.71135761 0.52879257 0.35794743],,0.7157247066497803,0.6540863468610923,[0.79794489 0.6173262  0.54698795],0.6448052160888514,[0.82277018 0.59456119 0.51708428],0.6656801288506373,[0.77457381 0.64190391 0.58056266],50,1,True,300,0.5,0.001,1,focal,2,True,5,64,18
0,,0.6172839403152466,0.5152250124681589,[0.73890891 0.47362038 0.33314575],0.509672822198986,[0.76230769 0.46405229 0.30265849],0.5236527319957379,[0.71690379 0.48359133 0.37046308],,0.7167319655418396,0.6576107389423274,[0.79637078 0.62415375 0.55230769],0.6461619946413815,[0.8222909  0.61304161 0.50315347],0.6732722296302018,[0.77203482 0.63567616 0.61210571],50,1,True,300,0.5,0.001,12,focal,2,True,5,64,18
0,,0.6290199756622314,0.5262509368693011,[0.74761492 0.49724434 0.33389356],0.5209708942213592,[0.76885831 0.49182314 0.30223124],0.534422150304526,[0.72751387 0.50278638 0.37296621],,0.712031364440918,0.6525609671789573,[0.79186961 0.62000432 0.54580897],0.6414767216731088,[0.81886866 0.60268795 0.50287356],0.6672332543617244,[0.76659412 0.6383452  0.59676044],50,1,True,300,0.5,0.001,123,focal,2,True,5,64,18
0,,0.6241426467895508,0.5165148491944728,[0.74246169 0.49243548 0.31464738],0.5125412452064718,[0.76147022 0.47266515 0.30348837],0.5216564268850589,[0.72437907 0.51393189 0.32665832],,0.7127028703689575,0.6527338441330012,[0.79042254 0.62761506 0.54016393],0.6440175633209962,[0.81950935 0.59241706 0.52012628],0.6641322747691886,[0.76332971 0.66725979 0.56180733],50,1,True,300,0.5,0.001,1234,focal,2,True,5,64,18
0,,0.6040237545967102,0.4973258748604641,[0.72841021 0.45262484 0.31094258],0.494654023116819,[0.74132335 0.4685222  0.27411652],0.5043030432539551,[0.71593923 0.4377709  0.359199  ],,0.7040850520133972,0.6429206870370168,[0.78594665 0.60849807 0.53431734],0.6330238140065211,[0.80610105 0.6219229  0.4710475 ],0.6598789504512971,[0.76677548 0.59564057 0.6172208 ],50,1,True,300,0.5,0.0001,0,focal,2,True,5,64,19
0,,0.6093583106994629,0.502502105550202,[0.73081188 0.47278383 0.30391061],0.498857835549331,[0.74710327 0.475      0.27447023],0.5087431952910353,[0.71521582 0.47058824 0.34042553],,0.7073307037353516,0.6463146469235511,[0.78585316 0.61755486 0.53553592],0.637289179558178,[0.80272366 0.62173129 0.48741259],0.6591047491993943,[0.76967719 0.61343416 0.5942029 ],50,1,True,300,0.5,0.0001,1,focal,2,True,5,64,19
0,,0.604938268661499,0.49934758392851114,[0.72538226 0.45514636 0.31751412],0.49611927185234866,[0.73609732 0.46286812 0.28939238],0.5047807703609307,[0.71497468 0.44767802 0.35168961],,0.7105763554573059,0.6471683184628899,[0.79050434 0.62213225 0.52886836],0.6389494243195665,[0.80553464 0.62920837 0.48210526],0.6589719789942248,[0.77602466 0.61521352 0.58567775],50,1,True,300,0.5,0.0001,12,focal,2,True,5,64,19
0,,0.6014326810836792,0.4955716722805142,[0.72288271 0.45486221 0.3089701 ],0.4925781648499008,[0.73504487 0.46562905 0.27706058],0.5016283320615641,[0.71111647 0.44458204 0.34918648],,0.7108002305030823,0.6478436375495299,[0.78918719 0.62698053 0.52736318],0.6399711861371334,[0.80319249 0.63824885 0.47847222],0.6597159778140189,[0.77566195 0.6161032  0.58738278],50,1,True,300,0.5,0.0001,123,focal,2,True,5,64,19
0,,0.6104252338409424,0.5035840780053747,[0.7318204  0.45986569 0.31906615],0.5010686036093132,[0.74067671 0.4755291  0.287     ],0.5091912051614402,[0.72317338 0.44520124 0.359199  ],,0.7129266858100891,0.6488650310364078,[0.79233871 0.61823105 0.53602534],0.6428370313029491,[0.80085217 0.62728938 0.50036955],0.6568625192366122,[0.78400435 0.6094306  0.5771526 ],50,1,True,300,0.5,0.0001,1234,focal,2,True,5,64,19
0,,0.6281054615974426,0.5243501958848117,[0.74947212 0.49447853 0.32909994],0.5190777130576061,[0.77279713 0.4899696  0.2944664 ],0.5331837602116467,[0.72751387 0.49907121 0.37296621],,0.7133743762969971,0.6555429939967025,[0.79202333 0.62554113 0.54906453],0.6430573361653867,[0.8227477  0.60919056 0.49723375],0.6730876279414612,[0.76351106 0.64279359 0.61295823],50,1,True,300,0.5,0.0005,0,focal,2,True,5,64,20
0,,0.6281054615974426,0.5199746850212398,[0.75073028 0.46643555 0.34275822],0.5169602799660238,[0.75792578 0.47496791 0.31798715],0.524529700216641,[0.74367012 0.45820433 0.37171464],,0.7209848761558533,0.6570983958860678,[0.80179932 0.6203352  0.54916067],0.6506836514293228,[0.81186094 0.62325999 0.51693002],0.6650331708014697,[0.79198404 0.61743772 0.58567775],50,1,True,300,0.5,0.0005,1,focal,2,True,5,64,20
0,,0.6271909475326538,0.5265607829057924,[0.74740997 0.48065948 0.3516129 ],0.5218952568952605,[0.76495834 0.49252762 0.30819981],0.5364200279518656,[0.73064866 0.46934985 0.40926158],,0.7187464833259583,0.6600943809133314,[0.79794967 0.62494412 0.55738935],0.6488106455896224,[0.82074387 0.62803235 0.49765573],0.6772306944686687,[0.77638738 0.62188612 0.63341858],50,1,True,300,0.5,0.0005,12,focal,2,True,5,64,20
0,,0.6338972449302673,0.5251142848635292,[0.75359143 0.48956357 0.33218786],0.5225188677661485,[0.7610032  0.50032321 0.3062302 ],0.5295111003112611,[0.74632264 0.47925697 0.36295369],,0.7219921946525574,0.659619227643867,[0.80158657 0.62650067 0.55077045],0.6517110334272235,[0.81565609 0.62622222 0.51325479],0.6696588181906088,[0.7879942  0.62677936 0.5942029 ],50,1,True,300,0.5,0.0005,123,focal,2,True,5,64,20
0,,0.6149976849555969,0.5141920779794314,[0.73590801 0.47856072 0.3281075 ],0.5082314463138977,[0.76388168 0.46395349 0.29685917],0.5235789371389906,[0.70991078 0.49411765 0.36670839],,0.7102406024932861,0.6541046662821326,[0.78735088 0.62742589 0.54753723],0.6407216833974663,[0.82369255 0.60262188 0.49585062],0.6732310499475945,[0.75408052 0.65435943 0.6112532 ],50,1,True,300,0.5,0.0005,1234,focal,2,True,5,64,20
0,,0.6163694262504578,0.5188847938847939,[0.73863636 0.48468468 0.33333333],0.5121908770043886,[0.77524516 0.47055394 0.29077353],0.5318358887398226,[0.70532915 0.4996904  0.39048811],,0.7122551798820496,0.6560934903512684,[0.79158808 0.62052296 0.55616943],0.642431717442267,[0.82455796 0.61311333 0.48962387],0.6776386901652213,[0.76115343 0.62811388 0.64364876],50,1,True,300,0.2,0.001,0,focal,2,True,5,64,21
0,,0.6195701956748962,0.5204638772561896,[0.73660714 0.48520345 0.33958104],0.514933365099644,[0.75823334 0.48311848 0.30344828],0.5296562417387224,[0.71618037 0.4873065  0.38548185],,0.7128147482872009,0.6511889138069517,[0.79424059 0.61528269 0.54404346],0.6414611011169895,[0.81413064 0.61096491 0.49928775],0.6641913727458189,[0.77529924 0.61966192 0.59761296],50,1,True,300,0.2,0.001,1,focal,2,True,5,64,21
0,,0.6137784123420715,0.503934968852696,[0.74280113 0.45035234 0.31865144],0.5011092029859828,[0.75510713 0.46648971 0.28173077],0.5109641009947428,[0.7308898  0.43529412 0.36670839],,0.7132624387741089,0.651193833438802,[0.79608242 0.61111111 0.54638797],0.6426419557894412,[0.81145225 0.63706564 0.47940798],0.6678654103718195,[0.781284   0.58718861 0.63512361],50,1,True,300,0.2,0.001,12,focal,2,True,5,64,21
0,,0.6326779723167419,0.5212499602992755,[0.75441413 0.49630287 0.31303289],0.5176582786484906,[0.77302632 0.47508494 0.30486358],0.5259446083438869,[0.73667712 0.51950464 0.32165207],,0.7187464833259583,0.6538586947328152,[0.80025761 0.61941448 0.54190399],0.6478326739256014,[0.81213819 0.6130719  0.51828794],0.660794746185022,[0.78871962 0.62588968 0.56777494],50,1,True,300,0.2,0.001,123,focal,2,True,5,64,21
0,,0.6185032725334167,0.5248914325631784,[0.7331909  0.49120715 0.35027624],0.5175769853182555,[0.7656168  0.47356322 0.31355094],0.536787566303136,[0.70340005 0.51021672 0.39674593],,0.7184107303619385,0.6576315161706295,[0.7965959  0.63445017 0.54184847],0.6474693932511113,[0.82235953 0.61337209 0.50667656],0.6705645643288068,[0.77239753 0.65702847 0.58226769],50,1,True,300,0.2,0.001,1234,focal,2,True,5,64,21
0,,0.6037189364433289,0.4943218951818877,[0.72957815 0.44552846 0.30785908],0.49284769968689796,[0.7378545  0.46917808 0.27151052],0.500359441111152,[0.72148541 0.42414861 0.35544431],,0.7099048495292664,0.6487607612771683,[0.79046563 0.61410405 0.54171261],0.6403772117524139,[0.80564972 0.63938373 0.47609819],0.6649647114051462,[0.77584331 0.59074733 0.6283035 ],50,1,True,300,0.2,0.0001,0,focal,2,True,5,64,22
0,,0.6142356395721436,0.5098607052556519,[0.73373658 0.48017348 0.31567206],0.5056077753777006,[0.7516439  0.48047117 0.28470825],0.5169105165380001,[0.71666265 0.47987616 0.35419274],,0.7095690965652466,0.6491152997453463,[0.78796348 0.62326809 0.53611433],0.6388737293281209,[0.81015326 0.61635494 0.49011299],0.6629800897424424,[0.76695684 0.63033808 0.59164535],50,1,True,300,0.2,0.0001,1,focal,2,True,5,64,22
0,,0.6125590801239014,0.5064666690342832,[0.73429128 0.45196297 0.33314575],0.5035863552456906,[0.74169742 0.46640316 0.30265849],0.5119615869427908,[0.72703159 0.43839009 0.37046308],,0.7069949507713318,0.6443016217242143,[0.78781163 0.61231884 0.53277439],0.6359453464757255,[0.80248307 0.62361624 0.48173673],0.6569994817709971,[0.77366703 0.60142349 0.59590793],50,1,True,300,0.2,0.0001,12,focal,2,True,5,64,22
0,,0.615302562713623,0.5058599654685186,[0.73361806 0.47507692 0.30888491],0.5032495990357714,[0.74258893 0.47217125 0.29498861],0.5090117051316282,[0.72486135 0.47801858 0.32415519],,0.71158367395401,0.6478884043678396,[0.79065059 0.62010676 0.53290786],0.6411323393916252,[0.80254063 0.62010676 0.50074963],0.6562314844180468,[0.77910773 0.62010676 0.56947997],50,1,True,300,0.2,0.0001,123,focal,2,True,5,64,22
0,,0.6090534925460815,0.506832323634557,[0.72926526 0.47965739 0.31157433],0.5018007701792703,[0.75405614 0.47400242 0.27734375],0.5156485966373098,[0.70605257 0.48544892 0.35544431],,0.7086737751960754,0.6476435384423272,[0.78930202 0.6155536  0.53807499],0.6373542611092313,[0.81176922 0.60807292 0.49222065],0.6615386668749191,[0.76804498 0.62322064 0.59335038],50,1,True,300,0.2,0.0001,1234,focal,2,True,5,64,22
0,,0.6302393078804016,0.5248640245328247,[0.75079715 0.48505819 0.33873672],0.5209801699875976,[0.76391315 0.49296675 0.30606061],0.5315824519543324,[0.73812395 0.47739938 0.37922403],,0.7191941738128662,0.6589391392175344,[0.79799759 0.62608696 0.55273287],0.649239859137877,[0.81623364 0.62762629 0.50385965],0.6724064833856592,[0.78055858 0.62455516 0.61210571],50,1,True,300,0.2,0.0005,0,focal,2,True,5,64,23
0,,0.6334400177001953,0.5247388971508716,[0.75215963 0.486756   0.33530106],0.52212241286924,[0.75908644 0.48996236 0.31731844],0.5281312422789178,[0.74535809 0.48359133 0.35544431],,0.7241186499595642,0.6580222358232373,[0.80415187 0.62393545 0.54597938],0.6549801704208548,[0.80746023 0.62872629 0.52875399],0.6614841565537777,[0.80087051 0.61921708 0.56436488],50,1,True,300,0.2,0.0005,1,focal,2,True,5,64,23
0,,0.6137784123420715,0.5065892124285329,[0.73714144 0.46980273 0.31282346],0.5021609970468668,[0.756407   0.46071429 0.2893617 ],0.5128384630352835,[0.71883289 0.47925697 0.34042553],,0.717291533946991,0.65623528399524,[0.79722351 0.61902655 0.5524558 ],0.647390508943757,[0.81402381 0.61575704 0.51239067],0.6675838655748231,[0.78110265 0.62233096 0.59931799],50,1,True,300,0.2,0.0005,12,focal,2,True,5,64,23
0,,0.6288675665855408,0.5234538075947631,[0.74815544 0.48334343 0.33886256],0.5193671472355231,[0.76336261 0.47302905 0.32170979],0.5285358003669687,[0.73354232 0.49411765 0.35794743],,0.7200895547866821,0.6604116507760388,[0.79866208 0.62765957 0.55491329],0.6501978143065262,[0.81882263 0.6254417  0.50632911],0.6743914730016622,[0.77947044 0.62989324 0.61381074],50,1,True,300,0.2,0.0005,123,focal,2,True,5,64,23
0,,0.6313062310218811,0.5210482439815506,[0.75027503 0.49176327 0.32110643],0.5181591283863115,[0.76078334 0.48466627 0.30902778],0.524430655821755,[0.74005305 0.49907121 0.33416771],,0.7218802571296692,0.6582341344295659,[0.80040508 0.63003503 0.5442623 ],0.6523861527636493,[0.81282723 0.62025862 0.52407261],0.664850457022647,[0.78835691 0.64012456 0.56606991],50,1,True,300,0.2,0.0005,1234,focal,2,True,5,64,23
0,,0.6134735345840454,0.5239586838686522,[0.7311773  0.48656542 0.35413333],0.5156817243848624,[0.77801959 0.4604754  0.30855019],0.5403213484490217,[0.68965517 0.51578947 0.4155194 ],,0.7087856531143188,0.6544652747277565,[0.78800571 0.61785485 0.55753526],0.6395298505629754,[0.82929273 0.59554272 0.49375411],0.6775924555608234,[0.75063475 0.64190391 0.6402387 ],50,1,True,300,0.1,0.001,0,focal,2,True,5,64,24
0,,0.6338972449302673,0.522123214682889,[0.75488649 0.4846395  0.32684366],0.5200307119248134,[0.7601467  0.49079365 0.30915179],0.5250065674584526,[0.74969858 0.47863777 0.34668335],,0.7147173881530762,0.6466862049212302,[0.80036413 0.59696835 0.54272614],0.6442688582374904,[0.80350941 0.59830206 0.53099511],0.6492903873857561,[0.79724338 0.59564057 0.55498721],50,1,True,300,0.1,0.001,1,focal,2,True,5,64,24
0,,0.6325255036354065,0.5094508792327738,[0.76115362 0.44215756 0.32504146],0.5175071177335014,[0.74356026 0.51787199 0.29108911],0.5111060581678346,[0.77959971 0.38575851 0.36795995],,0.719977617263794,0.6496060777295495,[0.80524378 0.60349006 0.54008439],0.6504376118906912,[0.79743909 0.6629393  0.49093445],0.655732960793039,[0.81320276 0.55382562 0.6001705 ],50,1,True,300,0.1,0.001,12,focal,2,True,5,64,24
0,,0.6322206854820251,0.5257469032869544,[0.75415445 0.48778899 0.33529727],0.5239744231435901,[0.76442903 0.51442308 0.29307116],0.5332230545671122,[0.7441524  0.46377709 0.39173967],,0.712031364440918,0.6433202221852629,[0.79941648 0.59971711 0.53082707],0.6388362983558937,[0.80381371 0.63791374 0.47478144],0.6542596445588627,[0.7950671  0.5658363  0.60187553],50,1,True,300,0.1,0.001,123,focal,2,True,5,64,24
0,,0.6172839403152466,0.5161860014530023,[0.73897796 0.4803805  0.32919955],0.5100984225819372,[0.76882981 0.46197827 0.29948718],0.5257080088196115,[0.71135761 0.5003096  0.36545682],,0.7087856531143188,0.65029844531425,[0.78905809 0.61518606 0.54665118],0.6384603479188894,[0.81908665 0.59558517 0.50070922],0.6663833189672811,[0.76115343 0.636121   0.60187553],50,1,True,300,0.1,0.001,1234,focal,2,True,5,64,24
0,,0.6008230447769165,0.49165820657718246,[0.72673921 0.44573269 0.30250272],0.48969922370609337,[0.73710317 0.46442953 0.26756497],0.49769351282722124,[0.71666265 0.42848297 0.34793492],,0.7077783942222595,0.6456741425263218,[0.78836028 0.61397899 0.53468316],0.6372183559901881,[0.80342685 0.63098592 0.4772423 ],0.6598520972883026,[0.77384839 0.59786477 0.60784314],50,1,True,300,0.1,0.0001,0,focal,2,True,5,64,25
0,,0.6125590801239014,0.5117126037689139,[0.73039582 0.48176063 0.32298137],0.5061700544172983,[0.75482377 0.46944771 0.29423868],0.5200612245175663,[0.7074994  0.49473684 0.35794743],,0.7091214060783386,0.6514310506113117,[0.7853118  0.62747631 0.54150504],0.639756245865594,[0.81437476 0.60809683 0.49679715],0.667146269651599,[0.75825172 0.64813167 0.59505541],50,1,True,300,0.1,0.0001,1,focal,2,True,5,64,25
0,,0.6136259436607361,0.506812637041769,[0.7355402  0.44781906 0.33707865],0.5046032461192452,[0.7397561  0.46824324 0.3058104 ],0.5119811933510545,[0.73137208 0.42910217 0.37546934],,0.7074426412582397,0.6430091463453743,[0.78948336 0.61051182 0.52903226],0.6359656050619059,[0.800522   0.63063063 0.47674419],0.6548616406406133,[0.77874501 0.59163701 0.5942029 ],50,1,True,300,0.1,0.0001,12,focal,2,True,5,64,25
0,,0.6181984543800354,0.5085783819329958,[0.73741794 0.47040498 0.31791222],0.5063536276671956,[0.7435646  0.47335423 0.30214205],0.5114278701180659,[0.73137208 0.46749226 0.33541927],,0.7114717364311218,0.6456167147733832,[0.79193651 0.61412301 0.53079062],0.6410007137171053,[0.79665994 0.62931839 0.49702381],0.6521309548052979,[0.78726877 0.59964413 0.56947997],50,1,True,300,0.1,0.0001,123,focal,2,True,5,64,25
0,,0.6034141182899475,0.5026521551928292,[0.72181773 0.47800587 0.30813288],0.49696959348692027,[0.75281487 0.454039   0.28405491],0.5115290154642885,[0.69327224 0.50464396 0.33667084],,0.7057638764381409,0.6464308462936788,[0.78349934 0.62106819 0.53472501],0.6364329995528477,[0.81298752 0.5910004  0.50531108],0.6594032703299678,[0.75607544 0.65435943 0.56777494],50,1,True,300,0.1,0.0001,1234,focal,2,True,5,64,25
0,,0.6290199756622314,0.5217766572158172,[0.75155811 0.4763417  0.33743017],0.5185178364288882,[0.76189296 0.48891786 0.30474268],0.5279562099475376,[0.74149988 0.46439628 0.37797247],,0.7202014327049255,0.6594921449099321,[0.7992596  0.62819642 0.55102041],0.6501159592004379,[0.81610282 0.63933671 0.49490835],0.6740062227337597,[0.78309757 0.61743772 0.62148338],50,1,True,300,0.1,0.0005,0,focal,2,True,5,64,26
0,,0.631001353263855,0.5292876484092225,[0.74851632 0.49197213 0.3473745 ],0.5239874202960634,[0.76807917 0.48161329 0.32226981],0.5364775086673376,[0.72992525 0.50278638 0.3767209 ],,0.7184107303619385,0.6533617301633998,[0.79919162 0.62021978 0.54067379],0.6481692117549284,[0.80975428 0.61294526 0.52180809],0.6591749450601845,[0.78890098 0.62766904 0.56095482],50,1,True,300,0.1,0.0005,1,focal,2,True,5,64,26
0,,0.6245999336242676,0.5197417359808414,[0.75027774 0.46793869 0.34100877],0.5149408737311122,[0.76858877 0.47281922 0.30341463],0.5284044485505476,[0.73281891 0.46315789 0.38923655],,0.7171796560287476,0.6572274468794755,[0.79754259 0.62165775 0.552482  ],0.6464388175387185,[0.81927711 0.62276786 0.49727149],0.672988808202604,[0.77693145 0.6205516  0.62148338],50,1,True,300,0.1,0.0005,12,focal,2,True,5,64,26
0,,0.6450236439704895,0.5300438386244463,[0.76456485 0.49400324 0.33156342],0.5307247071951545,[0.7601907  0.51836735 0.31361607],0.5308352894868708,[0.76898963 0.47182663 0.35168961],,0.722216010093689,0.6566429385865123,[0.80322376 0.61394915 0.55275591],0.6536939682935302,[0.8021342  0.64541442 0.51353328],0.6627303372109123,[0.80431629 0.58540925 0.59846547],50,1,True,300,0.1,0.0005,123,focal,2,True,5,64,26
0,,0.6354214549064636,0.5255563955420443,[0.75609162 0.49163774 0.32893983],0.5229223926875439,[0.76409751 0.501287   0.30338266],0.5299345627255514,[0.74825175 0.48235294 0.359199  ],,0.719977617263794,0.6574820727192823,[0.79988959 0.61989343 0.5526632 ],0.6505690227924213,[0.81176471 0.61879433 0.52114804],0.6658628816944084,[0.78835691 0.62099644 0.58823529],50,1,True,300,0.1,0.0005,1234,focal,2,True,5,64,26
