,loss,accuracy,f1,f1_scores,precision,precision_scores,recall,recall_scores,valid_loss,valid_accuracy,valid_f1,valid_f1_scores,valid_precision,valid_precision_scores,valid_recall,valid_recall_scores,k,shift,window_size,n,dimensions,sig_depth,method,input_channels,output_channels,features,standardise_method,include_features_in_path,include_features_in_input,embedding_dim,num_features,log_signature,pooling,num_heads,num_layers,lstm_hidden_dim,ffn_hidden_dim,dropout_rate,learning_rate,seed,loss_function,gamma,k_fold,n_splits,augmentation_type,hidden_dim_aug,comb_method,batch_size,model_id
0,,0.8050956726074219,0.5501553783545695,[0.88588121 0.46763718 0.29694775],0.5344354025760576,[0.90341586 0.42629645 0.2735939 ],0.5705106800743731,[0.86901426 0.51785714 0.32466063],,0.7990079522132874,0.5510733948734686,[0.88072415 0.48689384 0.2856022 ],0.5329016316424476,[0.90485893 0.42481418 0.26903178],0.5774712564869434,[0.85784338 0.57022256 0.30434783],20,3,5,6,15,3,umap,16,12,['time_encoding'],['z_score'],True,True,384,1,True,signature,10,1,384,"(32, 32)",0.1,0.0005,1,focal,2,True,5,Conv1d,,concatenation,64,0
0,,0.8033756017684937,0.5496492167405843,[0.88426333 0.46984127 0.29484305],0.5357119683838668,[0.90516839 0.40974529 0.29222222],0.5708028796507566,[0.86430209 0.55059524 0.29751131],,0.800383448600769,0.54888208689105,[0.88180847 0.4876269  0.27721088],0.5345609568109877,[0.90604588 0.41563007 0.28200692],0.573734018413267,[0.85883402 0.58979279 0.27257525],20,3,5,6,15,3,umap,16,12,['time_encoding'],['z_score'],True,True,384,1,True,signature,10,1,384,"(32, 32)",0.1,0.0005,12,focal,2,True,5,Conv1d,,concatenation,64,0
0,,0.8096646070480347,0.5501959947057367,[0.88918334 0.47252747 0.28887717],0.5373362487327883,[0.90274952 0.43877551 0.27048371],0.5659594539123172,[0.87601885 0.51190476 0.30995475],,0.8069276213645935,0.551460027687286,[0.88666599 0.48927336 0.27844073],0.537800826783898,[0.90235397 0.44549464 0.26555387],0.5689167817261782,[0.87151419 0.54259401 0.29264214],20,3,5,6,15,3,umap,16,12,['time_encoding'],['z_score'],True,True,384,1,True,signature,10,1,384,"(32, 32)",0.1,0.0005,123,focal,2,True,5,Conv1d,,concatenation,64,0
0,,0.8052569627761841,0.5062327911605836,[0.8870207  0.44262295 0.18905473],0.513298829905697,[0.89399133 0.39160305 0.2543021 ],0.5131796605550014,[0.88015792 0.50892857 0.15045249],,0.7988412380218506,0.49730393532118505,[0.88302283 0.4361422  0.17274678],0.504452494582992,[0.89049514 0.38184438 0.24101796],0.5062441046209001,[0.87567487 0.50844206 0.13461538],20,3,5,6,15,3,umap,16,12,['time_encoding'],['z_score'],True,True,384,1,True,signature,10,1,384,"(32, 32)",0.1,0.0003,1,focal,2,True,5,Conv1d,,concatenation,64,1
0,,0.8018168210983276,0.5300527032208637,[0.88452947 0.4459199  0.25970874],0.5240252872360408,[0.89958517 0.39238598 0.28010471],0.5428066433739399,[0.86996943 0.51636905 0.24208145],,0.7987161874771118,0.5310524713742164,[0.8822102  0.4601374  0.25080981],0.5252717750890269,[0.90078976 0.39419655 0.28082902],0.5478470709076194,[0.86438159 0.55257099 0.22658863],20,3,5,6,15,3,umap,16,12,['time_encoding'],['z_score'],True,True,384,1,True,signature,10,1,384,"(32, 32)",0.1,0.0003,12,focal,2,True,5,Conv1d,,concatenation,64,1
0,,0.7935390472412109,0.49865696595153897,[0.87989657 0.42039281 0.19568151],0.4996873852057028,[0.89341034 0.3631769  0.24247492],0.5099402060592165,[0.86678553 0.49900794 0.16402715],,0.792797327041626,0.510536947907731,[0.87857035 0.4470405  0.206     ],0.5098458544615138,[0.89707325 0.37624541 0.25621891],0.5279028129618728,[0.8608153  0.55065234 0.1722408 ],20,3,5,6,15,3,umap,16,12,['time_encoding'],['z_score'],True,True,384,1,True,signature,10,1,384,"(32, 32)",0.1,0.0003,123,focal,2,True,5,Conv1d,,concatenation,64,1
0,,0.794399082660675,0.44775419963796037,[0.88214932 0.37700113 0.08411215],0.4534944406564911,[0.87988597 0.34559735 0.135     ],0.45339762100572384,[0.88442435 0.41468254 0.06108597],,0.7918803095817566,0.43592597613392026,[0.88111026 0.3733839  0.05328377],0.43962073045892924,[0.87702424 0.33896714 0.10287081],0.4455890476647609,[0.88523453 0.41557943 0.03595318],20,3,5,6,15,3,umap,16,12,['time_encoding'],['z_score'],True,True,384,1,True,signature,10,1,384,"(32, 32)",0.1,0.0001,1,focal,2,True,5,Conv1d,,concatenation,64,2
0,,0.8099871277809143,0.4494232177106936,[0.89296197 0.35496755 0.10034014],0.4784660274862767,[0.87605686 0.35728643 0.20205479],0.44331766710759696,[0.91053235 0.35267857 0.06674208],,0.7954649925231934,0.438295526419006,[0.88423688 0.3598862  0.0707635 ],0.4496573330362427,[0.8763012 0.3353214 0.1373494],0.44277035800048625,[0.8923176  0.38833461 0.04765886],20,3,5,6,15,3,umap,16,12,['time_encoding'],['z_score'],True,True,384,1,True,signature,10,1,384,"(32, 32)",0.1,0.0001,12,focal,2,True,5,Conv1d,,concatenation,64,2
0,,0.7927864789962769,0.46171834726991845,[0.88165473 0.36842105 0.13507926],0.4661923779247827,[0.88117804 0.34455959 0.17283951],0.46294166758229865,[0.88213194 0.39583333 0.11085973],,0.7887957692146301,0.44490395145832023,[0.87887868 0.37733288 0.07850029],0.4493761215689112,[0.87881339 0.33819951 0.13111546],0.45389054804515494,[0.87894398 0.4267076  0.05602007],20,3,5,6,15,3,umap,16,12,['time_encoding'],['z_score'],True,True,384,1,True,signature,10,1,384,"(32, 32)",0.1,0.0001,123,focal,2,True,5,Conv1d,,concatenation,64,2
0,,0.8107396364212036,0.5508455621509046,[0.88989461 0.4690324  0.29360967],0.5415807512658212,[0.90374261 0.42205474 0.2989449 ],0.5642346370823192,[0.8764646  0.52777778 0.28846154],,0.8042599558830261,0.5427070977727078,[0.88498386 0.47723133 0.2659061 ],0.5335781862727396,[0.90120668 0.41974949 0.27977839],0.5585446625841028,[0.86933479 0.55295472 0.25334448],20,3,5,6,15,3,umap,16,12,['time_encoding'],['z_score'],True,True,384,1,True,signature,10,1,384,"(128, 128)",0.1,0.0005,1,focal,2,True,5,Conv1d,,concatenation,64,3
0,,0.8049344420433044,0.5476059621469386,[0.88602834 0.4598978  0.29689175],0.5337330331992568,[0.90262271 0.41649899 0.28207739],0.5655914620050772,[0.87003311 0.51339286 0.31334842],,0.7999666333198547,0.5442991729700875,[0.88220704 0.47322913 0.27746135],0.5299255584403325,[0.9020237  0.41754695 0.27020602],0.5648023330196444,[0.86324236 0.54604758 0.28511706],20,3,5,6,15,3,umap,16,12,['time_encoding'],['z_score'],True,True,384,1,True,signature,10,1,384,"(128, 128)",0.1,0.0005,12,focal,2,True,5,Conv1d,,concatenation,64,3
0,,0.8195011615753174,0.5542520947716548,[0.89607435 0.48049773 0.28618421],0.5479238395823084,[0.90194181 0.46417013 0.27765957],0.5611824907695574,[0.89028273 0.49801587 0.29524887],,0.8121795654296875,0.5486269137666887,[0.89052337 0.48939993 0.26595745],0.5400710423940597,[0.89966133 0.46013514 0.26041667],0.5586494543874941,[0.88156917 0.52264006 0.27173913],20,3,5,6,15,3,umap,16,12,['time_encoding'],['z_score'],True,True,384,1,True,signature,10,1,384,"(128, 128)",0.1,0.0005,123,focal,2,True,5,Conv1d,,concatenation,64,3
0,,0.8041818737983704,0.547742941095798,[0.88511274 0.46840149 0.28971459],0.5329745402300746,[0.90360886 0.41885022 0.27646454],0.5676357590922257,[0.86735863 0.53125    0.30429864],,0.7969238758087158,0.5402585677635624,[0.8802251  0.46936416 0.27118644],0.5251825843758451,[0.90145379 0.41200348 0.26209048],0.5620632768014854,[0.85997325 0.54528012 0.28093645],20,3,5,6,15,3,umap,16,12,['time_encoding'],['z_score'],True,True,384,1,True,signature,10,1,384,"(128, 128)",0.1,0.0003,1,focal,2,True,5,Conv1d,,concatenation,64,4
0,,0.8073532581329346,0.5489636883730004,[0.88787614 0.45675057 0.30226435],0.5360867799539587,[0.9015425  0.42395922 0.28275862],0.5647727492536608,[0.87461793 0.49503968 0.32466063],,0.8033429384231567,0.5464013323372282,[0.88467455 0.4754042  0.27912525],0.5326865124951033,[0.90115084 0.430798   0.26611069],0.5641942848210585,[0.86878994 0.53031466 0.29347826],20,3,5,6,15,3,umap,16,12,['time_encoding'],['z_score'],True,True,384,1,True,signature,10,1,384,"(128, 128)",0.1,0.0003,12,focal,2,True,5,Conv1d,,concatenation,64,4
0,,0.8129434585571289,0.5508590422506153,[0.89163608 0.47053299 0.29040806],0.5405278345051693,[0.90167991 0.44672314 0.27318046],0.562930703780918,[0.88181355 0.49702381 0.30995475],,0.8029261231422424,0.5414310378542466,[0.88425774 0.48052396 0.25951141],0.5284099775049872,[0.90002052 0.43617021 0.2490392 ],0.5582866738312899,[0.86903759 0.53491942 0.27090301],20,3,5,6,15,3,umap,16,12,['time_encoding'],['z_score'],True,True,384,1,True,signature,10,1,384,"(128, 128)",0.1,0.0003,123,focal,2,True,5,Conv1d,,concatenation,64,4
0,,0.8052031993865967,0.5022166781987761,[0.88723827 0.43721135 0.18220042],0.5081164853493175,[0.89220863 0.39273015 0.23941068],0.5074791180410579,[0.88232298 0.49305556 0.14705882],,0.7989662885665894,0.4976123198724796,[0.883063   0.44151999 0.16825397],0.5022361888244288,[0.89119249 0.38640944 0.22910663],0.5076630325004117,[0.87508049 0.51496546 0.13294314],20,3,5,6,15,3,umap,16,12,['time_encoding'],['z_score'],True,True,384,1,True,signature,10,1,384,"(128, 128)",0.1,0.0001,1,focal,2,True,5,Conv1d,,concatenation,64,5
0,,0.792087733745575,0.5020309684104967,[0.87886063 0.42865992 0.19857236],0.49862790933696005,[0.89583333 0.36717368 0.23287671],0.5168256596236729,[0.8625191  0.51488095 0.17307692],,0.7907965779304504,0.5127882956660801,[0.87718587 0.44914463 0.21203438],0.5076525409552017,[0.89812652 0.37761506 0.24721604],0.5323080345306576,[0.85719947 0.55410591 0.18561873],20,3,5,6,15,3,umap,16,12,['time_encoding'],['z_score'],True,True,384,1,True,signature,10,1,384,"(128, 128)",0.1,0.0001,12,focal,2,True,5,Conv1d,,concatenation,64,5
0,,0.8201462030410767,0.5249639604796258,[0.89674673 0.45243514 0.22571001],0.5484703435224393,[0.89481359 0.41799832 0.33259912],0.5208527558303562,[0.89868823 0.49305556 0.17081448],,0.8111792206764221,0.5139421284144613,[0.89072749 0.45902743 0.19207147],0.5304799480048298,[0.89361384 0.40875037 0.28907563],0.5183599852427957,[0.88785973 0.52340752 0.14381271],20,3,5,6,15,3,umap,16,12,['time_encoding'],['z_score'],True,True,384,1,True,signature,10,1,384,"(128, 128)",0.1,0.0001,123,focal,2,True,5,Conv1d,,concatenation,64,5
0,,0.8083208203315735,0.5410159127391734,[0.88850174 0.45836109 0.2761849 ],0.5338297403140725,[0.90047083 0.41495778 0.28606061],0.5519065836557071,[0.87684666 0.51190476 0.26696833],,0.8040098547935486,0.5394540280348258,[0.88545546 0.46588629 0.26702034],0.5320226508664844,[0.89990282 0.41286307 0.28330206],0.5528362356843867,[0.87146466 0.53453569 0.25250836],20,3,5,6,15,3,umap,16,12,['time_encoding'],['z_score'],True,True,384,1,True,signature,10,1,384,"(512, 512)",0.1,0.0005,1,focal,2,True,5,Conv1d,,concatenation,64,6
0,,0.7889163494110107,0.5364514442525461,[0.87562777 0.44496687 0.28875969],0.5156840649434128,[0.90359732 0.3909125  0.25254237],0.5676036227872029,[0.84933775 0.51636905 0.33710407],,0.7853361964225769,0.5364743997682195,[0.87283533 0.46279108 0.27379679],0.514849395322719,[0.90391044 0.4019802  0.23865755],0.5700587342216188,[0.84382585 0.54528012 0.32107023],20,3,5,6,15,3,umap,16,12,['time_encoding'],['z_score'],True,True,384,1,True,signature,10,1,384,"(512, 512)",0.1,0.0005,12,focal,2,True,5,Conv1d,,concatenation,64,6
0,,0.8038594126701355,0.5442812683428184,[0.88550804 0.44528135 0.30205441],0.5331537939496871,[0.90052011 0.40232186 0.29661941],0.5590641652313838,[0.87098828 0.4985119  0.30769231],,0.7977575063705444,0.5393672324344099,[0.88142023 0.45957304 0.27710843],0.5253211048690015,[0.90043402 0.40891415 0.26661515],0.5587376923022437,[0.86319283 0.52455871 0.28846154],20,3,5,6,15,3,umap,16,12,['time_encoding'],['z_score'],True,True,384,1,True,signature,10,1,384,"(512, 512)",0.1,0.0005,123,focal,2,True,5,Conv1d,,concatenation,64,6
0,,0.8054719567298889,0.537213618012624,[0.88682842 0.45058076 0.27423168],0.5302666085976467,[0.90005902 0.40361209 0.28712871],0.5487817417112314,[0.87398115 0.50992063 0.26244344],,0.80146723985672,0.5374931398370429,[0.88343218 0.46891361 0.26013363],0.5292112059762742,[0.90054538 0.4087279  0.27836034],0.5536630973948505,[0.86695725 0.54988488 0.24414716],20,3,5,6,15,3,umap,16,12,['time_encoding'],['z_score'],True,True,384,1,True,signature,10,1,384,"(512, 512)",0.1,0.0003,1,focal,2,True,5,Conv1d,,concatenation,64,7
0,,0.8028918504714966,0.5409198797019822,[0.88503141 0.44986571 0.28786251],0.5281286001452047,[0.90048768 0.40986949 0.27402863],0.5572587054009921,[0.87009679 0.4985119  0.30316742],,0.8029677867889404,0.5452189023699383,[0.8845194  0.47026564 0.28087167],0.5323220747017595,[0.90061602 0.42489935 0.27145086],0.5621451074702113,[0.86898806 0.52647736 0.2909699 ],20,3,5,6,15,3,umap,16,12,['time_encoding'],['z_score'],True,True,384,1,True,signature,10,1,384,"(512, 512)",0.1,0.0003,12,focal,2,True,5,Conv1d,,concatenation,64,7
0,,0.7947753071784973,0.543740209445902,[0.8787839  0.47093266 0.28150407],0.523232382451427,[0.90707605 0.40708604 0.25553506],0.574694474212394,[0.85220326 0.55853175 0.31334842],,0.7901296615600586,0.5448334557299596,[0.87495827 0.48987918 0.26966292],0.5223849397140722,[0.90853333 0.41438811 0.24423338],0.5812606535649989,[0.84377631 0.5990023  0.30100334],20,3,5,6,15,3,umap,16,12,['time_encoding'],['z_score'],True,True,384,1,True,signature,10,1,384,"(512, 512)",0.1,0.0003,123,focal,2,True,5,Conv1d,,concatenation,64,7
0,,0.8038594126701355,0.5350725747238206,[0.88515352 0.46350444 0.25655977],0.5255979350013139,[0.90067229 0.41138024 0.26474128],0.5499277384016379,[0.87016047 0.53075397 0.24886878],,0.7988829016685486,0.538595763172348,[0.88182761 0.4633355  0.27062418],0.5285616109173032,[0.90123074 0.40134907 0.28310502],0.5568019719627916,[0.86324236 0.54796623 0.25919732],20,3,5,6,15,3,umap,16,12,['time_encoding'],['z_score'],True,True,384,1,True,signature,10,1,384,"(512, 512)",0.1,0.0001,1,focal,2,True,5,Conv1d,,concatenation,64,8
0,,0.8100945949554443,0.5488819222015083,[0.89037252 0.45595376 0.30031949],0.5376082671296135,[0.9020979  0.42702469 0.28370221],0.5623466217301433,[0.87894804 0.4890873  0.31900452],,0.801550567150116,0.5440604824026863,[0.88356959 0.4708124  0.27779945],0.5299090582196716,[0.90019016 0.42911272 0.26042429],0.5622331239135162,[0.86755164 0.52148887 0.29765886],20,3,5,6,15,3,umap,16,12,['time_encoding'],['z_score'],True,True,384,1,True,signature,10,1,384,"(512, 512)",0.1,0.0001,12,focal,2,True,5,Conv1d,,concatenation,64,8
0,,0.8106858730316162,0.5472056126442777,[0.88954259 0.47372992 0.27834433],0.5402956057345132,[0.903355   0.42123552 0.2962963 ],0.5599200928744169,[0.8761462  0.54117063 0.26244344],,0.8043016195297241,0.5354236361648391,[0.88520543 0.47520259 0.24586288],0.5316359774492914,[0.90065614 0.41133558 0.28291621],0.550071721130839,[0.87027589 0.56254797 0.2173913 ],20,3,5,6,15,3,umap,16,12,['time_encoding'],['z_score'],True,True,384,1,True,signature,10,1,384,"(512, 512)",0.1,0.0001,123,focal,2,True,5,Conv1d,,concatenation,64,8
0,,0.8085895776748657,0.5538952379984748,[0.88790608 0.48249523 0.2912844 ],0.5414062866073904,[0.90729049 0.42157953 0.29534884],0.5735503553603475,[0.86933265 0.5639881  0.28733032],,0.8035096526145935,0.5511476311762012,[0.88438998 0.48678096 0.28227194],0.5383841273735247,[0.90649053 0.41788171 0.29078014],0.5734915212299087,[0.86334142 0.58288565 0.27424749],20,3,5,6,15,3,umap,16,10,['time_encoding'],['z_score'],True,True,384,1,True,signature,5,1,384,"(32, 32)",0.1,0.0005,1,focal,2,True,5,Conv1d,,concatenation,64,9
0,,0.8077295422554016,0.5519125399702808,[0.88759665 0.47354949 0.29459148],0.5404023294915218,[0.90602202 0.41541916 0.29976581],0.5700312515904647,[0.86990576 0.55059524 0.28959276],,0.7983826994895935,0.5484436517536513,[0.88051723 0.47823364 0.28658009],0.5355959053522584,[0.90569199 0.40396825 0.29712747],0.5731384953339022,[0.85670415 0.58595549 0.27675585],20,3,5,6,15,3,umap,16,10,['time_encoding'],['z_score'],True,True,384,1,True,signature,5,1,384,"(32, 32)",0.1,0.0005,12,focal,2,True,5,Conv1d,,concatenation,64,9
0,,0.8113309144973755,0.55634662605981,[0.88991806 0.48246594 0.29665588],0.5426137224532157,[0.90549002 0.438846   0.28350515],0.5738909674924478,[0.87487264 0.53571429 0.31108597],,0.8066357970237732,0.5545741090816787,[0.88589248 0.4925826  0.28524724],0.5406059814909702,[0.90357474 0.43926639 0.27897682],0.5737747786625264,[0.868889   0.56062932 0.29180602],20,3,5,6,15,3,umap,16,10,['time_encoding'],['z_score'],True,True,384,1,True,signature,5,1,384,"(32, 32)",0.1,0.0005,123,focal,2,True,5,Conv1d,,concatenation,64,9
0,,0.8225650191307068,0.5314015974354482,[0.8975173  0.46323024 0.23345725],0.5553066719708221,[0.89496011 0.43039591 0.34056399],0.5263930181513937,[0.90008915 0.5014881  0.17760181],,0.8183485269546509,0.5330356778363192,[0.89492215 0.47064864 0.23353625],0.5553518477103692,[0.895944   0.42477603 0.34533552],0.5326508581407231,[0.89390262 0.52762855 0.1764214 ],20,3,5,6,15,3,umap,16,10,['time_encoding'],['z_score'],True,True,384,1,True,signature,5,1,384,"(32, 32)",0.1,0.0003,1,focal,2,True,5,Conv1d,,concatenation,64,10
0,,0.8092883229255676,0.5364130618637949,[0.88927536 0.45464481 0.26531901],0.535495351580587,[0.89964812 0.40640875 0.30042918],0.544189549935557,[0.87913907 0.51587302 0.23755656],,0.8035930395126343,0.5372286143225652,[0.88481003 0.46538837 0.26148745],0.5350106449215174,[0.89978492 0.40360767 0.30163934],0.5501986022316786,[0.87032542 0.54950115 0.23076923],20,3,5,6,15,3,umap,16,10,['time_encoding'],['z_score'],True,True,384,1,True,signature,5,1,384,"(32, 32)",0.1,0.0003,12,focal,2,True,5,Conv1d,,concatenation,64,10
0,,0.8085358142852783,0.5363744766793966,[0.88834435 0.46662231 0.25415677],0.5297422765019131,[0.89974528 0.42198155 0.2675    ],0.5470451921075217,[0.87722873 0.5218254  0.24208145],,0.8044266700744629,0.5279907700242955,[0.88533816 0.47609627 0.22253788],0.5240611273926691,[0.89829212 0.41734104 0.25655022],0.5411155642444276,[0.87275249 0.55410591 0.19648829],20,3,5,6,15,3,umap,16,10,['time_encoding'],['z_score'],True,True,384,1,True,signature,5,1,384,"(32, 32)",0.1,0.0003,123,focal,2,True,5,Conv1d,,concatenation,64,10
0,,0.8176736235618591,0.45843320131855525,[0.89680337 0.38573186 0.09276438],0.5063849231203625,[0.87879714 0.38262567 0.25773196],0.45367096292300807,[0.91556291 0.38888889 0.05656109],,0.8131382465362549,0.46496467920422635,[0.89333301 0.42341533 0.0781457 ],0.4892725936709805,[0.88201217 0.39790753 0.18789809],0.46889894696680207,[0.90494824 0.4524175  0.0493311 ],20,3,5,6,15,3,umap,16,10,['time_encoding'],['z_score'],True,True,384,1,True,signature,5,1,384,"(32, 32)",0.1,0.0001,1,focal,2,True,5,Conv1d,,concatenation,64,11
0,,0.8075682520866394,0.4810740993269123,[0.88999084 0.39817044 0.15506102],0.49397541277311574,[0.88293539 0.3868101  0.21218075],0.47651671963855446,[0.89715996 0.41021825 0.12217195],,0.8025092482566833,0.4720101367971423,[0.88632774 0.41884817 0.1108545 ],0.48215329967884374,[0.8832325  0.38412292 0.17910448],0.4767293768957153,[0.88944475 0.46047583 0.08026756],20,3,5,6,15,3,umap,16,10,['time_encoding'],['z_score'],True,True,384,1,True,signature,5,1,384,"(32, 32)",0.1,0.0001,12,focal,2,True,5,Conv1d,,concatenation,64,11
0,,0.8052569627761841,0.4921095327620513,[0.88756187 0.43426029 0.15450644],0.49800983191087494,[0.89020562 0.39370714 0.21011673],0.49707756822092625,[0.88493377 0.48412698 0.12217195],,0.805510401725769,0.4945288661680866,[0.88775738 0.44328684 0.15254237],0.506618758972424,[0.89034476 0.39431988 0.23519164],0.501400311193714,[0.885185   0.50613968 0.11287625],20,3,5,6,15,3,umap,16,10,['time_encoding'],['z_score'],True,True,384,1,True,signature,5,1,384,"(32, 32)",0.1,0.0001,123,focal,2,True,5,Conv1d,,concatenation,64,11
0,,0.810793399810791,0.5428444029424702,[0.88997586 0.45973381 0.27882353],0.5372181192909978,[0.89961616 0.42159702 0.29044118],0.5513652955097248,[0.88053999 0.50545635 0.26809955],,0.808469831943512,0.5479571084135896,[0.88801749 0.47601476 0.27983907],0.5416658936993551,[0.90150046 0.42282479 0.30067243],0.5603834141031152,[0.87493189 0.54451266 0.26170569],20,3,5,6,15,3,umap,16,10,['time_encoding'],['z_score'],True,True,384,1,True,signature,5,1,384,"(128, 128)",0.1,0.0005,1,focal,2,True,5,Conv1d,,concatenation,64,12
0,,0.805955708026886,0.5429280572258627,[0.88731803 0.45117688 0.29028926],0.5307744342598074,[0.89971853 0.42549451 0.26711027],0.5577622485004643,[0.87525471 0.48015873 0.3178733 ],,0.8041349053382874,0.5465361133579353,[0.88535401 0.47122807 0.28302626],0.5334989442131935,[0.90001023 0.43406593 0.26642066],0.5627853754943366,[0.87116747 0.51534919 0.30183946],20,3,5,6,15,3,umap,16,10,['time_encoding'],['z_score'],True,True,384,1,True,signature,5,1,384,"(128, 128)",0.1,0.0005,12,focal,2,True,5,Conv1d,,concatenation,64,12
0,,0.8034831285476685,0.5513424236383302,[0.88422562 0.47269625 0.29710541],0.5357774132193965,[0.90543877 0.41467066 0.28722281],0.5737597269054223,[0.8639837  0.54960317 0.30769231],,0.7950481176376343,0.5407691728062393,[0.87866194 0.48532227 0.25832331],0.5229939785977522,[0.9053699  0.41534681 0.24826523],0.5687894827494908,[0.85348457 0.58365311 0.26923077],20,3,5,6,15,3,umap,16,10,['time_encoding'],['z_score'],True,True,384,1,True,signature,5,1,384,"(128, 128)",0.1,0.0005,123,focal,2,True,5,Conv1d,,concatenation,64,12
0,,0.8035368919372559,0.5489591235956298,[0.88508701 0.46672543 0.29506494],0.5324378494032281,[0.90459411 0.41990484 0.2728146 ],0.5709893504863314,[0.86640346 0.52529762 0.32126697],,0.7975490689277649,0.5497125083159221,[0.88018738 0.48178269 0.28716745],0.531175330570446,[0.9055477  0.41812535 0.26985294],0.5771229759747396,[0.85620883 0.56830391 0.30685619],20,3,5,6,15,3,umap,16,10,['time_encoding'],['z_score'],True,True,384,1,True,signature,5,1,384,"(128, 128)",0.1,0.0003,1,focal,2,True,5,Conv1d,,concatenation,64,13
0,,0.8095033168792725,0.5529839581049797,[0.88929114 0.46382784 0.3058329 ],0.5397702749920787,[0.90303945 0.43069728 0.28557409],0.5692069499164357,[0.87595517 0.50248016 0.32918552],,0.8033846020698547,0.5500808425777008,[0.88405468 0.48409593 0.28209192],0.5350369416228627,[0.90226921 0.43476932 0.26807229],0.5700891479805824,[0.866561   0.54604758 0.29765886],20,3,5,6,15,3,umap,16,10,['time_encoding'],['z_score'],True,True,384,1,True,signature,5,1,384,"(128, 128)",0.1,0.0003,12,focal,2,True,5,Conv1d,,concatenation,64,13
0,,0.8073532581329346,0.5472898383032113,[0.88755787 0.46998208 0.28432956],0.5342082930236352,[0.90278601 0.42851307 0.2713258 ],0.5639382606781321,[0.87283495 0.5203373  0.29864253],,0.8031761646270752,0.5456198868194009,[0.88399687 0.48111466 0.27174814],0.532793142795155,[0.90145196 0.42763354 0.26929392],0.563779095416445,[0.86720491 0.54988488 0.27424749],20,3,5,6,15,3,umap,16,10,['time_encoding'],['z_score'],True,True,384,1,True,signature,5,1,384,"(128, 128)",0.1,0.0003,123,focal,2,True,5,Conv1d,,concatenation,64,13
0,,0.8172973394393921,0.531093358583982,[0.89477205 0.44763206 0.25087596],0.5462282083545346,[0.89531399 0.41372054 0.32965009],0.528106221120927,[0.89423077 0.48759921 0.20248869],,0.814180314540863,0.5390724526889162,[0.89172355 0.46878681 0.256707  ],0.5535425597318245,[0.89708757 0.41744082 0.34609929],0.5416574548731975,[0.8864233  0.53453569 0.20401338],20,3,5,6,15,3,umap,16,10,['time_encoding'],['z_score'],True,True,384,1,True,signature,5,1,384,"(128, 128)",0.1,0.0001,1,focal,2,True,5,Conv1d,,concatenation,64,14
0,,0.8109546303749084,0.5337677813274153,[0.89046686 0.45311131 0.25772518],0.5373990661483828,[0.89869641 0.40580848 0.30769231],0.5390009784974725,[0.88238665 0.51289683 0.22171946],,0.8030094504356384,0.5327439363424709,[0.88480121 0.46089069 0.25253991],0.5325348608404293,[0.89923789 0.39871112 0.29965557],0.5450319170735236,[0.87082074 0.54604758 0.21822742],20,3,5,6,15,3,umap,16,10,['time_encoding'],['z_score'],True,True,384,1,True,signature,5,1,384,"(128, 128)",0.1,0.0001,12,focal,2,True,5,Conv1d,,concatenation,64,14
0,,0.816813588142395,0.5336315095279989,[0.89384902 0.47218045 0.23486506],0.5491386104350322,[0.90037473 0.41644562 0.33059548],0.5382276014215048,[0.88741722 0.54513889 0.1821267 ],,0.8094285130500793,0.5273500294156495,[0.88916164 0.4719897  0.22089875],0.5397736283765412,[0.89941218 0.40654465 0.31336406],0.5374195450642336,[0.87914211 0.56254797 0.17056856],20,3,5,6,15,3,umap,16,10,['time_encoding'],['z_score'],True,True,384,1,True,signature,5,1,384,"(128, 128)",0.1,0.0001,123,focal,2,True,5,Conv1d,,concatenation,64,14
0,,0.813319742679596,0.5415125158882884,[0.89241397 0.44385542 0.28826816],0.537593248505838,[0.89642765 0.43158388 0.28476821],0.5457121696530539,[0.88843607 0.45684524 0.2918552 ],,0.8143470287322998,0.5449343543222999,[0.89255952 0.46959397 0.27264957],0.5419579109200856,[0.89655172 0.45047585 0.27884615],0.5485772887050676,[0.8886027  0.49040675 0.26672241],20,3,5,6,15,3,umap,16,10,['time_encoding'],['z_score'],True,True,384,1,True,signature,5,1,384,"(512, 512)",0.1,0.0005,1,focal,2,True,5,Conv1d,,concatenation,64,15
0,,0.8096108436584473,0.5464831187552837,[0.88952553 0.45084825 0.29907558],0.5371738987891023,[0.89942716 0.42413642 0.28795812],0.5573587659436899,[0.87983953 0.48115079 0.31108597],,0.8064690828323364,0.542143330439572,[0.88735954 0.45663082 0.28243962],0.5339353508721767,[0.89676277 0.42837929 0.27666399],0.5518282804372561,[0.87815147 0.48887183 0.28846154],20,3,5,6,15,3,umap,16,10,['time_encoding'],['z_score'],True,True,384,1,True,signature,5,1,384,"(512, 512)",0.1,0.0005,12,focal,2,True,5,Conv1d,,concatenation,64,15
0,,0.7992367148399353,0.5455289741715887,[0.88214169 0.46209695 0.29234828],0.528272474790045,[0.90513198 0.40569929 0.27398615],0.570115045791906,[0.86029037 0.53670635 0.31334842],,0.7897961735725403,0.540229296594345,[0.87583335 0.46248383 0.28237071],0.5204275040928291,[0.90421941 0.39966462 0.25739849],0.5702060050193926,[0.84917529 0.54873369 0.31270903],20,3,5,6,15,3,umap,16,10,['time_encoding'],['z_score'],True,True,384,1,True,signature,5,1,384,"(512, 512)",0.1,0.0005,123,focal,2,True,5,Conv1d,,concatenation,64,15
0,,0.8011717796325684,0.5430540590622649,[0.88359375 0.46170442 0.283864  ],0.5279342066111562,[0.90383591 0.40855288 0.27141383],0.5641678970223964,[0.86423841 0.53075397 0.29751131],,0.7982159852981567,0.5441334997477244,[0.88120621 0.47469287 0.27650141],0.5282591345213613,[0.90373301 0.41411832 0.26692607],0.5675296604792123,[0.85977513 0.55602456 0.2867893 ],20,3,5,6,15,3,umap,16,10,['time_encoding'],['z_score'],True,True,384,1,True,signature,5,1,384,"(512, 512)",0.1,0.0003,1,focal,2,True,5,Conv1d,,concatenation,64,16
0,,0.8063856959342957,0.5443554326614501,[0.88780993 0.45908273 0.28617363],0.531514660792325,[0.90283081 0.41981908 0.27189409],0.5605884348701841,[0.87328069 0.50644841 0.3020362 ],,0.8005502223968506,0.5439308650298326,[0.88274538 0.4730488  0.27599842],0.5292157264632826,[0.9010989  0.42473282 0.26181545],0.5635662733407082,[0.86512457 0.53376823 0.29180602],20,3,5,6,15,3,umap,16,10,['time_encoding'],['z_score'],True,True,384,1,True,signature,5,1,384,"(512, 512)",0.1,0.0003,12,focal,2,True,5,Conv1d,,concatenation,64,16
0,,0.8039131164550781,0.5508274940766494,[0.88465174 0.47331787 0.29451288],0.5364800400505073,[0.90612272 0.41174312 0.29157428],0.5727445546056765,[0.86417473 0.55654762 0.29751131],,0.7982993721961975,0.5448681821515237,[0.88127668 0.47768944 0.27563843],0.528735513055107,[0.90486876 0.41383188 0.2675059 ],0.5693382774199941,[0.85888355 0.56485035 0.28428094],20,3,5,6,15,3,umap,16,10,['time_encoding'],['z_score'],True,True,384,1,True,signature,5,1,384,"(512, 512)",0.1,0.0003,123,focal,2,True,5,Conv1d,,concatenation,64,16
0,,0.8038594126701355,0.544546316634308,[0.88510638 0.4637868  0.28474576],0.5323299479626491,[0.90338837 0.4091771  0.28442438],0.5626119320485312,[0.86754967 0.53521825 0.28506787],,0.7993414402008057,0.5424943218130804,[0.88176078 0.4770404  0.26868178],0.5287995806140676,[0.90331463 0.41326961 0.2698145 ],0.5642843216403721,[0.86121155 0.56408289 0.26755853],20,3,5,6,15,3,umap,16,10,['time_encoding'],['z_score'],True,True,384,1,True,signature,5,1,384,"(512, 512)",0.1,0.0001,1,focal,2,True,5,Conv1d,,concatenation,64,17
0,,0.8068157434463501,0.5529465633342011,[0.88717166 0.47353138 0.29813665],0.5368654278046375,[0.9050679  0.43071922 0.27480916],0.5738516468454139,[0.86996943 0.52579365 0.32579186],,0.800258457660675,0.5471274600900876,[0.88270901 0.47766265 0.28101072],0.5302970050923956,[0.90318234 0.42852789 0.25918079],0.5698412193753205,[0.8631433  0.53952417 0.30685619],20,3,5,6,15,3,umap,16,10,['time_encoding'],['z_score'],True,True,384,1,True,signature,5,1,384,"(512, 512)",0.1,0.0001,12,focal,2,True,5,Conv1d,,concatenation,64,17
0,,0.8048269152641296,0.5462052642586704,[0.88635995 0.4637747  0.28848114],0.5310521810304317,[0.9028998  0.42773356 0.26252319],0.5656664467167973,[0.87041518 0.50644841 0.32013575],,0.7965487241744995,0.5436509918663385,[0.87997971 0.47199046 0.2789828 ],0.5260494903711279,[0.90153798 0.42424242 0.25236806],0.5677169630669971,[0.8594284  0.53184958 0.31187291],20,3,5,6,15,3,umap,16,10,['time_encoding'],['z_score'],True,True,384,1,True,signature,5,1,384,"(512, 512)",0.1,0.0001,123,focal,2,True,5,Conv1d,,concatenation,64,17
